ISO-10303-21;
HEADER;
/* Generated by software containing ST-Developer
 * from STEP Tools, Inc. (www.steptools.com) 
 */

FILE_DESCRIPTION(
/* description */ (''),
/* implementation_level */ '2;1');

FILE_NAME(
/* name */ 'MacropadCase.step',
/* time_stamp */ '2026-03-31T23:56:33+02:00',
/* author */ (''),
/* organization */ (''),
/* preprocessor_version */ 'ST-DEVELOPER v20.1',
/* originating_system */ 'Autodesk Translation Framework v14.24.0.0',
/* authorisation */ '');

FILE_SCHEMA (('AUTOMOTIVE_DESIGN { 1 0 10303 214 3 1 1 }'));
ENDSEC;

DATA;
#10=MECHANICAL_DESIGN_GEOMETRIC_PRESENTATION_REPRESENTATION('',(#299,#300,
#301),#15454);
#11=SHAPE_REPRESENTATION_RELATIONSHIP('SRR','None',#15464,#12);
#12=ADVANCED_BREP_SHAPE_REPRESENTATION('',(#302,#303,#304),#15452);
#13=ITEM_DEFINED_TRANSFORMATION($,$,#8461,#9221);
#14=(
REPRESENTATION_RELATIONSHIP($,$,#15465,#15464)
REPRESENTATION_RELATIONSHIP_WITH_TRANSFORMATION(#13)
SHAPE_REPRESENTATION_RELATIONSHIP()
);
#15=CONTEXT_DEPENDENT_SHAPE_REPRESENTATION(#14,#15463);
#16=NEXT_ASSEMBLY_USAGE_OCCURRENCE('MacropadCase v1:1',
'MacropadCase v1:1','MacropadCase v1:1',#15467,#15468,
'MacropadCase v1:1');
#17=TOROIDAL_SURFACE('',#8675,3.5,1.);
#18=TOROIDAL_SURFACE('',#8725,3.,1.5);
#19=ELLIPSE('',#8566,3.53553390593274,2.5);
#20=ELLIPSE('',#8568,3.53553390593274,2.5);
#21=ELLIPSE('',#8570,3.53553390593274,2.5);
#22=ELLIPSE('',#8572,3.53553390593273,2.5);
#23=ELLIPSE('',#8574,2.74041251038053,2.5);
#24=ELLIPSE('',#8578,2.74037468343174,2.5);
#25=B_SPLINE_CURVE_WITH_KNOTS('',3,(#11791,#11792,#11793,#11794,#11795,
#11796,#11797,#11798,#11799,#11800,#11801,#11802,#11803,#11804,#11805,#11806,
#11807,#11808,#11809,#11810,#11811,#11812,#11813,#11814,#11815,#11816,#11817,
#11818,#11819,#11820,#11821,#11822,#11823,#11824,#11825,#11826,#11827,#11828,
#11829,#11830,#11831,#11832,#11833,#11834,#11835,#11836),.UNSPECIFIED.,
 .F.,.F.,(4,3,3,3,3,3,3,3,3,3,3,3,3,3,3,4),(0.,0.105785482207602,0.211567645994871,
0.317346722922096,0.423122944478406,0.528896542087054,0.63466774711064,
0.740436790856478,0.846225275921708,0.952006961883482,1.05778277498692,
1.163553640929,1.26934104669163,1.37511605811796,1.48090136680672,1.5707963270958),
 .UNSPECIFIED.);
#26=B_SPLINE_CURVE_WITH_KNOTS('',3,(#11851,#11852,#11853,#11854,#11855,
#11856,#11857,#11858,#11859,#11860,#11861,#11862,#11863,#11864,#11865,#11866,
#11867,#11868,#11869,#11870,#11871,#11872,#11873,#11874,#11875,#11876,#11877,
#11878,#11879,#11880,#11881,#11882,#11883,#11884,#11885,#11886,#11887,#11888,
#11889,#11890,#11891,#11892,#11893,#11894,#11895,#11896),.UNSPECIFIED.,
 .F.,.F.,(4,3,3,3,3,3,3,3,3,3,3,3,3,3,3,4),(0.,0.105785482190642,0.211567645960951,
0.317346722871211,0.423122944410563,0.528896542002231,0.63466774700888,
0.740436790737752,0.84622527578603,0.952006961730856,1.05778277481732,1.16355364074245,
1.26934104648812,1.37511605789751,1.48090136656931,1.57079632684397),
 .UNSPECIFIED.);
#27=B_SPLINE_CURVE_WITH_KNOTS('',3,(#11917,#11918,#11919,#11920,#11921,
#11922,#11923,#11924,#11925,#11926,#11927,#11928,#11929,#11930,#11931,#11932,
#11933,#11934,#11935,#11936,#11937,#11938,#11939,#11940,#11941,#11942,#11943,
#11944,#11945,#11946,#11947,#11948,#11949,#11950,#11951,#11952,#11953,#11954,
#11955,#11956,#11957,#11958,#11959,#11960,#11961,#11962),.UNSPECIFIED.,
 .F.,.F.,(4,3,3,3,3,3,3,3,3,3,3,3,3,3,3,4),(0.,0.105785482190639,0.211567645960941,
0.317346722871207,0.42312294441056,0.528896542002236,0.634667747008875,
0.74043679073776,0.846225275786032,0.95200696173086,1.05778277481733,1.16355364074248,
1.26934104648816,1.37511605789753,1.48090136656934,1.57079632684424),
 .UNSPECIFIED.);
#28=B_SPLINE_CURVE_WITH_KNOTS('',3,(#12448,#12449,#12450,#12451,#12452,
#12453),.UNSPECIFIED.,.F.,.F.,(4,2,4),(0.,0.0370025248723657,0.0710502048933195),
 .UNSPECIFIED.);
#29=B_SPLINE_CURVE_WITH_KNOTS('',3,(#12457,#12458,#12459,#12460,#12461,
#12462),.UNSPECIFIED.,.F.,.F.,(4,2,4),(-0.102931105279558,-0.0554999544300079,
0.),.UNSPECIFIED.);
#30=B_SPLINE_CURVE_WITH_KNOTS('',3,(#12470,#12471,#12472,#12473,#12474,
#12475),.UNSPECIFIED.,.F.,.F.,(4,2,4),(-0.060927560050844,-0.0376208319742246,
-0.010822943761997),.UNSPECIFIED.);
#31=B_SPLINE_CURVE_WITH_KNOTS('',3,(#12481,#12482,#12483,#12484,#12485,
#12486),.UNSPECIFIED.,.F.,.F.,(4,2,4),(-0.065119294709825,-0.0386719665999437,
-0.014839607850647),.UNSPECIFIED.);
#32=B_SPLINE_CURVE_WITH_KNOTS('',3,(#12492,#12493,#12494,#12495,#12496,
#12497),.UNSPECIFIED.,.F.,.F.,(4,2,4),(-0.0710502048933136,-0.0370025248723657,
0.),.UNSPECIFIED.);
#33=B_SPLINE_CURVE_WITH_KNOTS('',3,(#12500,#12501,#12502,#12503,#12504,
#12505),.UNSPECIFIED.,.F.,.F.,(4,2,4),(0.,0.0554999544300081,0.102931105279558),
 .UNSPECIFIED.);
#34=B_SPLINE_CURVE_WITH_KNOTS('',3,(#12514,#12515,#12516,#12517),
 .UNSPECIFIED.,.F.,.F.,(4,4),(0.,0.0251128369533313),.UNSPECIFIED.);
#35=B_SPLINE_CURVE_WITH_KNOTS('',3,(#12519,#12520,#12521,#12522,#12523,
#12524),.UNSPECIFIED.,.F.,.F.,(4,2,4),(0.,0.0370025248723657,0.0710502048933194),
 .UNSPECIFIED.);
#36=B_SPLINE_CURVE_WITH_KNOTS('',3,(#12528,#12529,#12530,#12531,#12532,
#12533),.UNSPECIFIED.,.F.,.F.,(4,2,4),(-0.0710502048933187,-0.0370025248723649,
0.),.UNSPECIFIED.);
#37=B_SPLINE_CURVE_WITH_KNOTS('',3,(#12535,#12536,#12537,#12538,#12539,
#12540),.UNSPECIFIED.,.F.,.F.,(4,2,4),(0.006936195008507,0.030848402364436,
0.0571994516893507),.UNSPECIFIED.);
#38=B_SPLINE_CURVE_WITH_KNOTS('',3,(#12542,#12543,#12544,#12545,#12546,
#12547),.UNSPECIFIED.,.F.,.F.,(4,2,4),(0.,0.0370025248723657,0.0710502048933196),
 .UNSPECIFIED.);
#39=B_SPLINE_CURVE_WITH_KNOTS('',3,(#12551,#12552,#12553,#12554,#12555,
#12556),.UNSPECIFIED.,.F.,.F.,(4,2,4),(0.,0.0370025248723657,0.0710502048933256),
 .UNSPECIFIED.);
#40=B_SPLINE_CURVE_WITH_KNOTS('',3,(#12558,#12559,#12560,#12561,#12562,
#12563),.UNSPECIFIED.,.F.,.F.,(4,2,4),(-0.0636562473300815,-0.0372868113555334,
-0.0133717192298365),.UNSPECIFIED.);
#41=B_SPLINE_CURVE_WITH_KNOTS('',3,(#12565,#12566,#12567,#12568,#12569,
#12570),.UNSPECIFIED.,.F.,.F.,(4,2,4),(-0.0710502048933199,-0.0370025248723657,
0.),.UNSPECIFIED.);
#42=B_SPLINE_CURVE_WITH_KNOTS('',3,(#12574,#12575,#12576,#12577,#12578,
#12579),.UNSPECIFIED.,.F.,.F.,(4,2,4),(0.,0.0370025248723657,0.0710502048933187),
 .UNSPECIFIED.);
#43=B_SPLINE_CURVE_WITH_KNOTS('',3,(#12581,#12582,#12583,#12584,#12585,
#12586),.UNSPECIFIED.,.F.,.F.,(4,2,4),(-0.0690332234756003,-0.0423626954646298,
-0.0187838115421929),.UNSPECIFIED.);
#44=B_SPLINE_CURVE_WITH_KNOTS('',3,(#12588,#12589,#12590,#12591,#12592,
#12593),.UNSPECIFIED.,.F.,.F.,(4,2,4),(-0.071050204893325,-0.0370025248723657,
0.),.UNSPECIFIED.);
#45=B_SPLINE_CURVE_WITH_KNOTS('',3,(#12597,#12598,#12599,#12600,#12601,
#12602),.UNSPECIFIED.,.F.,.F.,(4,2,4),(0.,0.0370025248723657,0.071050204893319),
 .UNSPECIFIED.);
#46=B_SPLINE_CURVE_WITH_KNOTS('',3,(#12604,#12605,#12606,#12607,#12608,
#12609),.UNSPECIFIED.,.F.,.F.,(4,2,4),(-0.0724402734463122,-0.0460226427895485,
-0.0222466786890007),.UNSPECIFIED.);
#47=B_SPLINE_CURVE_WITH_KNOTS('',3,(#12611,#12612,#12613,#12614,#12615,
#12616),.UNSPECIFIED.,.F.,.F.,(4,2,4),(-0.0710502048933139,-0.0370025248723657,
0.),.UNSPECIFIED.);
#48=B_SPLINE_CURVE_WITH_KNOTS('',3,(#12620,#12621,#12622,#12623,#12624,
#12625),.UNSPECIFIED.,.F.,.F.,(4,2,4),(0.,0.0370025248723657,0.0710502048933178),
 .UNSPECIFIED.);
#49=B_SPLINE_CURVE_WITH_KNOTS('',3,(#12627,#12628,#12629,#12630,#12631,
#12632),.UNSPECIFIED.,.F.,.F.,(4,2,4),(-0.0737781162937844,-0.048036157241944,
-0.0236239082440849),.UNSPECIFIED.);
#50=B_SPLINE_CURVE_WITH_KNOTS('',3,(#12634,#12635,#12636,#12637,#12638,
#12639),.UNSPECIFIED.,.F.,.F.,(4,2,4),(-0.0710502048933252,-0.0370025248723657,
0.),.UNSPECIFIED.);
#51=B_SPLINE_CURVE_WITH_KNOTS('',3,(#12643,#12644,#12645,#12646,#12647,
#12648),.UNSPECIFIED.,.F.,.F.,(4,2,4),(0.,0.0370025248723657,0.0710502048933194),
 .UNSPECIFIED.);
#52=B_SPLINE_CURVE_WITH_KNOTS('',3,(#12650,#12651,#12652,#12653,#12654,
#12655),.UNSPECIFIED.,.F.,.F.,(4,2,4),(-0.0732492063594815,-0.0482800305580713,
-0.0230936065978606),.UNSPECIFIED.);
#53=B_SPLINE_CURVE_WITH_KNOTS('',3,(#12657,#12658,#12659,#12660,#12661,
#12662),.UNSPECIFIED.,.F.,.F.,(4,2,4),(-0.0710502048933196,-0.0370025248723657,
0.),.UNSPECIFIED.);
#54=B_SPLINE_CURVE_WITH_KNOTS('',3,(#12666,#12667,#12668,#12669,#12670,
#12671),.UNSPECIFIED.,.F.,.F.,(4,2,4),(0.,0.0370025248723657,0.0710502048933187),
 .UNSPECIFIED.);
#55=B_SPLINE_CURVE_WITH_KNOTS('',3,(#12673,#12674,#12675,#12676,#12677,
#12678),.UNSPECIFIED.,.F.,.F.,(4,2,4),(-0.0709774951207999,-0.0467337964340468,
-0.0207781241107086),.UNSPECIFIED.);
#56=B_SPLINE_CURVE_WITH_KNOTS('',3,(#12680,#12681,#12682,#12683,#12684,
#12685),.UNSPECIFIED.,.F.,.F.,(4,2,4),(-0.0710502048933192,-0.0370025248723657,
0.),.UNSPECIFIED.);
#57=B_SPLINE_CURVE_WITH_KNOTS('',3,(#12689,#12690,#12691,#12692,#12693,
#12694),.UNSPECIFIED.,.F.,.F.,(4,2,4),(0.,0.0370025248723657,0.0710502048933194),
 .UNSPECIFIED.);
#58=B_SPLINE_CURVE_WITH_KNOTS('',3,(#12696,#12697,#12698,#12699,#12700,
#12701),.UNSPECIFIED.,.F.,.F.,(4,2,4),(-0.0671739776273067,-0.0434779260311174,
-0.0169118012946424),.UNSPECIFIED.);
#59=B_SPLINE_CURVE_WITH_KNOTS('',3,(#12703,#12704,#12705,#12706,#12707,
#12708),.UNSPECIFIED.,.F.,.F.,(4,2,4),(-0.0710502048933192,-0.0370025248723657,
0.),.UNSPECIFIED.);
#60=B_SPLINE_CURVE_WITH_KNOTS('',3,(#12712,#12713,#12714,#12715,#12716,
#12717),.UNSPECIFIED.,.F.,.F.,(4,2,4),(0.,0.0370025248723657,0.0710502048933191),
 .UNSPECIFIED.);
#61=B_SPLINE_CURVE_WITH_KNOTS('',3,(#12719,#12720,#12721,#12722,#12723,
#12724),.UNSPECIFIED.,.F.,.F.,(4,2,4),(-0.062122031105132,-0.0387131969615578,
-0.0118185416503563),.UNSPECIFIED.);
#62=B_SPLINE_CURVE_WITH_KNOTS('',3,(#12726,#12727,#12728,#12729,#12730,
#12731),.UNSPECIFIED.,.F.,.F.,(4,2,4),(-0.0710502048933189,-0.0370025248723658,
0.),.UNSPECIFIED.);
#63=B_SPLINE_CURVE_WITH_KNOTS('',3,(#12735,#12736,#12737,#12738,#12739,
#12740),.UNSPECIFIED.,.F.,.F.,(4,2,4),(0.,0.0370025248723648,0.0710502048933123),
 .UNSPECIFIED.);
#64=B_SPLINE_CURVE_WITH_KNOTS('',3,(#12742,#12743,#12744,#12745,#12746,
#12747),.UNSPECIFIED.,.F.,.F.,(4,2,4),(-0.0554809271310542,-0.0324316745120962,
-0.00518870736717306),.UNSPECIFIED.);
#65=B_SPLINE_CURVE_WITH_KNOTS('',3,(#12749,#12750,#12751,#12752,#12753,
#12754),.UNSPECIFIED.,.F.,.F.,(4,2,4),(-0.0710502048933188,-0.0370025248723657,
0.),.UNSPECIFIED.);
#66=B_SPLINE_CURVE_WITH_KNOTS('',3,(#12758,#12759,#12760,#12761,#12762,
#12763),.UNSPECIFIED.,.F.,.F.,(4,2,4),(0.,0.0370025248723648,0.0710502048933185),
 .UNSPECIFIED.);
#67=B_SPLINE_CURVE_WITH_KNOTS('',3,(#12765,#12766,#12767,#12768,#12769,
#12770),.UNSPECIFIED.,.F.,.F.,(4,2,4),(-0.0510127806676658,-0.0267632114523607,
-0.000783973550666017),.UNSPECIFIED.);
#68=B_SPLINE_CURVE_WITH_KNOTS('',3,(#12772,#12773,#12774,#12775,#12776,
#12777),.UNSPECIFIED.,.F.,.F.,(4,2,4),(-0.0710502048933192,-0.0370025248723657,
0.),.UNSPECIFIED.);
#69=B_SPLINE_CURVE_WITH_KNOTS('',3,(#12781,#12782,#12783,#12784,#12785,
#12786),.UNSPECIFIED.,.F.,.F.,(4,2,4),(0.,0.0370025248723657,0.0710502048933135),
 .UNSPECIFIED.);
#70=B_SPLINE_CURVE_WITH_KNOTS('',3,(#12788,#12789,#12790,#12791,#12792,
#12793),.UNSPECIFIED.,.F.,.F.,(4,2,4),(-0.0554782624638643,-0.0293145122991125,
-0.00522779004090068),.UNSPECIFIED.);
#71=B_SPLINE_CURVE_WITH_KNOTS('',3,(#12795,#12796,#12797,#12798,#12799,
#12800),.UNSPECIFIED.,.F.,.F.,(4,2,4),(-0.0710502048933261,-0.0370025248723657,
0.),.UNSPECIFIED.);
#72=B_SPLINE_CURVE_WITH_KNOTS('',3,(#12804,#12805,#12806,#12807,#12808,
#12809),.UNSPECIFIED.,.F.,.F.,(4,2,4),(0.,0.0370025248723657,0.0710502048933189),
 .UNSPECIFIED.);
#73=B_SPLINE_CURVE_WITH_KNOTS('',3,(#12811,#12812,#12813,#12814,#12815,
#12816),.UNSPECIFIED.,.F.,.F.,(4,2,4),(-0.0621236646631398,-0.0356521087908017,
-0.0118390638403472),.UNSPECIFIED.);
#74=B_SPLINE_CURVE_WITH_KNOTS('',3,(#12818,#12819,#12820,#12821,#12822,
#12823),.UNSPECIFIED.,.F.,.F.,(4,2,4),(-0.0710502048933194,-0.0370025248723657,
0.),.UNSPECIFIED.);
#75=B_SPLINE_CURVE_WITH_KNOTS('',3,(#12827,#12828,#12829,#12830,#12831,
#12832),.UNSPECIFIED.,.F.,.F.,(4,2,4),(0.,0.0370025248723657,0.0710502048933251),
 .UNSPECIFIED.);
#76=B_SPLINE_CURVE_WITH_KNOTS('',3,(#12834,#12835,#12836,#12837,#12838,
#12839),.UNSPECIFIED.,.F.,.F.,(4,2,4),(-0.0678141644022265,-0.0412156068910467,
-0.0175525567653315),.UNSPECIFIED.);
#77=B_SPLINE_CURVE_WITH_KNOTS('',3,(#12841,#12842,#12843,#12844,#12845,
#12846),.UNSPECIFIED.,.F.,.F.,(4,2,4),(-0.0710502048933193,-0.0370025248723657,
0.),.UNSPECIFIED.);
#78=B_SPLINE_CURVE_WITH_KNOTS('',3,(#12850,#12851,#12852,#12853,#12854,
#12855),.UNSPECIFIED.,.F.,.F.,(4,2,4),(0.,0.0370025248723657,0.0710502048933197),
 .UNSPECIFIED.);
#79=B_SPLINE_CURVE_WITH_KNOTS('',3,(#12857,#12858,#12859,#12860,#12861,
#12862),.UNSPECIFIED.,.F.,.F.,(4,2,4),(-0.0718103119608461,-0.0452544401515874,
-0.0216029680315261),.UNSPECIFIED.);
#80=B_SPLINE_CURVE_WITH_KNOTS('',3,(#12864,#12865,#12866,#12867,#12868,
#12869),.UNSPECIFIED.,.F.,.F.,(4,2,4),(-0.0710502048933188,-0.0370025248723657,
0.),.UNSPECIFIED.);
#81=B_SPLINE_CURVE_WITH_KNOTS('',3,(#12873,#12874,#12875,#12876,#12877,
#12878),.UNSPECIFIED.,.F.,.F.,(4,2,4),(0.,0.0370025248723657,0.0710502048933252),
 .UNSPECIFIED.);
#82=B_SPLINE_CURVE_WITH_KNOTS('',3,(#12880,#12881,#12882,#12883,#12884,
#12885),.UNSPECIFIED.,.F.,.F.,(4,2,4),(-0.0736212125359537,-0.0476957725957483,
-0.0234603628353297),.UNSPECIFIED.);
#83=B_SPLINE_CURVE_WITH_KNOTS('',3,(#12887,#12888,#12889,#12890,#12891,
#12892),.UNSPECIFIED.,.F.,.F.,(4,2,4),(-0.0710502048933189,-0.0370025248723657,
0.),.UNSPECIFIED.);
#84=B_SPLINE_CURVE_WITH_KNOTS('',3,(#12896,#12897,#12898,#12899,#12900,
#12901),.UNSPECIFIED.,.F.,.F.,(4,2,4),(0.,0.0370025248723657,0.0710502048933191),
 .UNSPECIFIED.);
#85=B_SPLINE_CURVE_WITH_KNOTS('',3,(#12903,#12904,#12905,#12906,#12907,
#12908),.UNSPECIFIED.,.F.,.F.,(4,2,4),(-0.0735513285018844,-0.0483877242602276,
-0.0234004316971087),.UNSPECIFIED.);
#86=B_SPLINE_CURVE_WITH_KNOTS('',3,(#12910,#12911,#12912,#12913,#12914,
#12915),.UNSPECIFIED.,.F.,.F.,(4,2,4),(-0.0710502048933138,-0.0370025248723657,
0.),.UNSPECIFIED.);
#87=B_SPLINE_CURVE_WITH_KNOTS('',3,(#12919,#12920,#12921,#12922,#12923,
#12924),.UNSPECIFIED.,.F.,.F.,(4,2,4),(0.,0.0370025248723657,0.0710502048933191),
 .UNSPECIFIED.);
#88=B_SPLINE_CURVE_WITH_KNOTS('',3,(#12926,#12927,#12928,#12929,#12930,
#12931),.UNSPECIFIED.,.F.,.F.,(4,2,4),(-0.0716985739905878,-0.047285639840454,
-0.0215132286702001),.UNSPECIFIED.);
#89=B_SPLINE_CURVE_WITH_KNOTS('',3,(#12933,#12934,#12935,#12936,#12937,
#12938),.UNSPECIFIED.,.F.,.F.,(4,2,4),(-0.0710502048933199,-0.0370025248723657,
0.),.UNSPECIFIED.);
#90=B_SPLINE_CURVE_WITH_KNOTS('',3,(#12942,#12943,#12944,#12945,#12946,
#12947),.UNSPECIFIED.,.F.,.F.,(4,2,4),(0.,0.0370025248723657,0.0710502048933195),
 .UNSPECIFIED.);
#91=B_SPLINE_CURVE_WITH_KNOTS('',3,(#12949,#12950,#12951,#12952,#12953,
#12954),.UNSPECIFIED.,.F.,.F.,(4,2,4),(-0.0682541984779917,-0.0444434823673638,
-0.0180073930331012),.UNSPECIFIED.);
#92=B_SPLINE_CURVE_WITH_KNOTS('',3,(#12956,#12957,#12958,#12959,#12960,
#12961),.UNSPECIFIED.,.F.,.F.,(4,2,4),(-0.0710502048933193,-0.0370025248723657,
0.),.UNSPECIFIED.);
#93=B_SPLINE_CURVE_WITH_KNOTS('',3,(#12965,#12966,#12967,#12968,#12969,
#12970),.UNSPECIFIED.,.F.,.F.,(4,2,4),(0.,0.0370025248723657,0.0710502048933187),
 .UNSPECIFIED.);
#94=B_SPLINE_CURVE_WITH_KNOTS('',3,(#12972,#12973,#12974,#12975,#12976,
#12977),.UNSPECIFIED.,.F.,.F.,(4,2,4),(-0.0634834526789824,-0.0400296823744454,
-0.0131864224246259),.UNSPECIFIED.);
#95=B_SPLINE_CURVE_WITH_KNOTS('',3,(#12979,#12980,#12981,#12982,#12983,
#12984),.UNSPECIFIED.,.F.,.F.,(4,2,4),(-0.0710502048933188,-0.0370025248723657,
0.),.UNSPECIFIED.);
#96=B_SPLINE_CURVE_WITH_KNOTS('',3,(#12988,#12989,#12990,#12991,#12992,
#12993),.UNSPECIFIED.,.F.,.F.,(4,2,4),(0.,0.0370025248723657,0.0710502048933248),
 .UNSPECIFIED.);
#97=B_SPLINE_CURVE_WITH_KNOTS('',3,(#12995,#12996,#12997,#12998,#12999,
#13000),.UNSPECIFIED.,.F.,.F.,(4,2,4),(-0.0571124250570468,-0.0340437310436863,
-0.00681055996939606),.UNSPECIFIED.);
#98=B_SPLINE_CURVE_WITH_KNOTS('',3,(#13002,#13003,#13004,#13005,#13006,
#13007),.UNSPECIFIED.,.F.,.F.,(4,2,4),(-0.0710502048933189,-0.0370025248723657,
0.),.UNSPECIFIED.);
#99=B_SPLINE_CURVE_WITH_KNOTS('',3,(#13011,#13012,#13013,#13014,#13015,
#13016),.UNSPECIFIED.,.F.,.F.,(4,2,4),(-0.0710502048933194,-0.0370025248723657,
0.),.UNSPECIFIED.);
#100=B_SPLINE_CURVE_WITH_KNOTS('',3,(#13018,#13019,#13020,#13021,#13022,
#13023),.UNSPECIFIED.,.F.,.F.,(4,2,4),(0.00106615643609002,0.0277982834903634,
0.05131007000109),.UNSPECIFIED.);
#101=B_SPLINE_CURVE_WITH_KNOTS('',3,(#13025,#13026,#13027,#13028,#13029,
#13030),.UNSPECIFIED.,.F.,.F.,(4,2,4),(0.,0.0370025248723653,0.0710502048933197),
 .UNSPECIFIED.);
#102=B_SPLINE_CURVE_WITH_KNOTS('',3,(#13034,#13035,#13036,#13037,#13038,
#13039),.UNSPECIFIED.,.F.,.F.,(4,2,4),(-0.0710502048933198,-0.0370025248723657,
0.),.UNSPECIFIED.);
#103=B_SPLINE_CURVE_WITH_KNOTS('',3,(#13041,#13042,#13043,#13044,#13045,
#13046),.UNSPECIFIED.,.F.,.F.,(4,2,4),(0.00349650087545871,0.0277873720677997,
0.0537313910108839),.UNSPECIFIED.);
#104=B_SPLINE_CURVE_WITH_KNOTS('',3,(#13048,#13049,#13050,#13051,#13052,
#13053),.UNSPECIFIED.,.F.,.F.,(4,2,4),(0.,0.0370025248723657,0.0710502048933203),
 .UNSPECIFIED.);
#105=B_SPLINE_CURVE_WITH_KNOTS('',3,(#13057,#13058,#13059,#13060,#13061,
#13062),.UNSPECIFIED.,.F.,.F.,(4,2,4),(-0.0710502048933257,-0.0370025248723657,
0.),.UNSPECIFIED.);
#106=B_SPLINE_CURVE_WITH_KNOTS('',3,(#13064,#13065,#13066,#13067,#13068,
#13069),.UNSPECIFIED.,.F.,.F.,(4,2,4),(0.0102501502286545,0.0340016796774385,
0.0605306840757887),.UNSPECIFIED.);
#107=B_SPLINE_CURVE_WITH_KNOTS('',3,(#13071,#13072,#13073,#13074,#13075,
#13076),.UNSPECIFIED.,.F.,.F.,(4,2,4),(0.,0.0370025248723653,0.0710502048933196),
 .UNSPECIFIED.);
#108=B_SPLINE_CURVE_WITH_KNOTS('',3,(#13080,#13081,#13082,#13083,#13084,
#13085),.UNSPECIFIED.,.F.,.F.,(4,2,4),(-0.0710502048933194,-0.0370025248723652,
0.),.UNSPECIFIED.);
#109=B_SPLINE_CURVE_WITH_KNOTS('',3,(#13087,#13088,#13089,#13090,#13091,
#13092),.UNSPECIFIED.,.F.,.F.,(4,2,4),(0.0162355954143314,0.0399835552740992,
0.0665074784524262),.UNSPECIFIED.);
#110=B_SPLINE_CURVE_WITH_KNOTS('',3,(#13094,#13095,#13096,#13097,#13098,
#13099),.UNSPECIFIED.,.F.,.F.,(4,2,4),(0.,0.0370025248723653,0.0710502048933259),
 .UNSPECIFIED.);
#111=B_SPLINE_CURVE_WITH_KNOTS('',3,(#13103,#13104,#13105,#13106,#13107,
#13108),.UNSPECIFIED.,.F.,.F.,(4,2,4),(0.,0.0370025248723657,0.0710502048933128),
 .UNSPECIFIED.);
#112=B_SPLINE_CURVE_WITH_KNOTS('',3,(#13110,#13111,#13112,#13113,#13114,
#13115),.UNSPECIFIED.,.F.,.F.,(4,2,4),(-0.071063914062204,-0.0443854725832812,
-0.0208422746980501),.UNSPECIFIED.);
#113=B_SPLINE_CURVE_WITH_KNOTS('',3,(#13117,#13118,#13119,#13120,#13121,
#13122),.UNSPECIFIED.,.F.,.F.,(4,2,4),(-0.0710502048933189,-0.0370025248723657,
0.),.UNSPECIFIED.);
#114=B_SPLINE_CURVE_WITH_KNOTS('',3,(#13126,#13127,#13128,#13129,#13130,
#13131),.UNSPECIFIED.,.F.,.F.,(4,2,4),(0.,0.0370025248723657,0.0710502048933185),
 .UNSPECIFIED.);
#115=B_SPLINE_CURVE_WITH_KNOTS('',3,(#13133,#13134,#13135,#13136,#13137,
#13138),.UNSPECIFIED.,.F.,.F.,(4,2,4),(-0.0733461343040169,-0.0472455642446514,
-0.0231762536333942),.UNSPECIFIED.);
#116=B_SPLINE_CURVE_WITH_KNOTS('',3,(#13140,#13141,#13142,#13143,#13144,
#13145),.UNSPECIFIED.,.F.,.F.,(4,2,4),(-0.0710502048933191,-0.0370025248723657,
0.),.UNSPECIFIED.);
#117=B_SPLINE_CURVE_WITH_KNOTS('',3,(#13149,#13150,#13151,#13152,#13153,
#13154),.UNSPECIFIED.,.F.,.F.,(4,2,4),(0.,0.0370025248723657,0.0710502048933185),
 .UNSPECIFIED.);
#118=B_SPLINE_CURVE_WITH_KNOTS('',3,(#13156,#13157,#13158,#13159,#13160,
#13161),.UNSPECIFIED.,.F.,.F.,(4,2,4),(-0.0737415796717843,-0.0483828234935491,
-0.0235924798964278),.UNSPECIFIED.);
#119=B_SPLINE_CURVE_WITH_KNOTS('',3,(#13163,#13164,#13165,#13166,#13167,
#13168),.UNSPECIFIED.,.F.,.F.,(4,2,4),(-0.0710502048933188,-0.0370025248723657,
0.),.UNSPECIFIED.);
#120=B_SPLINE_CURVE_WITH_KNOTS('',3,(#13172,#13173,#13174,#13175,#13176,
#13177),.UNSPECIFIED.,.F.,.F.,(4,2,4),(0.,0.0370025248723656,0.0710502048933187),
 .UNSPECIFIED.);
#121=B_SPLINE_CURVE_WITH_KNOTS('',3,(#13179,#13180,#13181,#13182,#13183,
#13184),.UNSPECIFIED.,.F.,.F.,(4,2,4),(-0.0723198135223951,-0.0477281755838182,
-0.0221467067094073),.UNSPECIFIED.);
#122=B_SPLINE_CURVE_WITH_KNOTS('',3,(#13186,#13187,#13188,#13189,#13190,
#13191),.UNSPECIFIED.,.F.,.F.,(4,2,4),(-0.0710502048933191,-0.0370025248723657,
0.),.UNSPECIFIED.);
#123=B_SPLINE_CURVE_WITH_KNOTS('',3,(#13195,#13196,#13197,#13198,#13199,
#13200),.UNSPECIFIED.,.F.,.F.,(4,2,4),(0.,0.0370025248723656,0.0710502048933198),
 .UNSPECIFIED.);
#124=B_SPLINE_CURVE_WITH_KNOTS('',3,(#13202,#13203,#13204,#13205,#13206,
#13207),.UNSPECIFIED.,.F.,.F.,(4,2,4),(-0.0692511244422393,-0.0453101313428973,
-0.0190204288343463),.UNSPECIFIED.);
#125=B_SPLINE_CURVE_WITH_KNOTS('',3,(#13209,#13210,#13211,#13212,#13213,
#13214),.UNSPECIFIED.,.F.,.F.,(4,2,4),(-0.0710502048933202,-0.0370025248723658,
0.),.UNSPECIFIED.);
#126=B_SPLINE_CURVE_WITH_KNOTS('',3,(#13218,#13219,#13220,#13221,#13222,
#13223),.UNSPECIFIED.,.F.,.F.,(4,2,4),(0.,0.0370025248723656,0.0710502048933183),
 .UNSPECIFIED.);
#127=B_SPLINE_CURVE_WITH_KNOTS('',3,(#13225,#13226,#13227,#13228,#13229,
#13230),.UNSPECIFIED.,.F.,.F.,(4,2,4),(-0.0647830318491445,-0.0412662737106799,
-0.0144953903262783),.UNSPECIFIED.);
#128=B_SPLINE_CURVE_WITH_KNOTS('',3,(#13232,#13233,#13234,#13235,#13236,
#13237),.UNSPECIFIED.,.F.,.F.,(4,2,4),(-0.0710502048933192,-0.0370025248723658,
0.),.UNSPECIFIED.);
#129=B_SPLINE_CURVE_WITH_KNOTS('',3,(#13241,#13242,#13243,#13244,#13245,
#13246),.UNSPECIFIED.,.F.,.F.,(4,2,4),(0.,0.0370025248723657,0.0710502048933183),
 .UNSPECIFIED.);
#130=B_SPLINE_CURVE_WITH_KNOTS('',3,(#13248,#13249,#13250,#13251,#13252,
#13253),.UNSPECIFIED.,.F.,.F.,(4,2,4),(-0.058875433357832,-0.03568650924701,
-0.00856855145961517),.UNSPECIFIED.);
#131=B_SPLINE_CURVE_WITH_KNOTS('',3,(#13255,#13256,#13257,#13258,#13259,
#13260),.UNSPECIFIED.,.F.,.F.,(4,2,4),(-0.0710502048933189,-0.0370025248723657,
0.),.UNSPECIFIED.);
#132=B_SPLINE_CURVE_WITH_KNOTS('',3,(#13264,#13265,#13266,#13267,#13268,
#13269),.UNSPECIFIED.,.F.,.F.,(4,2,4),(0.,0.0370025248723657,0.0710502048933198),
 .UNSPECIFIED.);
#133=B_SPLINE_CURVE_WITH_KNOTS('',3,(#13271,#13272,#13273,#13274,#13275,
#13276),.UNSPECIFIED.,.F.,.F.,(4,2,4),(-0.0526325243150032,-0.0293299900781689,
-0.0023697855179251),.UNSPECIFIED.);
#134=B_SPLINE_CURVE_WITH_KNOTS('',3,(#13278,#13279,#13280,#13281,#13282,
#13283),.UNSPECIFIED.,.F.,.F.,(4,2,4),(-0.0710502048933199,-0.0370025248723657,
0.),.UNSPECIFIED.);
#135=B_SPLINE_CURVE_WITH_KNOTS('',3,(#13287,#13288,#13289,#13290,#13291,
#13292),.UNSPECIFIED.,.F.,.F.,(4,2,4),(0.,0.0370025248723657,0.0710502048933247),
 .UNSPECIFIED.);
#136=B_SPLINE_CURVE_WITH_KNOTS('',3,(#13294,#13295,#13296,#13297,#13298,
#13299),.UNSPECIFIED.,.F.,.F.,(4,2,4),(-0.0519766128199913,-0.0267594105808691,
-0.00175103412706042),.UNSPECIFIED.);
#137=B_SPLINE_CURVE_WITH_KNOTS('',3,(#13301,#13302,#13303,#13304,#13305,
#13306),.UNSPECIFIED.,.F.,.F.,(4,2,4),(-0.0710502048933192,-0.0370025248723658,
0.),.UNSPECIFIED.);
#138=B_SPLINE_CURVE_WITH_KNOTS('',3,(#13310,#13311,#13312,#13313,#13314,
#13315),.UNSPECIFIED.,.F.,.F.,(4,2,4),(0.,0.0370025248723657,0.07105020489332),
 .UNSPECIFIED.);
#139=B_SPLINE_CURVE_WITH_KNOTS('',3,(#13317,#13318,#13319,#13320,#13321,
#13322),.UNSPECIFIED.,.F.,.F.,(4,2,4),(-0.0588864366662173,-0.0324054854554159,
-0.0086131252725614),.UNSPECIFIED.);
#140=B_SPLINE_CURVE_WITH_KNOTS('',3,(#13324,#13325,#13326,#13327,#13328,
#13329),.UNSPECIFIED.,.F.,.F.,(4,2,4),(-0.0710502048933199,-0.0370025248723657,
0.),.UNSPECIFIED.);
#141=B_SPLINE_CURVE_WITH_KNOTS('',3,(#13334,#13335,#13336,#13337,#13338,
#13339),.UNSPECIFIED.,.F.,.F.,(4,2,4),(0.,0.0370025248723657,0.0710502048933185),
 .UNSPECIFIED.);
#142=B_SPLINE_CURVE_WITH_KNOTS('',3,(#13341,#13342,#13343,#13344,#13345,
#13346),.UNSPECIFIED.,.F.,.F.,(4,2,4),(-0.0701590493762103,-0.0434199431752602,
-0.0199231631279416),.UNSPECIFIED.);
#143=B_SPLINE_CURVE_WITH_KNOTS('',3,(#13348,#13349,#13350,#13351,#13352,
#13353),.UNSPECIFIED.,.F.,.F.,(4,2,4),(-0.0710502048933187,-0.0370025248723657,
0.),.UNSPECIFIED.);
#144=B_SPLINE_CURVE_WITH_KNOTS('',3,(#13357,#13358,#13359,#13360,#13361,
#13362),.UNSPECIFIED.,.F.,.F.,(4,2,4),(0.,0.0370025248723657,0.0710502048933183),
 .UNSPECIFIED.);
#145=B_SPLINE_CURVE_WITH_KNOTS('',3,(#13364,#13365,#13366,#13367,#13368,
#13369),.UNSPECIFIED.,.F.,.F.,(4,2,4),(-0.0729524499736046,-0.0466871728535118,
-0.0227715092003211),.UNSPECIFIED.);
#146=B_SPLINE_CURVE_WITH_KNOTS('',3,(#13371,#13372,#13373,#13374,#13375,
#13376),.UNSPECIFIED.,.F.,.F.,(4,2,4),(-0.0710502048933189,-0.0370025248723657,
0.),.UNSPECIFIED.);
#147=B_SPLINE_CURVE_WITH_KNOTS('',3,(#13380,#13381,#13382,#13383,#13384,
#13385),.UNSPECIFIED.,.F.,.F.,(4,2,4),(0.,0.0370025248723657,0.0710502048933191),
 .UNSPECIFIED.);
#148=B_SPLINE_CURVE_WITH_KNOTS('',3,(#13387,#13388,#13389,#13390,#13391,
#13392),.UNSPECIFIED.,.F.,.F.,(4,2,4),(-0.0738177764649714,-0.0482654659786522,
-0.0236675456340714),.UNSPECIFIED.);
#149=B_SPLINE_CURVE_WITH_KNOTS('',3,(#13394,#13395,#13396,#13397,#13398,
#13399),.UNSPECIFIED.,.F.,.F.,(4,2,4),(-0.0710502048933189,-0.0370025248723657,
0.),.UNSPECIFIED.);
#150=B_SPLINE_CURVE_WITH_KNOTS('',3,(#13403,#13404,#13405,#13406,#13407,
#13408),.UNSPECIFIED.,.F.,.F.,(4,2,4),(0.,0.0370025248723657,0.0710502048933192),
 .UNSPECIFIED.);
#151=B_SPLINE_CURVE_WITH_KNOTS('',3,(#13410,#13411,#13412,#13413,#13414,
#13415),.UNSPECIFIED.,.F.,.F.,(4,2,4),(-0.0728377476182548,-0.0480599761108449,
-0.0226746669635474),.UNSPECIFIED.);
#152=B_SPLINE_CURVE_WITH_KNOTS('',3,(#13417,#13418,#13419,#13420,#13421,
#13422),.UNSPECIFIED.,.F.,.F.,(4,2,4),(-0.0710502048933189,-0.0370025248723657,
0.),.UNSPECIFIED.);
#153=B_SPLINE_CURVE_WITH_KNOTS('',3,(#13426,#13427,#13428,#13429,#13430,
#13431),.UNSPECIFIED.,.F.,.F.,(4,2,4),(0.,0.0370025248723656,0.0710502048933185),
 .UNSPECIFIED.);
#154=B_SPLINE_CURVE_WITH_KNOTS('',3,(#13433,#13434,#13435,#13436,#13437,
#13438),.UNSPECIFIED.,.F.,.F.,(4,2,4),(-0.070160331802003,-0.0460745143283085,
-0.0199456536669042),.UNSPECIFIED.);
#155=B_SPLINE_CURVE_WITH_KNOTS('',3,(#13440,#13441,#13442,#13443,#13444,
#13445),.UNSPECIFIED.,.F.,.F.,(4,2,4),(-0.071050204893325,-0.0370025248723657,
0.),.UNSPECIFIED.);
#156=B_SPLINE_CURVE_WITH_KNOTS('',3,(#13449,#13450,#13451,#13452,#13453,
#13454),.UNSPECIFIED.,.F.,.F.,(4,2,4),(-0.0710502048933194,-0.0370025248723652,
0.),.UNSPECIFIED.);
#157=B_SPLINE_CURVE_WITH_KNOTS('',3,(#13456,#13457,#13458,#13459,#13460,
#13461),.UNSPECIFIED.,.F.,.F.,(4,2,4),(0.0157391977486038,0.0424173673291636,
0.0660150293157209),.UNSPECIFIED.);
#158=B_SPLINE_CURVE_WITH_KNOTS('',3,(#13463,#13464,#13465,#13466,#13467,
#13468),.UNSPECIFIED.,.F.,.F.,(4,2,4),(0.,0.0370025248723653,0.071050204893314),
 .UNSPECIFIED.);
#159=B_SPLINE_CURVE_WITH_KNOTS('',3,(#13472,#13473,#13474,#13475,#13476,
#13477),.UNSPECIFIED.,.F.,.F.,(4,2,4),(-0.0710502048933191,-0.0370025248723649,
0.),.UNSPECIFIED.);
#160=B_SPLINE_CURVE_WITH_KNOTS('',3,(#13479,#13480,#13481,#13482,#13483,
#13484),.UNSPECIFIED.,.F.,.F.,(4,2,4),(0.0103981661457737,0.0373229724682374,
0.0607047622668205),.UNSPECIFIED.);
#161=B_SPLINE_CURVE_WITH_KNOTS('',3,(#13486,#13487,#13488,#13489,#13490,
#13491),.UNSPECIFIED.,.F.,.F.,(4,2,4),(0.,0.0370025248723657,0.0710502048933194),
 .UNSPECIFIED.);
#162=B_SPLINE_CURVE_WITH_KNOTS('',3,(#13495,#13496,#13497,#13498,#13499,
#13500),.UNSPECIFIED.,.F.,.F.,(4,2,4),(-0.0710502048933194,-0.0370025248723657,
0.),.UNSPECIFIED.);
#163=B_SPLINE_CURVE_WITH_KNOTS('',3,(#13502,#13503,#13504,#13505,#13506,
#13507),.UNSPECIFIED.,.F.,.F.,(4,2,4),(0.00372965266346484,0.0308691243805264,
0.0540086086399838),.UNSPECIFIED.);
#164=B_SPLINE_CURVE_WITH_KNOTS('',3,(#13509,#13510,#13511,#13512,#13513,
#13514),.UNSPECIFIED.,.F.,.F.,(4,2,4),(0.,0.0370025248723657,0.0710502048933199),
 .UNSPECIFIED.);
#165=B_SPLINE_CURVE_WITH_KNOTS('',3,(#13518,#13519,#13520,#13521,#13522,
#13523),.UNSPECIFIED.,.F.,.F.,(4,2,4),(-0.0710502048933124,-0.0370025248723649,
0.),.UNSPECIFIED.);
#166=B_SPLINE_CURVE_WITH_KNOTS('',3,(#13524,#13525,#13526,#13527,#13528,
#13529),.UNSPECIFIED.,.F.,.F.,(4,2,4),(0.0251128369533313,0.0258396131101082,
0.0502084500636583),.UNSPECIFIED.);
#167=B_SPLINE_CURVE_WITH_KNOTS('',3,(#13542,#13543,#13544,#13545,#13546,
#13547),.UNSPECIFIED.,.F.,.F.,(4,2,4),(-0.102931105279558,-0.0554999544300081,
0.),.UNSPECIFIED.);
#168=B_SPLINE_CURVE_WITH_KNOTS('',3,(#13549,#13550,#13551,#13552,#13553,
#13554),.UNSPECIFIED.,.F.,.F.,(4,2,4),(0.00348925208705972,0.0270175363592115,
0.0536115358987176),.UNSPECIFIED.);
#169=B_SPLINE_CURVE_WITH_KNOTS('',3,(#13556,#13557,#13558,#13559,#13560,
#13561),.UNSPECIFIED.,.F.,.F.,(4,2,4),(0.,0.0554999544300081,0.102931105279558),
 .UNSPECIFIED.);
#170=B_SPLINE_CURVE_WITH_KNOTS('',3,(#13565,#13566,#13567,#13568,#13569,
#13570),.UNSPECIFIED.,.F.,.F.,(4,2,4),(0.,0.0554999544300084,0.102931105279558),
 .UNSPECIFIED.);
#171=B_SPLINE_CURVE_WITH_KNOTS('',3,(#13572,#13573,#13574,#13575,#13576,
#13577),.UNSPECIFIED.,.F.,.F.,(4,2,4),(-0.0600593258526649,-0.0330214616496522,
-0.0100478476613317),.UNSPECIFIED.);
#172=B_SPLINE_CURVE_WITH_KNOTS('',3,(#13579,#13580,#13581,#13582,#13583,
#13584),.UNSPECIFIED.,.F.,.F.,(4,2,4),(-0.102931105279559,-0.0554999544300085,
0.),.UNSPECIFIED.);
#173=B_SPLINE_CURVE_WITH_KNOTS('',3,(#13588,#13589,#13590,#13591,#13592,
#13593),.UNSPECIFIED.,.F.,.F.,(4,2,4),(0.,0.0554999544300084,0.102931105279558),
 .UNSPECIFIED.);
#174=B_SPLINE_CURVE_WITH_KNOTS('',3,(#13595,#13596,#13597,#13598,#13599,
#13600),.UNSPECIFIED.,.F.,.F.,(4,2,4),(-0.0656782439535765,-0.0389109139619045,
-0.015560002110064),.UNSPECIFIED.);
#175=B_SPLINE_CURVE_WITH_KNOTS('',3,(#13602,#13603,#13604,#13605,#13606,
#13607),.UNSPECIFIED.,.F.,.F.,(4,2,4),(-0.102931105279558,-0.0554999544300085,
0.),.UNSPECIFIED.);
#176=B_SPLINE_CURVE_WITH_KNOTS('',3,(#13611,#13612,#13613,#13614,#13615,
#13616),.UNSPECIFIED.,.F.,.F.,(4,2,4),(0.,0.0554999544300084,0.102931105279558),
 .UNSPECIFIED.);
#177=B_SPLINE_CURVE_WITH_KNOTS('',3,(#13618,#13619,#13620,#13621,#13622,
#13623),.UNSPECIFIED.,.F.,.F.,(4,2,4),(-0.0697375982510252,-0.0432759419179728,
-0.0195950889578387),.UNSPECIFIED.);
#178=B_SPLINE_CURVE_WITH_KNOTS('',3,(#13625,#13626,#13627,#13628,#13629,
#13630),.UNSPECIFIED.,.F.,.F.,(4,2,4),(-0.102931105279558,-0.0554999544300085,
0.),.UNSPECIFIED.);
#179=B_SPLINE_CURVE_WITH_KNOTS('',3,(#13634,#13635,#13636,#13637,#13638,
#13639),.UNSPECIFIED.,.F.,.F.,(4,2,4),(0.,0.0554999544300081,0.102931105279558),
 .UNSPECIFIED.);
#180=B_SPLINE_CURVE_WITH_KNOTS('',3,(#13641,#13642,#13643,#13644,#13645,
#13646),.UNSPECIFIED.,.F.,.F.,(4,2,4),(-0.0719822098302542,-0.0461048551269212,
-0.0218641865533034),.UNSPECIFIED.);
#181=B_SPLINE_CURVE_WITH_KNOTS('',3,(#13648,#13649,#13650,#13651,#13652,
#13653),.UNSPECIFIED.,.F.,.F.,(4,2,4),(-0.102931105279558,-0.0554999544300081,
0.),.UNSPECIFIED.);
#182=B_SPLINE_CURVE_WITH_KNOTS('',3,(#13657,#13658,#13659,#13660,#13661,
#13662),.UNSPECIFIED.,.F.,.F.,(4,2,4),(0.,0.0554999544300084,0.102931105279558),
 .UNSPECIFIED.);
#183=B_SPLINE_CURVE_WITH_KNOTS('',3,(#13664,#13665,#13666,#13667,#13668,
#13669),.UNSPECIFIED.,.F.,.F.,(4,2,4),(-0.0723782919229701,-0.0472252236191959,
-0.022266998518473),.UNSPECIFIED.);
#184=B_SPLINE_CURVE_WITH_KNOTS('',3,(#13671,#13672,#13673,#13674,#13675,
#13676),.UNSPECIFIED.,.F.,.F.,(4,2,4),(-0.102931105279558,-0.0554999544300082,
0.),.UNSPECIFIED.);
#185=B_SPLINE_CURVE_WITH_KNOTS('',3,(#13680,#13681,#13682,#13683,#13684,
#13685),.UNSPECIFIED.,.F.,.F.,(4,2,4),(0.,0.0554999544300083,0.102931105279559),
 .UNSPECIFIED.);
#186=B_SPLINE_CURVE_WITH_KNOTS('',3,(#13687,#13688,#13689,#13690,#13691,
#13692),.UNSPECIFIED.,.F.,.F.,(4,2,4),(-0.0709805782776053,-0.0465612069170722,
-0.0208575049216491),.UNSPECIFIED.);
#187=B_SPLINE_CURVE_WITH_KNOTS('',3,(#13694,#13695,#13696,#13697,#13698,
#13699),.UNSPECIFIED.,.F.,.F.,(4,2,4),(-0.102931105279558,-0.0554999544300085,
0.),.UNSPECIFIED.);
#188=B_SPLINE_CURVE_WITH_KNOTS('',3,(#13703,#13704,#13705,#13706,#13707,
#13708),.UNSPECIFIED.,.F.,.F.,(4,2,4),(0.,0.0554999544300084,0.102931105279558),
 .UNSPECIFIED.);
#189=B_SPLINE_CURVE_WITH_KNOTS('',3,(#13710,#13711,#13712,#13713,#13714,
#13715),.UNSPECIFIED.,.F.,.F.,(4,2,4),(-0.0679638686481964,-0.0441530633358025,
-0.0178170946601772),.UNSPECIFIED.);
#190=B_SPLINE_CURVE_WITH_KNOTS('',3,(#13717,#13718,#13719,#13720,#13721,
#13722),.UNSPECIFIED.,.F.,.F.,(4,2,4),(-0.102931105279558,-0.0554999544300085,
0.),.UNSPECIFIED.);
#191=B_SPLINE_CURVE_WITH_KNOTS('',3,(#13726,#13727,#13728,#13729,#13730,
#13731),.UNSPECIFIED.,.F.,.F.,(4,2,4),(0.,0.0554999544300084,0.102931105279558),
 .UNSPECIFIED.);
#192=B_SPLINE_CURVE_WITH_KNOTS('',3,(#13733,#13734,#13735,#13736,#13737,
#13738),.UNSPECIFIED.,.F.,.F.,(4,2,4),(-0.063595187061506,-0.0401618204602885,
-0.0134241098610687),.UNSPECIFIED.);
#193=B_SPLINE_CURVE_WITH_KNOTS('',3,(#13740,#13741,#13742,#13743,#13744,
#13745),.UNSPECIFIED.,.F.,.F.,(4,2,4),(-0.102931105279558,-0.0554999544300085,
0.),.UNSPECIFIED.);
#194=B_SPLINE_CURVE_WITH_KNOTS('',3,(#13749,#13750,#13751,#13752,#13753,
#13754),.UNSPECIFIED.,.F.,.F.,(4,2,4),(0.,0.0554999544300084,0.102931105279558),
 .UNSPECIFIED.);
#195=B_SPLINE_CURVE_WITH_KNOTS('',3,(#13756,#13757,#13758,#13759,#13760,
#13761),.UNSPECIFIED.,.F.,.F.,(4,2,4),(-0.0578434582740475,-0.0346976436683618,
-0.00767344412483759),.UNSPECIFIED.);
#196=B_SPLINE_CURVE_WITH_KNOTS('',3,(#13763,#13764,#13765,#13766,#13767,
#13768),.UNSPECIFIED.,.F.,.F.,(4,2,4),(-0.102931105279558,-0.0554999544300085,
0.),.UNSPECIFIED.);
#197=B_SPLINE_CURVE_WITH_KNOTS('',3,(#13772,#13773,#13774,#13775,#13776,
#13777),.UNSPECIFIED.,.F.,.F.,(4,2,4),(0.,0.0554999544300083,0.102931105279558),
 .UNSPECIFIED.);
#198=B_SPLINE_CURVE_WITH_KNOTS('',3,(#13779,#13780,#13781,#13782,#13783,
#13784),.UNSPECIFIED.,.F.,.F.,(4,2,4),(-0.0517904109912725,-0.0285092691259295,
-0.00165227498318002),.UNSPECIFIED.);
#199=B_SPLINE_CURVE_WITH_KNOTS('',3,(#13786,#13787,#13788,#13789,#13790,
#13791),.UNSPECIFIED.,.F.,.F.,(4,2,4),(-0.102931105279558,-0.0554999544300081,
0.),.UNSPECIFIED.);
#200=B_SPLINE_CURVE_WITH_KNOTS('',3,(#13795,#13796,#13797,#13798,#13799,
#13800),.UNSPECIFIED.,.F.,.F.,(4,2,4),(0.,0.0554999544300083,0.102931105279558),
 .UNSPECIFIED.);
#201=B_SPLINE_CURVE_WITH_KNOTS('',3,(#13802,#13803,#13804,#13805,#13806,
#13807),.UNSPECIFIED.,.F.,.F.,(4,2,4),(-0.0518651711647695,-0.0260160133338524,
-0.00174809175426699),.UNSPECIFIED.);
#202=B_SPLINE_CURVE_WITH_KNOTS('',3,(#13809,#13810,#13811,#13812,#13813,
#13814),.UNSPECIFIED.,.F.,.F.,(4,2,4),(-0.102931105279558,-0.0554999544300085,
0.),.UNSPECIFIED.);
#203=B_SPLINE_CURVE_WITH_KNOTS('',3,(#13818,#13819,#13820,#13821,#13822,
#13823),.UNSPECIFIED.,.F.,.F.,(4,2,4),(0.,0.0554999544300084,0.102931105279558),
 .UNSPECIFIED.);
#204=B_SPLINE_CURVE_WITH_KNOTS('',3,(#13825,#13826,#13827,#13828,#13829,
#13830),.UNSPECIFIED.,.F.,.F.,(4,2,4),(-0.0586438924680224,-0.0315160214046407,
-0.00849883359977157),.UNSPECIFIED.);
#205=B_SPLINE_CURVE_WITH_KNOTS('',3,(#13832,#13833,#13834,#13835,#13836,
#13837),.UNSPECIFIED.,.F.,.F.,(4,2,4),(-0.102931105279558,-0.0554999544300085,
0.),.UNSPECIFIED.);
#206=B_SPLINE_CURVE_WITH_KNOTS('',3,(#13841,#13842,#13843,#13844,#13845,
#13846),.UNSPECIFIED.,.F.,.F.,(4,2,4),(0.,0.0554999544300084,0.102931105279558),
 .UNSPECIFIED.);
#207=B_SPLINE_CURVE_WITH_KNOTS('',3,(#13848,#13849,#13850,#13851,#13852,
#13853),.UNSPECIFIED.,.F.,.F.,(4,2,4),(-0.0644669760194977,-0.0376400235321118,
-0.0143101896411897),.UNSPECIFIED.);
#208=B_SPLINE_CURVE_WITH_KNOTS('',3,(#13855,#13856,#13857,#13858,#13859,
#13860),.UNSPECIFIED.,.F.,.F.,(4,2,4),(-0.102931105279558,-0.0554999544300085,
0.),.UNSPECIFIED.);
#209=B_SPLINE_CURVE_WITH_KNOTS('',3,(#13864,#13865,#13866,#13867,#13868,
#13869),.UNSPECIFIED.,.F.,.F.,(4,2,4),(0.,0.0554999544300084,0.102931105279558),
 .UNSPECIFIED.);
#210=B_SPLINE_CURVE_WITH_KNOTS('',3,(#13871,#13872,#13873,#13874,#13875,
#13876),.UNSPECIFIED.,.F.,.F.,(4,2,4),(-0.0688896713020798,-0.042321757277638,
-0.0187445989836543),.UNSPECIFIED.);
#211=B_SPLINE_CURVE_WITH_KNOTS('',3,(#13878,#13879,#13880,#13881,#13882,
#13883),.UNSPECIFIED.,.F.,.F.,(4,2,4),(-0.102931105279558,-0.0554999544300085,
0.),.UNSPECIFIED.);
#212=B_SPLINE_CURVE_WITH_KNOTS('',3,(#13887,#13888,#13889,#13890,#13891,
#13892),.UNSPECIFIED.,.F.,.F.,(4,2,4),(0.,0.0554999544300083,0.102931105279558),
 .UNSPECIFIED.);
#213=B_SPLINE_CURVE_WITH_KNOTS('',3,(#13894,#13895,#13896,#13897,#13898,
#13899),.UNSPECIFIED.,.F.,.F.,(4,2,4),(-0.0715928874489919,-0.0455522938596154,
-0.021470723913535),.UNSPECIFIED.);
#214=B_SPLINE_CURVE_WITH_KNOTS('',3,(#13901,#13902,#13903,#13904,#13905,
#13906),.UNSPECIFIED.,.F.,.F.,(4,2,4),(-0.102931105279558,-0.0554999544300085,
0.),.UNSPECIFIED.);
#215=B_SPLINE_CURVE_WITH_KNOTS('',3,(#13910,#13911,#13912,#13913,#13914,
#13915),.UNSPECIFIED.,.F.,.F.,(4,2,4),(0.,0.0554999544300081,0.102931105279558),
 .UNSPECIFIED.);
#216=B_SPLINE_CURVE_WITH_KNOTS('',3,(#13917,#13918,#13919,#13920,#13921,
#13922),.UNSPECIFIED.,.F.,.F.,(4,2,4),(-0.0724519914351733,-0.0471114266045275,
-0.0223407325498122),.UNSPECIFIED.);
#217=B_SPLINE_CURVE_WITH_KNOTS('',3,(#13924,#13925,#13926,#13927,#13928,
#13929),.UNSPECIFIED.,.F.,.F.,(4,2,4),(-0.102931105279558,-0.0554999544300081,
0.),.UNSPECIFIED.);
#218=B_SPLINE_CURVE_WITH_KNOTS('',3,(#13933,#13934,#13935,#13936,#13937,
#13938),.UNSPECIFIED.,.F.,.F.,(4,2,4),(0.,0.0554999544300083,0.102931105279558),
 .UNSPECIFIED.);
#219=B_SPLINE_CURVE_WITH_KNOTS('',3,(#13940,#13941,#13942,#13943,#13944,
#13945),.UNSPECIFIED.,.F.,.F.,(4,2,4),(-0.0714902911000338,-0.0468943077891945,
-0.0213717416490439),.UNSPECIFIED.);
#220=B_SPLINE_CURVE_WITH_KNOTS('',3,(#13947,#13948,#13949,#13950,#13951,
#13952),.UNSPECIFIED.,.F.,.F.,(4,2,4),(-0.102931105279558,-0.0554999544300085,
0.),.UNSPECIFIED.);
#221=B_SPLINE_CURVE_WITH_KNOTS('',3,(#13956,#13957,#13958,#13959,#13960,
#13961),.UNSPECIFIED.,.F.,.F.,(4,2,4),(0.,0.0554999544300084,0.102931105279558),
 .UNSPECIFIED.);
#222=B_SPLINE_CURVE_WITH_KNOTS('',3,(#13963,#13964,#13965,#13966,#13967,
#13968),.UNSPECIFIED.,.F.,.F.,(4,2,4),(-0.06885676322196,-0.0449119284836978,
-0.0187162633393484),.UNSPECIFIED.);
#223=B_SPLINE_CURVE_WITH_KNOTS('',3,(#13970,#13971,#13972,#13973,#13974,
#13975),.UNSPECIFIED.,.F.,.F.,(4,2,4),(-0.102931105279558,-0.0554999544300081,
0.),.UNSPECIFIED.);
#224=B_SPLINE_CURVE_WITH_KNOTS('',3,(#13979,#13980,#13981,#13982,#13983,
#13984),.UNSPECIFIED.,.F.,.F.,(4,2,4),(0.,0.0554999544300084,0.102931105279558),
 .UNSPECIFIED.);
#225=B_SPLINE_CURVE_WITH_KNOTS('',3,(#13986,#13987,#13988,#13989,#13990,
#13991),.UNSPECIFIED.,.F.,.F.,(4,2,4),(-0.0647842935149057,-0.0412892104311349,
-0.0146301899475981),.UNSPECIFIED.);
#226=B_SPLINE_CURVE_WITH_KNOTS('',3,(#13993,#13994,#13995,#13996,#13997,
#13998),.UNSPECIFIED.,.F.,.F.,(4,2,4),(-0.102931105279558,-0.0554999544300085,
0.),.UNSPECIFIED.);
#227=B_SPLINE_CURVE_WITH_KNOTS('',3,(#14002,#14003,#14004,#14005,#14006,
#14007),.UNSPECIFIED.,.F.,.F.,(4,2,4),(0.,0.0554999544300081,0.102931105279558),
 .UNSPECIFIED.);
#228=B_SPLINE_CURVE_WITH_KNOTS('',3,(#14009,#14010,#14011,#14012,#14013,
#14014),.UNSPECIFIED.,.F.,.F.,(4,2,4),(-0.0596187114007201,-0.0362972509480263,
-0.00944902148797069),.UNSPECIFIED.);
#229=B_SPLINE_CURVE_WITH_KNOTS('',3,(#14016,#14017,#14018,#14019,#14020,
#14021),.UNSPECIFIED.,.F.,.F.,(4,2,4),(-0.102931105279558,-0.0554999544300081,
0.),.UNSPECIFIED.);
#230=B_SPLINE_CURVE_WITH_KNOTS('',3,(#14025,#14026,#14027,#14028,#14029,
#14030),.UNSPECIFIED.,.F.,.F.,(4,2,4),(-0.102931105279558,-0.0554999544300083,
0.),.UNSPECIFIED.);
#231=B_SPLINE_CURVE_WITH_KNOTS('',3,(#14032,#14033,#14034,#14035,#14036,
#14037),.UNSPECIFIED.,.F.,.F.,(4,2,4),(0.00297420853214724,0.0300051318681714,
0.0531217196281981),.UNSPECIFIED.);
#232=B_SPLINE_CURVE_WITH_KNOTS('',3,(#14039,#14040,#14041,#14042,#14043,
#14044),.UNSPECIFIED.,.F.,.F.,(4,2,4),(0.,0.0554999544300086,0.102931105279559),
 .UNSPECIFIED.);
#233=B_SPLINE_CURVE_WITH_KNOTS('',3,(#14048,#14049,#14050,#14051,#14052,
#14053),.UNSPECIFIED.,.F.,.F.,(4,2,4),(-0.102931105279558,-0.0554999544300083,
0.),.UNSPECIFIED.);
#234=B_SPLINE_CURVE_WITH_KNOTS('',3,(#14055,#14056,#14057,#14058,#14059,
#14060),.UNSPECIFIED.,.F.,.F.,(4,2,4),(0.,0.0251201311507261,0.0501114045982598),
 .UNSPECIFIED.);
#235=B_SPLINE_CURVE_WITH_KNOTS('',3,(#14062,#14063,#14064,#14065,#14066,
#14067),.UNSPECIFIED.,.F.,.F.,(4,2,4),(0.,0.0554999544300085,0.102931105279558),
 .UNSPECIFIED.);
#236=B_SPLINE_CURVE_WITH_KNOTS('',3,(#14071,#14072,#14073,#14074,#14075,
#14076),.UNSPECIFIED.,.F.,.F.,(4,2,4),(-0.102931105279558,-0.0554999544300081,
0.),.UNSPECIFIED.);
#237=B_SPLINE_CURVE_WITH_KNOTS('',3,(#14078,#14079,#14080,#14081,#14082,
#14083),.UNSPECIFIED.,.F.,.F.,(4,2,4),(0.0068858020388034,0.0299979855247601,
0.0570244705978267),.UNSPECIFIED.);
#238=B_SPLINE_CURVE_WITH_KNOTS('',3,(#14085,#14086,#14087,#14088,#14089,
#14090),.UNSPECIFIED.,.F.,.F.,(4,2,4),(0.,0.0554999544300081,0.102931105279558),
 .UNSPECIFIED.);
#239=B_SPLINE_CURVE_WITH_KNOTS('',3,(#14094,#14095,#14096,#14097,#14098,
#14099),.UNSPECIFIED.,.F.,.F.,(4,2,4),(-0.102931105279558,-0.0554999544300083,
0.),.UNSPECIFIED.);
#240=B_SPLINE_CURVE_WITH_KNOTS('',3,(#14101,#14102,#14103,#14104,#14105,
#14106),.UNSPECIFIED.,.F.,.F.,(4,2,4),(0.0129698396390738,0.0362825260915393,
0.0631226415207201),.UNSPECIFIED.);
#241=B_SPLINE_CURVE_WITH_KNOTS('',3,(#14108,#14109,#14110,#14111,#14112,
#14113),.UNSPECIFIED.,.F.,.F.,(4,2,4),(0.,0.0554999544300086,0.102931105279558),
 .UNSPECIFIED.);
#242=B_SPLINE_CURVE_WITH_KNOTS('',3,(#14117,#14118,#14119,#14120,#14121,
#14122),.UNSPECIFIED.,.F.,.F.,(4,2,4),(-0.102931105279558,-0.0554999544300081,
0.),.UNSPECIFIED.);
#243=B_SPLINE_CURVE_WITH_KNOTS('',3,(#14124,#14125,#14126,#14127,#14128,
#14129),.UNSPECIFIED.,.F.,.F.,(4,2,4),(0.0177864682480418,0.0412764639181076,
0.0679343611234135),.UNSPECIFIED.);
#244=B_SPLINE_CURVE_WITH_KNOTS('',3,(#14131,#14132,#14133,#14134,#14135,
#14136),.UNSPECIFIED.,.F.,.F.,(4,2,4),(0.,0.0554999544300081,0.102931105279558),
 .UNSPECIFIED.);
#245=B_SPLINE_CURVE_WITH_KNOTS('',3,(#14140,#14141,#14142,#14143,#14144,
#14145),.UNSPECIFIED.,.F.,.F.,(4,2,4),(0.,0.0554999544300084,0.102931105279559),
 .UNSPECIFIED.);
#246=B_SPLINE_CURVE_WITH_KNOTS('',3,(#14147,#14148,#14149,#14150,#14151,
#14152),.UNSPECIFIED.,.F.,.F.,(4,2,4),(-0.0710873727912173,-0.0448946921601928,
-0.0209604375057284),.UNSPECIFIED.);
#247=B_SPLINE_CURVE_WITH_KNOTS('',3,(#14154,#14155,#14156,#14157,#14158,
#14159),.UNSPECIFIED.,.F.,.F.,(4,2,4),(-0.102931105279558,-0.0554999544300085,
0.),.UNSPECIFIED.);
#248=B_SPLINE_CURVE_WITH_KNOTS('',3,(#14163,#14164,#14165,#14166,#14167,
#14168),.UNSPECIFIED.,.F.,.F.,(4,2,4),(0.,0.0554999544300084,0.102931105279558),
 .UNSPECIFIED.);
#249=B_SPLINE_CURVE_WITH_KNOTS('',3,(#14170,#14171,#14172,#14173,#14174,
#14175),.UNSPECIFIED.,.F.,.F.,(4,2,4),(-0.0724112943859877,-0.0468860534076255,
-0.0222988684772575),.UNSPECIFIED.);
#250=B_SPLINE_CURVE_WITH_KNOTS('',3,(#14177,#14178,#14179,#14180,#14181,
#14182),.UNSPECIFIED.,.F.,.F.,(4,2,4),(-0.102931105279558,-0.0554999544300085,
0.),.UNSPECIFIED.);
#251=B_SPLINE_CURVE_WITH_KNOTS('',3,(#14186,#14187,#14188,#14189,#14190,
#14191),.UNSPECIFIED.,.F.,.F.,(4,2,4),(0.,0.0554999544300083,0.102931105279558),
 .UNSPECIFIED.);
#252=B_SPLINE_CURVE_WITH_KNOTS('',3,(#14193,#14194,#14195,#14196,#14197,
#14198),.UNSPECIFIED.,.F.,.F.,(4,2,4),(-0.0718950632400714,-0.0471164995631334,
-0.0217800661439754),.UNSPECIFIED.);
#253=B_SPLINE_CURVE_WITH_KNOTS('',3,(#14200,#14201,#14202,#14203,#14204,
#14205),.UNSPECIFIED.,.F.,.F.,(4,2,4),(-0.102931105279559,-0.0554999544300085,
0.),.UNSPECIFIED.);
#254=B_SPLINE_CURVE_WITH_KNOTS('',3,(#14209,#14210,#14211,#14212,#14213,
#14214),.UNSPECIFIED.,.F.,.F.,(4,2,4),(0.,0.0554999544300084,0.102931105279558),
 .UNSPECIFIED.);
#255=B_SPLINE_CURVE_WITH_KNOTS('',3,(#14216,#14217,#14218,#14219,#14220,
#14221),.UNSPECIFIED.,.F.,.F.,(4,2,4),(-0.0696599873942337,-0.0455679941761183,
-0.019525705752323),.UNSPECIFIED.);
#256=B_SPLINE_CURVE_WITH_KNOTS('',3,(#14223,#14224,#14225,#14226,#14227,
#14228),.UNSPECIFIED.,.F.,.F.,(4,2,4),(-0.102931105279558,-0.0554999544300085,
0.),.UNSPECIFIED.);
#257=B_SPLINE_CURVE_WITH_KNOTS('',3,(#14232,#14233,#14234,#14235,#14236,
#14237),.UNSPECIFIED.,.F.,.F.,(4,2,4),(0.,0.0554999544300084,0.102931105279558),
 .UNSPECIFIED.);
#258=B_SPLINE_CURVE_WITH_KNOTS('',3,(#14239,#14240,#14241,#14242,#14243,
#14244),.UNSPECIFIED.,.F.,.F.,(4,2,4),(-0.0658852655886676,-0.0423171480425986,
-0.0157649796466375),.UNSPECIFIED.);
#259=B_SPLINE_CURVE_WITH_KNOTS('',3,(#14245,#14246,#14247,#14248,#14249,
#14250),.UNSPECIFIED.,.F.,.F.,(4,2,4),(-0.102931105279558,-0.0554999544300085,
0.),.UNSPECIFIED.);
#260=B_SPLINE_CURVE_WITH_KNOTS('',3,(#14254,#14255,#14256,#14257,#14258,
#14259),.UNSPECIFIED.,.F.,.F.,(4,2,4),(0.,0.0554999544300083,0.102931105279557),
 .UNSPECIFIED.);
#261=B_SPLINE_CURVE_WITH_KNOTS('',3,(#14261,#14262,#14263,#14264,#14265,
#14266),.UNSPECIFIED.,.F.,.F.,(4,2,4),(-0.0545474704901357,-0.0315250075296354,
-0.0043918337606807),.UNSPECIFIED.);
#262=B_SPLINE_CURVE_WITH_KNOTS('',3,(#14268,#14269,#14270,#14271,#14272,
#14273),.UNSPECIFIED.,.F.,.F.,(4,2,4),(-0.102931105279558,-0.055499954430008,
0.),.UNSPECIFIED.);
#263=B_SPLINE_CURVE_WITH_KNOTS('',3,(#14277,#14278,#14279,#14280,#14281,
#14282),.UNSPECIFIED.,.F.,.F.,(4,2,4),(0.,0.0554999544300084,0.102931105279558),
 .UNSPECIFIED.);
#264=B_SPLINE_CURVE_WITH_KNOTS('',3,(#14284,#14285,#14286,#14287,#14288,
#14289),.UNSPECIFIED.,.F.,.F.,(4,2,4),(-0.0502294068724788,-0.0260177848796837,
-0.000109802423753826),.UNSPECIFIED.);
#265=B_SPLINE_CURVE_WITH_KNOTS('',3,(#14291,#14292,#14293,#14294,#14295,
#14296),.UNSPECIFIED.,.F.,.F.,(4,2,4),(-0.102931105279558,-0.0554999544300085,
0.),.UNSPECIFIED.);
#266=B_SPLINE_CURVE_WITH_KNOTS('',3,(#14300,#14301,#14302,#14303,#14304,
#14305),.UNSPECIFIED.,.F.,.F.,(4,2,4),(0.,0.0554999544300083,0.102931105279559),
 .UNSPECIFIED.);
#267=B_SPLINE_CURVE_WITH_KNOTS('',3,(#14307,#14308,#14309,#14310,#14311,
#14312),.UNSPECIFIED.,.F.,.F.,(4,2,4),(-0.0553460759621022,-0.0285038732954947,
-0.00521496858654647),.UNSPECIFIED.);
#268=B_SPLINE_CURVE_WITH_KNOTS('',3,(#14314,#14315,#14316,#14317,#14318,
#14319),.UNSPECIFIED.,.F.,.F.,(4,2,4),(-0.102931105279558,-0.0554999544300082,
0.),.UNSPECIFIED.);
#269=B_SPLINE_CURVE_WITH_KNOTS('',3,(#14323,#14324,#14325,#14326,#14327,
#14328),.UNSPECIFIED.,.F.,.F.,(4,2,4),(0.,0.0554999544300084,0.102931105279558),
 .UNSPECIFIED.);
#270=B_SPLINE_CURVE_WITH_KNOTS('',3,(#14330,#14331,#14332,#14333,#14334,
#14335),.UNSPECIFIED.,.F.,.F.,(4,2,4),(-0.0616567677382499,-0.0346638419761109,
-0.0115461236164606),.UNSPECIFIED.);
#271=B_SPLINE_CURVE_WITH_KNOTS('',3,(#14337,#14338,#14339,#14340,#14341,
#14342),.UNSPECIFIED.,.F.,.F.,(4,2,4),(-0.102931105279558,-0.0554999544300085,
0.),.UNSPECIFIED.);
#272=B_SPLINE_CURVE_WITH_KNOTS('',3,(#14346,#14347,#14348,#14349,#14350,
#14351),.UNSPECIFIED.,.F.,.F.,(4,2,4),(0.,0.0554999544300084,0.102931105279558),
 .UNSPECIFIED.);
#273=B_SPLINE_CURVE_WITH_KNOTS('',3,(#14353,#14354,#14355,#14356,#14357,
#14358),.UNSPECIFIED.,.F.,.F.,(4,2,4),(-0.0667735987295922,-0.0400930119653357,
-0.0167130592853594),.UNSPECIFIED.);
#274=B_SPLINE_CURVE_WITH_KNOTS('',3,(#14360,#14361,#14362,#14363,#14364,
#14365),.UNSPECIFIED.,.F.,.F.,(4,2,4),(-0.102931105279558,-0.0554999544300084,
0.),.UNSPECIFIED.);
#275=B_SPLINE_CURVE_WITH_KNOTS('',3,(#14369,#14370,#14371,#14372,#14373,
#14374),.UNSPECIFIED.,.F.,.F.,(4,2,4),(0.,0.0554999544300084,0.102931105279558),
 .UNSPECIFIED.);
#276=B_SPLINE_CURVE_WITH_KNOTS('',3,(#14376,#14377,#14378,#14379,#14380,
#14381),.UNSPECIFIED.,.F.,.F.,(4,2,4),(-0.0704666802709603,-0.0441348263585789,
-0.0203345809997926),.UNSPECIFIED.);
#277=B_SPLINE_CURVE_WITH_KNOTS('',3,(#14383,#14384,#14385,#14386,#14387,
#14388),.UNSPECIFIED.,.F.,.F.,(4,2,4),(-0.102931105279558,-0.0554999544300081,
0.),.UNSPECIFIED.);
#278=B_SPLINE_CURVE_WITH_KNOTS('',3,(#14392,#14393,#14394,#14395,#14396,
#14397),.UNSPECIFIED.,.F.,.F.,(4,2,4),(0.,0.0554999544300083,0.102931105279558),
 .UNSPECIFIED.);
#279=B_SPLINE_CURVE_WITH_KNOTS('',3,(#14399,#14400,#14401,#14402,#14403,
#14404),.UNSPECIFIED.,.F.,.F.,(4,2,4),(-0.0722549477070774,-0.0465500609788034,
-0.0221402261842312),.UNSPECIFIED.);
#280=B_SPLINE_CURVE_WITH_KNOTS('',3,(#14406,#14407,#14408,#14409,#14410,
#14411),.UNSPECIFIED.,.F.,.F.,(4,2,4),(-0.102931105279558,-0.0554999544300085,
0.),.UNSPECIFIED.);
#281=B_SPLINE_CURVE_WITH_KNOTS('',3,(#14415,#14416,#14417,#14418,#14419,
#14420),.UNSPECIFIED.,.F.,.F.,(4,2,4),(0.,0.0554999544300084,0.102931105279558),
 .UNSPECIFIED.);
#282=B_SPLINE_CURVE_WITH_KNOTS('',3,(#14422,#14423,#14424,#14425,#14426,
#14427),.UNSPECIFIED.,.F.,.F.,(4,2,4),(-0.0721919251009272,-0.0472269349788962,
-0.0220793748551158),.UNSPECIFIED.);
#283=B_SPLINE_CURVE_WITH_KNOTS('',3,(#14429,#14430,#14431,#14432,#14433,
#14434),.UNSPECIFIED.,.F.,.F.,(4,2,4),(-0.102931105279558,-0.0554999544300085,
0.),.UNSPECIFIED.);
#284=B_SPLINE_CURVE_WITH_KNOTS('',3,(#14438,#14439,#14440,#14441,#14442,
#14443),.UNSPECIFIED.,.F.,.F.,(4,2,4),(0.,0.0554999544300084,0.102931105279558),
 .UNSPECIFIED.);
#285=B_SPLINE_CURVE_WITH_KNOTS('',3,(#14445,#14446,#14447,#14448,#14449,
#14450),.UNSPECIFIED.,.F.,.F.,(4,2,4),(-0.0703692544593722,-0.046118508047777,
-0.020240864516927),.UNSPECIFIED.);
#286=B_SPLINE_CURVE_WITH_KNOTS('',3,(#14452,#14453,#14454,#14455,#14456,
#14457),.UNSPECIFIED.,.F.,.F.,(4,2,4),(-0.102931105279558,-0.0554999544300085,
0.),.UNSPECIFIED.);
#287=B_SPLINE_CURVE_WITH_KNOTS('',3,(#14461,#14462,#14463,#14464,#14465,
#14466),.UNSPECIFIED.,.F.,.F.,(4,2,4),(0.,0.0554999544300084,0.102931105279558),
 .UNSPECIFIED.);
#288=B_SPLINE_CURVE_WITH_KNOTS('',3,(#14468,#14469,#14470,#14471,#14472,
#14473),.UNSPECIFIED.,.F.,.F.,(4,2,4),(-0.0668931517796783,-0.043243291999399,
-0.0168228011007983),.UNSPECIFIED.);
#289=B_SPLINE_CURVE_WITH_KNOTS('',3,(#14475,#14476,#14477,#14478,#14479,
#14480),.UNSPECIFIED.,.F.,.F.,(4,2,4),(-0.102931105279559,-0.0554999544300085,
0.),.UNSPECIFIED.);
#290=B_SPLINE_CURVE_WITH_KNOTS('',3,(#14484,#14485,#14486,#14487,#14488,
#14489),.UNSPECIFIED.,.F.,.F.,(4,2,4),(-0.102931105279558,-0.0554999544300081,
0.),.UNSPECIFIED.);
#291=B_SPLINE_CURVE_WITH_KNOTS('',3,(#14491,#14492,#14493,#14494,#14495,
#14496),.UNSPECIFIED.,.F.,.F.,(4,2,4),(0.012152853264645,0.0389378769651005,
0.0623069381276242),.UNSPECIFIED.);
#292=B_SPLINE_CURVE_WITH_KNOTS('',3,(#14498,#14499,#14500,#14501,#14502,
#14503),.UNSPECIFIED.,.F.,.F.,(4,2,4),(0.,0.0554999544300081,0.102931105279558),
 .UNSPECIFIED.);
#293=B_SPLINE_CURVE_WITH_KNOTS('',3,(#14507,#14508,#14509,#14510,#14511,
#14512),.UNSPECIFIED.,.F.,.F.,(4,2,4),(-0.102931105279558,-0.0554999544300081,
0.),.UNSPECIFIED.);
#294=B_SPLINE_CURVE_WITH_KNOTS('',3,(#14514,#14515,#14516,#14517,#14518,
#14519),.UNSPECIFIED.,.F.,.F.,(4,2,4),(0.00594546374790464,0.0330843270341603,
0.05611809405771),.UNSPECIFIED.);
#295=B_SPLINE_CURVE_WITH_KNOTS('',3,(#14521,#14522,#14523,#14524,#14525,
#14526),.UNSPECIFIED.,.F.,.F.,(4,2,4),(0.,0.0554999544300081,0.102931105279558),
 .UNSPECIFIED.);
#296=B_SPLINE_CURVE_WITH_KNOTS('',3,(#14530,#14531,#14532,#14533,#14534,
#14535),.UNSPECIFIED.,.F.,.F.,(4,2,4),(-0.102931105279558,-0.0554999544300081,
0.),.UNSPECIFIED.);
#297=B_SPLINE_CURVE_WITH_KNOTS('',3,(#14537,#14538,#14539,#14540,#14541,
#14542),.UNSPECIFIED.,.F.,.F.,(4,2,4),(0.000384340653426498,0.0270213962559334,
0.0505119294520704),.UNSPECIFIED.);
#298=B_SPLINE_CURVE_WITH_KNOTS('',3,(#14544,#14545,#14546,#14547,#14548,
#14549),.UNSPECIFIED.,.F.,.F.,(4,2,4),(0.,0.0554999544300082,0.102931105279558),
 .UNSPECIFIED.);
#299=STYLED_ITEM('',(#15478),#302);
#300=STYLED_ITEM('',(#15478),#303);
#301=STYLED_ITEM('',(#15478),#304);
#302=MANIFOLD_SOLID_BREP('Body9',#8445);
#303=MANIFOLD_SOLID_BREP('Body10',#8446);
#304=MANIFOLD_SOLID_BREP('Body61',#8447);
#305=CYLINDRICAL_SURFACE('',#8470,2.);
#306=CYLINDRICAL_SURFACE('',#8474,2.);
#307=CYLINDRICAL_SURFACE('',#8484,0.0127000254000442);
#308=CYLINDRICAL_SURFACE('',#8491,3.01270510541);
#309=CYLINDRICAL_SURFACE('',#8494,2.51270510541);
#310=CYLINDRICAL_SURFACE('',#8506,0.0127000254000442);
#311=CYLINDRICAL_SURFACE('',#8509,0.0127000254000445);
#312=CYLINDRICAL_SURFACE('',#8527,0.0127000254000464);
#313=CYLINDRICAL_SURFACE('',#8534,1.);
#314=CYLINDRICAL_SURFACE('',#8538,1.);
#315=CYLINDRICAL_SURFACE('',#8541,1.);
#316=CYLINDRICAL_SURFACE('',#8545,1.);
#317=CYLINDRICAL_SURFACE('',#8549,2.);
#318=CYLINDRICAL_SURFACE('',#8553,3.01270510541);
#319=CYLINDRICAL_SURFACE('',#8557,2.);
#320=CYLINDRICAL_SURFACE('',#8561,2.51270510541);
#321=CYLINDRICAL_SURFACE('',#8565,2.5);
#322=CYLINDRICAL_SURFACE('',#8567,2.5);
#323=CYLINDRICAL_SURFACE('',#8569,2.5);
#324=CYLINDRICAL_SURFACE('',#8571,2.5);
#325=CYLINDRICAL_SURFACE('',#8573,2.5);
#326=CYLINDRICAL_SURFACE('',#8575,2.5);
#327=CYLINDRICAL_SURFACE('',#8576,2.5);
#328=CYLINDRICAL_SURFACE('',#8577,2.5);
#329=CYLINDRICAL_SURFACE('',#8579,2.5);
#330=CYLINDRICAL_SURFACE('',#8588,3.499999969862);
#331=CYLINDRICAL_SURFACE('',#8669,0.5);
#332=CYLINDRICAL_SURFACE('',#8671,0.5);
#333=CYLINDRICAL_SURFACE('',#8723,4.5);
#334=CYLINDRICAL_SURFACE('',#8776,0.5);
#335=CYLINDRICAL_SURFACE('',#8778,0.5);
#336=CYLINDRICAL_SURFACE('',#8782,4.5);
#337=CYLINDRICAL_SURFACE('',#8786,0.5);
#338=CYLINDRICAL_SURFACE('',#8788,0.5);
#339=CYLINDRICAL_SURFACE('',#8792,4.5);
#340=CYLINDRICAL_SURFACE('',#8796,0.5);
#341=CYLINDRICAL_SURFACE('',#8798,0.5);
#342=CYLINDRICAL_SURFACE('',#8802,4.5);
#343=CYLINDRICAL_SURFACE('',#8806,0.5);
#344=CYLINDRICAL_SURFACE('',#8808,0.5);
#345=CYLINDRICAL_SURFACE('',#8812,4.5);
#346=CYLINDRICAL_SURFACE('',#8816,0.5);
#347=CYLINDRICAL_SURFACE('',#8818,0.5);
#348=CYLINDRICAL_SURFACE('',#8822,4.5);
#349=CYLINDRICAL_SURFACE('',#8826,0.5);
#350=CYLINDRICAL_SURFACE('',#8828,0.5);
#351=CYLINDRICAL_SURFACE('',#8832,4.5);
#352=CYLINDRICAL_SURFACE('',#8836,0.5);
#353=CYLINDRICAL_SURFACE('',#8838,0.5);
#354=CYLINDRICAL_SURFACE('',#8842,4.5);
#355=CYLINDRICAL_SURFACE('',#8846,0.5);
#356=CYLINDRICAL_SURFACE('',#8848,0.5);
#357=CYLINDRICAL_SURFACE('',#8852,4.5);
#358=CYLINDRICAL_SURFACE('',#8856,0.5);
#359=CYLINDRICAL_SURFACE('',#8858,0.5);
#360=CYLINDRICAL_SURFACE('',#8862,4.5);
#361=CYLINDRICAL_SURFACE('',#8866,0.5);
#362=CYLINDRICAL_SURFACE('',#8868,0.5);
#363=CYLINDRICAL_SURFACE('',#8872,4.5);
#364=CYLINDRICAL_SURFACE('',#8876,0.5);
#365=CYLINDRICAL_SURFACE('',#8878,0.5);
#366=CYLINDRICAL_SURFACE('',#8882,4.5);
#367=CYLINDRICAL_SURFACE('',#8886,0.5);
#368=CYLINDRICAL_SURFACE('',#8888,0.5);
#369=CYLINDRICAL_SURFACE('',#8892,4.5);
#370=CYLINDRICAL_SURFACE('',#8896,0.5);
#371=CYLINDRICAL_SURFACE('',#8898,0.5);
#372=CYLINDRICAL_SURFACE('',#8902,4.5);
#373=CYLINDRICAL_SURFACE('',#8906,0.5);
#374=CYLINDRICAL_SURFACE('',#8908,0.5);
#375=CYLINDRICAL_SURFACE('',#8912,4.5);
#376=CYLINDRICAL_SURFACE('',#8916,0.5);
#377=CYLINDRICAL_SURFACE('',#8918,0.5);
#378=CYLINDRICAL_SURFACE('',#8922,4.5);
#379=CYLINDRICAL_SURFACE('',#8926,0.5);
#380=CYLINDRICAL_SURFACE('',#8928,0.5);
#381=CYLINDRICAL_SURFACE('',#8932,4.5);
#382=CYLINDRICAL_SURFACE('',#8936,0.5);
#383=CYLINDRICAL_SURFACE('',#8938,0.5);
#384=CYLINDRICAL_SURFACE('',#8942,4.5);
#385=CYLINDRICAL_SURFACE('',#8946,0.5);
#386=CYLINDRICAL_SURFACE('',#8948,0.5);
#387=CYLINDRICAL_SURFACE('',#8952,4.5);
#388=CYLINDRICAL_SURFACE('',#8956,0.5);
#389=CYLINDRICAL_SURFACE('',#8958,0.5);
#390=CYLINDRICAL_SURFACE('',#8962,4.5);
#391=CYLINDRICAL_SURFACE('',#8966,0.5);
#392=CYLINDRICAL_SURFACE('',#8968,0.5);
#393=CYLINDRICAL_SURFACE('',#8972,4.5);
#394=CYLINDRICAL_SURFACE('',#8976,0.5);
#395=CYLINDRICAL_SURFACE('',#8978,0.5);
#396=CYLINDRICAL_SURFACE('',#8982,4.5);
#397=CYLINDRICAL_SURFACE('',#8986,0.5);
#398=CYLINDRICAL_SURFACE('',#8988,0.5);
#399=CYLINDRICAL_SURFACE('',#8992,4.5);
#400=CYLINDRICAL_SURFACE('',#8996,0.5);
#401=CYLINDRICAL_SURFACE('',#8998,0.5);
#402=CYLINDRICAL_SURFACE('',#9002,4.5);
#403=CYLINDRICAL_SURFACE('',#9006,0.5);
#404=CYLINDRICAL_SURFACE('',#9008,0.5);
#405=CYLINDRICAL_SURFACE('',#9012,4.5);
#406=CYLINDRICAL_SURFACE('',#9016,0.5);
#407=CYLINDRICAL_SURFACE('',#9018,0.5);
#408=CYLINDRICAL_SURFACE('',#9022,4.5);
#409=CYLINDRICAL_SURFACE('',#9026,0.5);
#410=CYLINDRICAL_SURFACE('',#9028,0.5);
#411=CYLINDRICAL_SURFACE('',#9032,4.5);
#412=CYLINDRICAL_SURFACE('',#9036,0.5);
#413=CYLINDRICAL_SURFACE('',#9038,0.5);
#414=CYLINDRICAL_SURFACE('',#9042,4.5);
#415=CYLINDRICAL_SURFACE('',#9046,0.5);
#416=CYLINDRICAL_SURFACE('',#9048,0.5);
#417=CYLINDRICAL_SURFACE('',#9052,4.5);
#418=CYLINDRICAL_SURFACE('',#9056,0.5);
#419=CYLINDRICAL_SURFACE('',#9058,0.5);
#420=CYLINDRICAL_SURFACE('',#9062,4.5);
#421=CYLINDRICAL_SURFACE('',#9066,0.5);
#422=CYLINDRICAL_SURFACE('',#9068,0.5);
#423=CYLINDRICAL_SURFACE('',#9072,4.5);
#424=CYLINDRICAL_SURFACE('',#9076,0.5);
#425=CYLINDRICAL_SURFACE('',#9078,0.5);
#426=CYLINDRICAL_SURFACE('',#9082,4.5);
#427=CYLINDRICAL_SURFACE('',#9086,0.5);
#428=CYLINDRICAL_SURFACE('',#9088,0.5);
#429=CYLINDRICAL_SURFACE('',#9092,4.5);
#430=CYLINDRICAL_SURFACE('',#9096,0.5);
#431=CYLINDRICAL_SURFACE('',#9098,0.5);
#432=CYLINDRICAL_SURFACE('',#9102,4.5);
#433=CYLINDRICAL_SURFACE('',#9106,0.5);
#434=CYLINDRICAL_SURFACE('',#9108,0.5);
#435=CYLINDRICAL_SURFACE('',#9112,4.5);
#436=CYLINDRICAL_SURFACE('',#9116,0.5);
#437=CYLINDRICAL_SURFACE('',#9118,0.5);
#438=CYLINDRICAL_SURFACE('',#9122,4.5);
#439=CYLINDRICAL_SURFACE('',#9123,4.5);
#440=CYLINDRICAL_SURFACE('',#9124,4.5);
#441=CYLINDRICAL_SURFACE('',#9125,4.5);
#442=CYLINDRICAL_SURFACE('',#9126,4.5);
#443=CYLINDRICAL_SURFACE('',#9127,4.5);
#444=CYLINDRICAL_SURFACE('',#9128,4.5);
#445=CYLINDRICAL_SURFACE('',#9129,4.5);
#446=CYLINDRICAL_SURFACE('',#9130,4.5);
#447=CYLINDRICAL_SURFACE('',#9132,4.5);
#448=CYLINDRICAL_SURFACE('',#9136,2.999999974168);
#449=CYLINDRICAL_SURFACE('',#9143,0.5);
#450=CYLINDRICAL_SURFACE('',#9148,0.5);
#451=CYLINDRICAL_SURFACE('',#9153,0.5);
#452=CYLINDRICAL_SURFACE('',#9158,0.5);
#453=CYLINDRICAL_SURFACE('',#9160,0.5);
#454=CYLINDRICAL_SURFACE('',#9165,0.5);
#455=CYLINDRICAL_SURFACE('',#9171,0.5);
#456=CYLINDRICAL_SURFACE('',#9175,0.5);
#457=CYLINDRICAL_SURFACE('',#9179,0.5);
#458=CYLINDRICAL_SURFACE('',#9183,0.5);
#459=CYLINDRICAL_SURFACE('',#9188,0.5);
#460=CYLINDRICAL_SURFACE('',#9193,0.5);
#461=CYLINDRICAL_SURFACE('',#9198,0.5);
#462=CYLINDRICAL_SURFACE('',#9200,0.5);
#463=CYLINDRICAL_SURFACE('',#9205,0.5);
#464=CYLINDRICAL_SURFACE('',#9213,0.5);
#465=CYLINDRICAL_SURFACE('',#9217,0.5);
#466=CYLINDRICAL_SURFACE('',#9219,0.5);
#467=FACE_BOUND('',#957,.T.);
#468=FACE_BOUND('',#958,.T.);
#469=FACE_BOUND('',#959,.T.);
#470=FACE_BOUND('',#976,.T.);
#471=FACE_BOUND('',#979,.T.);
#472=FACE_BOUND('',#1026,.T.);
#473=FACE_BOUND('',#1031,.T.);
#474=FACE_BOUND('',#1047,.T.);
#475=FACE_BOUND('',#1048,.T.);
#476=FACE_BOUND('',#1049,.T.);
#477=FACE_BOUND('',#1050,.T.);
#478=FACE_BOUND('',#1051,.T.);
#479=FACE_BOUND('',#1052,.T.);
#480=FACE_BOUND('',#1053,.T.);
#481=FACE_BOUND('',#1054,.T.);
#482=FACE_BOUND('',#1055,.T.);
#483=FACE_BOUND('',#1056,.T.);
#484=FACE_BOUND('',#1057,.T.);
#485=FACE_BOUND('',#1058,.T.);
#486=FACE_BOUND('',#1059,.T.);
#487=FACE_BOUND('',#1060,.T.);
#488=FACE_BOUND('',#1061,.T.);
#489=FACE_BOUND('',#1062,.T.);
#490=FACE_BOUND('',#1063,.T.);
#491=FACE_BOUND('',#1131,.T.);
#492=FACE_BOUND('',#1132,.T.);
#493=FACE_BOUND('',#1133,.T.);
#494=FACE_BOUND('',#1134,.T.);
#495=FACE_BOUND('',#1135,.T.);
#496=FACE_BOUND('',#1136,.T.);
#497=FACE_BOUND('',#1137,.T.);
#498=FACE_BOUND('',#1138,.T.);
#499=FACE_BOUND('',#1139,.T.);
#500=FACE_BOUND('',#1140,.T.);
#501=FACE_BOUND('',#1141,.T.);
#502=FACE_BOUND('',#1142,.T.);
#503=FACE_BOUND('',#1143,.T.);
#504=FACE_BOUND('',#1144,.T.);
#505=FACE_BOUND('',#1145,.T.);
#506=FACE_BOUND('',#1146,.T.);
#507=FACE_BOUND('',#1147,.T.);
#508=FACE_BOUND('',#1148,.T.);
#509=FACE_BOUND('',#1149,.T.);
#510=FACE_BOUND('',#1153,.T.);
#511=FACE_BOUND('',#1159,.T.);
#512=FACE_BOUND('',#1163,.T.);
#513=FACE_OUTER_BOUND('',#954,.T.);
#514=FACE_OUTER_BOUND('',#955,.T.);
#515=FACE_OUTER_BOUND('',#956,.T.);
#516=FACE_OUTER_BOUND('',#960,.T.);
#517=FACE_OUTER_BOUND('',#961,.T.);
#518=FACE_OUTER_BOUND('',#962,.T.);
#519=FACE_OUTER_BOUND('',#963,.T.);
#520=FACE_OUTER_BOUND('',#964,.T.);
#521=FACE_OUTER_BOUND('',#965,.T.);
#522=FACE_OUTER_BOUND('',#966,.T.);
#523=FACE_OUTER_BOUND('',#967,.T.);
#524=FACE_OUTER_BOUND('',#968,.T.);
#525=FACE_OUTER_BOUND('',#969,.T.);
#526=FACE_OUTER_BOUND('',#970,.T.);
#527=FACE_OUTER_BOUND('',#971,.T.);
#528=FACE_OUTER_BOUND('',#972,.T.);
#529=FACE_OUTER_BOUND('',#973,.T.);
#530=FACE_OUTER_BOUND('',#974,.T.);
#531=FACE_OUTER_BOUND('',#975,.T.);
#532=FACE_OUTER_BOUND('',#977,.T.);
#533=FACE_OUTER_BOUND('',#978,.T.);
#534=FACE_OUTER_BOUND('',#980,.T.);
#535=FACE_OUTER_BOUND('',#981,.T.);
#536=FACE_OUTER_BOUND('',#982,.T.);
#537=FACE_OUTER_BOUND('',#983,.T.);
#538=FACE_OUTER_BOUND('',#984,.T.);
#539=FACE_OUTER_BOUND('',#985,.T.);
#540=FACE_OUTER_BOUND('',#986,.T.);
#541=FACE_OUTER_BOUND('',#987,.T.);
#542=FACE_OUTER_BOUND('',#988,.T.);
#543=FACE_OUTER_BOUND('',#989,.T.);
#544=FACE_OUTER_BOUND('',#990,.T.);
#545=FACE_OUTER_BOUND('',#991,.T.);
#546=FACE_OUTER_BOUND('',#992,.T.);
#547=FACE_OUTER_BOUND('',#993,.T.);
#548=FACE_OUTER_BOUND('',#994,.T.);
#549=FACE_OUTER_BOUND('',#995,.T.);
#550=FACE_OUTER_BOUND('',#996,.T.);
#551=FACE_OUTER_BOUND('',#997,.T.);
#552=FACE_OUTER_BOUND('',#998,.T.);
#553=FACE_OUTER_BOUND('',#999,.T.);
#554=FACE_OUTER_BOUND('',#1000,.T.);
#555=FACE_OUTER_BOUND('',#1001,.T.);
#556=FACE_OUTER_BOUND('',#1002,.T.);
#557=FACE_OUTER_BOUND('',#1003,.T.);
#558=FACE_OUTER_BOUND('',#1004,.T.);
#559=FACE_OUTER_BOUND('',#1005,.T.);
#560=FACE_OUTER_BOUND('',#1006,.T.);
#561=FACE_OUTER_BOUND('',#1007,.T.);
#562=FACE_OUTER_BOUND('',#1008,.T.);
#563=FACE_OUTER_BOUND('',#1009,.T.);
#564=FACE_OUTER_BOUND('',#1010,.T.);
#565=FACE_OUTER_BOUND('',#1011,.T.);
#566=FACE_OUTER_BOUND('',#1012,.T.);
#567=FACE_OUTER_BOUND('',#1013,.T.);
#568=FACE_OUTER_BOUND('',#1014,.T.);
#569=FACE_OUTER_BOUND('',#1015,.T.);
#570=FACE_OUTER_BOUND('',#1016,.T.);
#571=FACE_OUTER_BOUND('',#1017,.T.);
#572=FACE_OUTER_BOUND('',#1018,.T.);
#573=FACE_OUTER_BOUND('',#1019,.T.);
#574=FACE_OUTER_BOUND('',#1020,.T.);
#575=FACE_OUTER_BOUND('',#1021,.T.);
#576=FACE_OUTER_BOUND('',#1022,.T.);
#577=FACE_OUTER_BOUND('',#1023,.T.);
#578=FACE_OUTER_BOUND('',#1024,.T.);
#579=FACE_OUTER_BOUND('',#1025,.T.);
#580=FACE_OUTER_BOUND('',#1027,.T.);
#581=FACE_OUTER_BOUND('',#1028,.T.);
#582=FACE_OUTER_BOUND('',#1029,.T.);
#583=FACE_OUTER_BOUND('',#1030,.T.);
#584=FACE_OUTER_BOUND('',#1032,.T.);
#585=FACE_OUTER_BOUND('',#1033,.T.);
#586=FACE_OUTER_BOUND('',#1034,.T.);
#587=FACE_OUTER_BOUND('',#1035,.T.);
#588=FACE_OUTER_BOUND('',#1036,.T.);
#589=FACE_OUTER_BOUND('',#1037,.T.);
#590=FACE_OUTER_BOUND('',#1038,.T.);
#591=FACE_OUTER_BOUND('',#1039,.T.);
#592=FACE_OUTER_BOUND('',#1040,.T.);
#593=FACE_OUTER_BOUND('',#1041,.T.);
#594=FACE_OUTER_BOUND('',#1042,.T.);
#595=FACE_OUTER_BOUND('',#1043,.T.);
#596=FACE_OUTER_BOUND('',#1044,.T.);
#597=FACE_OUTER_BOUND('',#1045,.T.);
#598=FACE_OUTER_BOUND('',#1046,.T.);
#599=FACE_OUTER_BOUND('',#1064,.T.);
#600=FACE_OUTER_BOUND('',#1065,.T.);
#601=FACE_OUTER_BOUND('',#1066,.T.);
#602=FACE_OUTER_BOUND('',#1067,.T.);
#603=FACE_OUTER_BOUND('',#1068,.T.);
#604=FACE_OUTER_BOUND('',#1069,.T.);
#605=FACE_OUTER_BOUND('',#1070,.T.);
#606=FACE_OUTER_BOUND('',#1071,.T.);
#607=FACE_OUTER_BOUND('',#1072,.T.);
#608=FACE_OUTER_BOUND('',#1073,.T.);
#609=FACE_OUTER_BOUND('',#1074,.T.);
#610=FACE_OUTER_BOUND('',#1075,.T.);
#611=FACE_OUTER_BOUND('',#1076,.T.);
#612=FACE_OUTER_BOUND('',#1077,.T.);
#613=FACE_OUTER_BOUND('',#1078,.T.);
#614=FACE_OUTER_BOUND('',#1079,.T.);
#615=FACE_OUTER_BOUND('',#1080,.T.);
#616=FACE_OUTER_BOUND('',#1081,.T.);
#617=FACE_OUTER_BOUND('',#1082,.T.);
#618=FACE_OUTER_BOUND('',#1083,.T.);
#619=FACE_OUTER_BOUND('',#1084,.T.);
#620=FACE_OUTER_BOUND('',#1085,.T.);
#621=FACE_OUTER_BOUND('',#1086,.T.);
#622=FACE_OUTER_BOUND('',#1087,.T.);
#623=FACE_OUTER_BOUND('',#1088,.T.);
#624=FACE_OUTER_BOUND('',#1089,.T.);
#625=FACE_OUTER_BOUND('',#1090,.T.);
#626=FACE_OUTER_BOUND('',#1091,.T.);
#627=FACE_OUTER_BOUND('',#1092,.T.);
#628=FACE_OUTER_BOUND('',#1093,.T.);
#629=FACE_OUTER_BOUND('',#1094,.T.);
#630=FACE_OUTER_BOUND('',#1095,.T.);
#631=FACE_OUTER_BOUND('',#1096,.T.);
#632=FACE_OUTER_BOUND('',#1097,.T.);
#633=FACE_OUTER_BOUND('',#1098,.T.);
#634=FACE_OUTER_BOUND('',#1099,.T.);
#635=FACE_OUTER_BOUND('',#1100,.T.);
#636=FACE_OUTER_BOUND('',#1101,.T.);
#637=FACE_OUTER_BOUND('',#1102,.T.);
#638=FACE_OUTER_BOUND('',#1103,.T.);
#639=FACE_OUTER_BOUND('',#1104,.T.);
#640=FACE_OUTER_BOUND('',#1105,.T.);
#641=FACE_OUTER_BOUND('',#1106,.T.);
#642=FACE_OUTER_BOUND('',#1107,.T.);
#643=FACE_OUTER_BOUND('',#1108,.T.);
#644=FACE_OUTER_BOUND('',#1109,.T.);
#645=FACE_OUTER_BOUND('',#1110,.T.);
#646=FACE_OUTER_BOUND('',#1111,.T.);
#647=FACE_OUTER_BOUND('',#1112,.T.);
#648=FACE_OUTER_BOUND('',#1113,.T.);
#649=FACE_OUTER_BOUND('',#1114,.T.);
#650=FACE_OUTER_BOUND('',#1115,.T.);
#651=FACE_OUTER_BOUND('',#1116,.T.);
#652=FACE_OUTER_BOUND('',#1117,.T.);
#653=FACE_OUTER_BOUND('',#1118,.T.);
#654=FACE_OUTER_BOUND('',#1119,.T.);
#655=FACE_OUTER_BOUND('',#1120,.T.);
#656=FACE_OUTER_BOUND('',#1121,.T.);
#657=FACE_OUTER_BOUND('',#1122,.T.);
#658=FACE_OUTER_BOUND('',#1123,.T.);
#659=FACE_OUTER_BOUND('',#1124,.T.);
#660=FACE_OUTER_BOUND('',#1125,.T.);
#661=FACE_OUTER_BOUND('',#1126,.T.);
#662=FACE_OUTER_BOUND('',#1127,.T.);
#663=FACE_OUTER_BOUND('',#1128,.T.);
#664=FACE_OUTER_BOUND('',#1129,.T.);
#665=FACE_OUTER_BOUND('',#1130,.T.);
#666=FACE_OUTER_BOUND('',#1150,.T.);
#667=FACE_OUTER_BOUND('',#1151,.T.);
#668=FACE_OUTER_BOUND('',#1152,.T.);
#669=FACE_OUTER_BOUND('',#1154,.T.);
#670=FACE_OUTER_BOUND('',#1155,.T.);
#671=FACE_OUTER_BOUND('',#1156,.T.);
#672=FACE_OUTER_BOUND('',#1157,.T.);
#673=FACE_OUTER_BOUND('',#1158,.T.);
#674=FACE_OUTER_BOUND('',#1160,.T.);
#675=FACE_OUTER_BOUND('',#1161,.T.);
#676=FACE_OUTER_BOUND('',#1162,.T.);
#677=FACE_OUTER_BOUND('',#1164,.T.);
#678=FACE_OUTER_BOUND('',#1165,.T.);
#679=FACE_OUTER_BOUND('',#1166,.T.);
#680=FACE_OUTER_BOUND('',#1167,.T.);
#681=FACE_OUTER_BOUND('',#1168,.T.);
#682=FACE_OUTER_BOUND('',#1169,.T.);
#683=FACE_OUTER_BOUND('',#1170,.T.);
#684=FACE_OUTER_BOUND('',#1171,.T.);
#685=FACE_OUTER_BOUND('',#1172,.T.);
#686=FACE_OUTER_BOUND('',#1173,.T.);
#687=FACE_OUTER_BOUND('',#1174,.T.);
#688=FACE_OUTER_BOUND('',#1175,.T.);
#689=FACE_OUTER_BOUND('',#1176,.T.);
#690=FACE_OUTER_BOUND('',#1177,.T.);
#691=FACE_OUTER_BOUND('',#1178,.T.);
#692=FACE_OUTER_BOUND('',#1179,.T.);
#693=FACE_OUTER_BOUND('',#1180,.T.);
#694=FACE_OUTER_BOUND('',#1181,.T.);
#695=FACE_OUTER_BOUND('',#1182,.T.);
#696=FACE_OUTER_BOUND('',#1183,.T.);
#697=FACE_OUTER_BOUND('',#1184,.T.);
#698=FACE_OUTER_BOUND('',#1185,.T.);
#699=FACE_OUTER_BOUND('',#1186,.T.);
#700=FACE_OUTER_BOUND('',#1187,.T.);
#701=FACE_OUTER_BOUND('',#1188,.T.);
#702=FACE_OUTER_BOUND('',#1189,.T.);
#703=FACE_OUTER_BOUND('',#1190,.T.);
#704=FACE_OUTER_BOUND('',#1191,.T.);
#705=FACE_OUTER_BOUND('',#1192,.T.);
#706=FACE_OUTER_BOUND('',#1193,.T.);
#707=FACE_OUTER_BOUND('',#1194,.T.);
#708=FACE_OUTER_BOUND('',#1195,.T.);
#709=FACE_OUTER_BOUND('',#1196,.T.);
#710=FACE_OUTER_BOUND('',#1197,.T.);
#711=FACE_OUTER_BOUND('',#1198,.T.);
#712=FACE_OUTER_BOUND('',#1199,.T.);
#713=FACE_OUTER_BOUND('',#1200,.T.);
#714=FACE_OUTER_BOUND('',#1201,.T.);
#715=FACE_OUTER_BOUND('',#1202,.T.);
#716=FACE_OUTER_BOUND('',#1203,.T.);
#717=FACE_OUTER_BOUND('',#1204,.T.);
#718=FACE_OUTER_BOUND('',#1205,.T.);
#719=FACE_OUTER_BOUND('',#1206,.T.);
#720=FACE_OUTER_BOUND('',#1207,.T.);
#721=FACE_OUTER_BOUND('',#1208,.T.);
#722=FACE_OUTER_BOUND('',#1209,.T.);
#723=FACE_OUTER_BOUND('',#1210,.T.);
#724=FACE_OUTER_BOUND('',#1211,.T.);
#725=FACE_OUTER_BOUND('',#1212,.T.);
#726=FACE_OUTER_BOUND('',#1213,.T.);
#727=FACE_OUTER_BOUND('',#1214,.T.);
#728=FACE_OUTER_BOUND('',#1215,.T.);
#729=FACE_OUTER_BOUND('',#1216,.T.);
#730=FACE_OUTER_BOUND('',#1217,.T.);
#731=FACE_OUTER_BOUND('',#1218,.T.);
#732=FACE_OUTER_BOUND('',#1219,.T.);
#733=FACE_OUTER_BOUND('',#1220,.T.);
#734=FACE_OUTER_BOUND('',#1221,.T.);
#735=FACE_OUTER_BOUND('',#1222,.T.);
#736=FACE_OUTER_BOUND('',#1223,.T.);
#737=FACE_OUTER_BOUND('',#1224,.T.);
#738=FACE_OUTER_BOUND('',#1225,.T.);
#739=FACE_OUTER_BOUND('',#1226,.T.);
#740=FACE_OUTER_BOUND('',#1227,.T.);
#741=FACE_OUTER_BOUND('',#1228,.T.);
#742=FACE_OUTER_BOUND('',#1229,.T.);
#743=FACE_OUTER_BOUND('',#1230,.T.);
#744=FACE_OUTER_BOUND('',#1231,.T.);
#745=FACE_OUTER_BOUND('',#1232,.T.);
#746=FACE_OUTER_BOUND('',#1233,.T.);
#747=FACE_OUTER_BOUND('',#1234,.T.);
#748=FACE_OUTER_BOUND('',#1235,.T.);
#749=FACE_OUTER_BOUND('',#1236,.T.);
#750=FACE_OUTER_BOUND('',#1237,.T.);
#751=FACE_OUTER_BOUND('',#1238,.T.);
#752=FACE_OUTER_BOUND('',#1239,.T.);
#753=FACE_OUTER_BOUND('',#1240,.T.);
#754=FACE_OUTER_BOUND('',#1241,.T.);
#755=FACE_OUTER_BOUND('',#1242,.T.);
#756=FACE_OUTER_BOUND('',#1243,.T.);
#757=FACE_OUTER_BOUND('',#1244,.T.);
#758=FACE_OUTER_BOUND('',#1245,.T.);
#759=FACE_OUTER_BOUND('',#1246,.T.);
#760=FACE_OUTER_BOUND('',#1247,.T.);
#761=FACE_OUTER_BOUND('',#1248,.T.);
#762=FACE_OUTER_BOUND('',#1249,.T.);
#763=FACE_OUTER_BOUND('',#1250,.T.);
#764=FACE_OUTER_BOUND('',#1251,.T.);
#765=FACE_OUTER_BOUND('',#1252,.T.);
#766=FACE_OUTER_BOUND('',#1253,.T.);
#767=FACE_OUTER_BOUND('',#1254,.T.);
#768=FACE_OUTER_BOUND('',#1255,.T.);
#769=FACE_OUTER_BOUND('',#1256,.T.);
#770=FACE_OUTER_BOUND('',#1257,.T.);
#771=FACE_OUTER_BOUND('',#1258,.T.);
#772=FACE_OUTER_BOUND('',#1259,.T.);
#773=FACE_OUTER_BOUND('',#1260,.T.);
#774=FACE_OUTER_BOUND('',#1261,.T.);
#775=FACE_OUTER_BOUND('',#1262,.T.);
#776=FACE_OUTER_BOUND('',#1263,.T.);
#777=FACE_OUTER_BOUND('',#1264,.T.);
#778=FACE_OUTER_BOUND('',#1265,.T.);
#779=FACE_OUTER_BOUND('',#1266,.T.);
#780=FACE_OUTER_BOUND('',#1267,.T.);
#781=FACE_OUTER_BOUND('',#1268,.T.);
#782=FACE_OUTER_BOUND('',#1269,.T.);
#783=FACE_OUTER_BOUND('',#1270,.T.);
#784=FACE_OUTER_BOUND('',#1271,.T.);
#785=FACE_OUTER_BOUND('',#1272,.T.);
#786=FACE_OUTER_BOUND('',#1273,.T.);
#787=FACE_OUTER_BOUND('',#1274,.T.);
#788=FACE_OUTER_BOUND('',#1275,.T.);
#789=FACE_OUTER_BOUND('',#1276,.T.);
#790=FACE_OUTER_BOUND('',#1277,.T.);
#791=FACE_OUTER_BOUND('',#1278,.T.);
#792=FACE_OUTER_BOUND('',#1279,.T.);
#793=FACE_OUTER_BOUND('',#1280,.T.);
#794=FACE_OUTER_BOUND('',#1281,.T.);
#795=FACE_OUTER_BOUND('',#1282,.T.);
#796=FACE_OUTER_BOUND('',#1283,.T.);
#797=FACE_OUTER_BOUND('',#1284,.T.);
#798=FACE_OUTER_BOUND('',#1285,.T.);
#799=FACE_OUTER_BOUND('',#1286,.T.);
#800=FACE_OUTER_BOUND('',#1287,.T.);
#801=FACE_OUTER_BOUND('',#1288,.T.);
#802=FACE_OUTER_BOUND('',#1289,.T.);
#803=FACE_OUTER_BOUND('',#1290,.T.);
#804=FACE_OUTER_BOUND('',#1291,.T.);
#805=FACE_OUTER_BOUND('',#1292,.T.);
#806=FACE_OUTER_BOUND('',#1293,.T.);
#807=FACE_OUTER_BOUND('',#1294,.T.);
#808=FACE_OUTER_BOUND('',#1295,.T.);
#809=FACE_OUTER_BOUND('',#1296,.T.);
#810=FACE_OUTER_BOUND('',#1297,.T.);
#811=FACE_OUTER_BOUND('',#1298,.T.);
#812=FACE_OUTER_BOUND('',#1299,.T.);
#813=FACE_OUTER_BOUND('',#1300,.T.);
#814=FACE_OUTER_BOUND('',#1301,.T.);
#815=FACE_OUTER_BOUND('',#1302,.T.);
#816=FACE_OUTER_BOUND('',#1303,.T.);
#817=FACE_OUTER_BOUND('',#1304,.T.);
#818=FACE_OUTER_BOUND('',#1305,.T.);
#819=FACE_OUTER_BOUND('',#1306,.T.);
#820=FACE_OUTER_BOUND('',#1307,.T.);
#821=FACE_OUTER_BOUND('',#1308,.T.);
#822=FACE_OUTER_BOUND('',#1309,.T.);
#823=FACE_OUTER_BOUND('',#1310,.T.);
#824=FACE_OUTER_BOUND('',#1311,.T.);
#825=FACE_OUTER_BOUND('',#1312,.T.);
#826=FACE_OUTER_BOUND('',#1313,.T.);
#827=FACE_OUTER_BOUND('',#1314,.T.);
#828=FACE_OUTER_BOUND('',#1315,.T.);
#829=FACE_OUTER_BOUND('',#1316,.T.);
#830=FACE_OUTER_BOUND('',#1317,.T.);
#831=FACE_OUTER_BOUND('',#1318,.T.);
#832=FACE_OUTER_BOUND('',#1319,.T.);
#833=FACE_OUTER_BOUND('',#1320,.T.);
#834=FACE_OUTER_BOUND('',#1321,.T.);
#835=FACE_OUTER_BOUND('',#1322,.T.);
#836=FACE_OUTER_BOUND('',#1323,.T.);
#837=FACE_OUTER_BOUND('',#1324,.T.);
#838=FACE_OUTER_BOUND('',#1325,.T.);
#839=FACE_OUTER_BOUND('',#1326,.T.);
#840=FACE_OUTER_BOUND('',#1327,.T.);
#841=FACE_OUTER_BOUND('',#1328,.T.);
#842=FACE_OUTER_BOUND('',#1329,.T.);
#843=FACE_OUTER_BOUND('',#1330,.T.);
#844=FACE_OUTER_BOUND('',#1331,.T.);
#845=FACE_OUTER_BOUND('',#1332,.T.);
#846=FACE_OUTER_BOUND('',#1333,.T.);
#847=FACE_OUTER_BOUND('',#1334,.T.);
#848=FACE_OUTER_BOUND('',#1335,.T.);
#849=FACE_OUTER_BOUND('',#1336,.T.);
#850=FACE_OUTER_BOUND('',#1337,.T.);
#851=FACE_OUTER_BOUND('',#1338,.T.);
#852=FACE_OUTER_BOUND('',#1339,.T.);
#853=FACE_OUTER_BOUND('',#1340,.T.);
#854=FACE_OUTER_BOUND('',#1341,.T.);
#855=FACE_OUTER_BOUND('',#1342,.T.);
#856=FACE_OUTER_BOUND('',#1343,.T.);
#857=FACE_OUTER_BOUND('',#1344,.T.);
#858=FACE_OUTER_BOUND('',#1345,.T.);
#859=FACE_OUTER_BOUND('',#1346,.T.);
#860=FACE_OUTER_BOUND('',#1347,.T.);
#861=FACE_OUTER_BOUND('',#1348,.T.);
#862=FACE_OUTER_BOUND('',#1349,.T.);
#863=FACE_OUTER_BOUND('',#1350,.T.);
#864=FACE_OUTER_BOUND('',#1351,.T.);
#865=FACE_OUTER_BOUND('',#1352,.T.);
#866=FACE_OUTER_BOUND('',#1353,.T.);
#867=FACE_OUTER_BOUND('',#1354,.T.);
#868=FACE_OUTER_BOUND('',#1355,.T.);
#869=FACE_OUTER_BOUND('',#1356,.T.);
#870=FACE_OUTER_BOUND('',#1357,.T.);
#871=FACE_OUTER_BOUND('',#1358,.T.);
#872=FACE_OUTER_BOUND('',#1359,.T.);
#873=FACE_OUTER_BOUND('',#1360,.T.);
#874=FACE_OUTER_BOUND('',#1361,.T.);
#875=FACE_OUTER_BOUND('',#1362,.T.);
#876=FACE_OUTER_BOUND('',#1363,.T.);
#877=FACE_OUTER_BOUND('',#1364,.T.);
#878=FACE_OUTER_BOUND('',#1365,.T.);
#879=FACE_OUTER_BOUND('',#1366,.T.);
#880=FACE_OUTER_BOUND('',#1367,.T.);
#881=FACE_OUTER_BOUND('',#1368,.T.);
#882=FACE_OUTER_BOUND('',#1369,.T.);
#883=FACE_OUTER_BOUND('',#1370,.T.);
#884=FACE_OUTER_BOUND('',#1371,.T.);
#885=FACE_OUTER_BOUND('',#1372,.T.);
#886=FACE_OUTER_BOUND('',#1373,.T.);
#887=FACE_OUTER_BOUND('',#1374,.T.);
#888=FACE_OUTER_BOUND('',#1375,.T.);
#889=FACE_OUTER_BOUND('',#1376,.T.);
#890=FACE_OUTER_BOUND('',#1377,.T.);
#891=FACE_OUTER_BOUND('',#1378,.T.);
#892=FACE_OUTER_BOUND('',#1379,.T.);
#893=FACE_OUTER_BOUND('',#1380,.T.);
#894=FACE_OUTER_BOUND('',#1381,.T.);
#895=FACE_OUTER_BOUND('',#1382,.T.);
#896=FACE_OUTER_BOUND('',#1383,.T.);
#897=FACE_OUTER_BOUND('',#1384,.T.);
#898=FACE_OUTER_BOUND('',#1385,.T.);
#899=FACE_OUTER_BOUND('',#1386,.T.);
#900=FACE_OUTER_BOUND('',#1387,.T.);
#901=FACE_OUTER_BOUND('',#1388,.T.);
#902=FACE_OUTER_BOUND('',#1389,.T.);
#903=FACE_OUTER_BOUND('',#1390,.T.);
#904=FACE_OUTER_BOUND('',#1391,.T.);
#905=FACE_OUTER_BOUND('',#1392,.T.);
#906=FACE_OUTER_BOUND('',#1393,.T.);
#907=FACE_OUTER_BOUND('',#1394,.T.);
#908=FACE_OUTER_BOUND('',#1395,.T.);
#909=FACE_OUTER_BOUND('',#1396,.T.);
#910=FACE_OUTER_BOUND('',#1397,.T.);
#911=FACE_OUTER_BOUND('',#1398,.T.);
#912=FACE_OUTER_BOUND('',#1399,.T.);
#913=FACE_OUTER_BOUND('',#1400,.T.);
#914=FACE_OUTER_BOUND('',#1401,.T.);
#915=FACE_OUTER_BOUND('',#1402,.T.);
#916=FACE_OUTER_BOUND('',#1403,.T.);
#917=FACE_OUTER_BOUND('',#1404,.T.);
#918=FACE_OUTER_BOUND('',#1405,.T.);
#919=FACE_OUTER_BOUND('',#1406,.T.);
#920=FACE_OUTER_BOUND('',#1407,.T.);
#921=FACE_OUTER_BOUND('',#1408,.T.);
#922=FACE_OUTER_BOUND('',#1409,.T.);
#923=FACE_OUTER_BOUND('',#1410,.T.);
#924=FACE_OUTER_BOUND('',#1411,.T.);
#925=FACE_OUTER_BOUND('',#1412,.T.);
#926=FACE_OUTER_BOUND('',#1413,.T.);
#927=FACE_OUTER_BOUND('',#1414,.T.);
#928=FACE_OUTER_BOUND('',#1415,.T.);
#929=FACE_OUTER_BOUND('',#1416,.T.);
#930=FACE_OUTER_BOUND('',#1417,.T.);
#931=FACE_OUTER_BOUND('',#1418,.T.);
#932=FACE_OUTER_BOUND('',#1419,.T.);
#933=FACE_OUTER_BOUND('',#1420,.T.);
#934=FACE_OUTER_BOUND('',#1421,.T.);
#935=FACE_OUTER_BOUND('',#1422,.T.);
#936=FACE_OUTER_BOUND('',#1423,.T.);
#937=FACE_OUTER_BOUND('',#1424,.T.);
#938=FACE_OUTER_BOUND('',#1425,.T.);
#939=FACE_OUTER_BOUND('',#1426,.T.);
#940=FACE_OUTER_BOUND('',#1427,.T.);
#941=FACE_OUTER_BOUND('',#1428,.T.);
#942=FACE_OUTER_BOUND('',#1429,.T.);
#943=FACE_OUTER_BOUND('',#1430,.T.);
#944=FACE_OUTER_BOUND('',#1431,.T.);
#945=FACE_OUTER_BOUND('',#1432,.T.);
#946=FACE_OUTER_BOUND('',#1433,.T.);
#947=FACE_OUTER_BOUND('',#1434,.T.);
#948=FACE_OUTER_BOUND('',#1435,.T.);
#949=FACE_OUTER_BOUND('',#1436,.T.);
#950=FACE_OUTER_BOUND('',#1437,.T.);
#951=FACE_OUTER_BOUND('',#1438,.T.);
#952=FACE_OUTER_BOUND('',#1439,.T.);
#953=FACE_OUTER_BOUND('',#1440,.T.);
#954=EDGE_LOOP('',(#5197,#5198,#5199));
#955=EDGE_LOOP('',(#5200,#5201,#5202,#5203,#5204,#5205));
#956=EDGE_LOOP('',(#5206,#5207,#5208,#5209,#5210,#5211,#5212,#5213,#5214));
#957=EDGE_LOOP('',(#5215,#5216,#5217,#5218,#5219,#5220,#5221,#5222,#5223,
#5224,#5225,#5226,#5227,#5228));
#958=EDGE_LOOP('',(#5229));
#959=EDGE_LOOP('',(#5230));
#960=EDGE_LOOP('',(#5231,#5232,#5233,#5234));
#961=EDGE_LOOP('',(#5235));
#962=EDGE_LOOP('',(#5236,#5237,#5238,#5239));
#963=EDGE_LOOP('',(#5240));
#964=EDGE_LOOP('',(#5241,#5242,#5243,#5244));
#965=EDGE_LOOP('',(#5245,#5246,#5247,#5248));
#966=EDGE_LOOP('',(#5249,#5250,#5251,#5252));
#967=EDGE_LOOP('',(#5253,#5254,#5255,#5256));
#968=EDGE_LOOP('',(#5257,#5258,#5259,#5260));
#969=EDGE_LOOP('',(#5261,#5262,#5263,#5264));
#970=EDGE_LOOP('',(#5265,#5266,#5267,#5268));
#971=EDGE_LOOP('',(#5269,#5270,#5271,#5272,#5273,#5274,#5275,#5276,#5277,
#5278));
#972=EDGE_LOOP('',(#5279,#5280,#5281,#5282,#5283,#5284));
#973=EDGE_LOOP('',(#5285,#5286,#5287,#5288,#5289,#5290,#5291,#5292));
#974=EDGE_LOOP('',(#5293,#5294,#5295,#5296));
#975=EDGE_LOOP('',(#5297));
#976=EDGE_LOOP('',(#5298));
#977=EDGE_LOOP('',(#5299,#5300,#5301,#5302));
#978=EDGE_LOOP('',(#5303));
#979=EDGE_LOOP('',(#5304));
#980=EDGE_LOOP('',(#5305,#5306,#5307,#5308));
#981=EDGE_LOOP('',(#5309,#5310,#5311,#5312));
#982=EDGE_LOOP('',(#5313,#5314,#5315));
#983=EDGE_LOOP('',(#5316,#5317,#5318,#5319));
#984=EDGE_LOOP('',(#5320,#5321,#5322,#5323));
#985=EDGE_LOOP('',(#5324,#5325,#5326,#5327));
#986=EDGE_LOOP('',(#5328,#5329,#5330,#5331,#5332,#5333,#5334,#5335));
#987=EDGE_LOOP('',(#5336,#5337,#5338,#5339,#5340,#5341,#5342,#5343,#5344,
#5345));
#988=EDGE_LOOP('',(#5346,#5347,#5348,#5349,#5350,#5351));
#989=EDGE_LOOP('',(#5352,#5353,#5354,#5355));
#990=EDGE_LOOP('',(#5356,#5357,#5358,#5359));
#991=EDGE_LOOP('',(#5360,#5361,#5362,#5363));
#992=EDGE_LOOP('',(#5364,#5365,#5366,#5367));
#993=EDGE_LOOP('',(#5368,#5369,#5370,#5371));
#994=EDGE_LOOP('',(#5372,#5373,#5374,#5375));
#995=EDGE_LOOP('',(#5376,#5377,#5378,#5379));
#996=EDGE_LOOP('',(#5380,#5381,#5382,#5383));
#997=EDGE_LOOP('',(#5384,#5385,#5386,#5387));
#998=EDGE_LOOP('',(#5388,#5389,#5390,#5391));
#999=EDGE_LOOP('',(#5392,#5393,#5394,#5395));
#1000=EDGE_LOOP('',(#5396,#5397,#5398,#5399,#5400,#5401,#5402,#5403,#5404,
#5405));
#1001=EDGE_LOOP('',(#5406,#5407,#5408,#5409));
#1002=EDGE_LOOP('',(#5410,#5411,#5412,#5413,#5414,#5415,#5416,#5417,#5418,
#5419,#5420,#5421));
#1003=EDGE_LOOP('',(#5422,#5423,#5424,#5425));
#1004=EDGE_LOOP('',(#5426,#5427,#5428,#5429));
#1005=EDGE_LOOP('',(#5430,#5431,#5432,#5433));
#1006=EDGE_LOOP('',(#5434,#5435,#5436,#5437,#5438,#5439,#5440,#5441));
#1007=EDGE_LOOP('',(#5442,#5443,#5444,#5445,#5446,#5447));
#1008=EDGE_LOOP('',(#5448,#5449,#5450,#5451));
#1009=EDGE_LOOP('',(#5452,#5453,#5454,#5455));
#1010=EDGE_LOOP('',(#5456,#5457,#5458,#5459));
#1011=EDGE_LOOP('',(#5460,#5461,#5462,#5463));
#1012=EDGE_LOOP('',(#5464,#5465,#5466,#5467));
#1013=EDGE_LOOP('',(#5468,#5469,#5470,#5471,#5472,#5473,#5474,#5475,#5476,
#5477,#5478,#5479,#5480,#5481,#5482,#5483));
#1014=EDGE_LOOP('',(#5484,#5485,#5486,#5487,#5488,#5489,#5490));
#1015=EDGE_LOOP('',(#5491,#5492,#5493,#5494));
#1016=EDGE_LOOP('',(#5495,#5496,#5497,#5498));
#1017=EDGE_LOOP('',(#5499,#5500,#5501,#5502));
#1018=EDGE_LOOP('',(#5503,#5504,#5505,#5506));
#1019=EDGE_LOOP('',(#5507,#5508,#5509,#5510));
#1020=EDGE_LOOP('',(#5511,#5512,#5513,#5514));
#1021=EDGE_LOOP('',(#5515,#5516,#5517,#5518));
#1022=EDGE_LOOP('',(#5519,#5520,#5521,#5522));
#1023=EDGE_LOOP('',(#5523));
#1024=EDGE_LOOP('',(#5524,#5525,#5526,#5527));
#1025=EDGE_LOOP('',(#5528));
#1026=EDGE_LOOP('',(#5529));
#1027=EDGE_LOOP('',(#5530,#5531,#5532,#5533));
#1028=EDGE_LOOP('',(#5534));
#1029=EDGE_LOOP('',(#5535,#5536,#5537,#5538));
#1030=EDGE_LOOP('',(#5539));
#1031=EDGE_LOOP('',(#5540));
#1032=EDGE_LOOP('',(#5541,#5542,#5543,#5544));
#1033=EDGE_LOOP('',(#5545,#5546,#5547,#5548));
#1034=EDGE_LOOP('',(#5549,#5550,#5551,#5552));
#1035=EDGE_LOOP('',(#5553,#5554,#5555,#5556));
#1036=EDGE_LOOP('',(#5557,#5558,#5559,#5560));
#1037=EDGE_LOOP('',(#5561,#5562,#5563,#5564));
#1038=EDGE_LOOP('',(#5565,#5566,#5567,#5568));
#1039=EDGE_LOOP('',(#5569,#5570,#5571,#5572));
#1040=EDGE_LOOP('',(#5573,#5574,#5575,#5576));
#1041=EDGE_LOOP('',(#5577,#5578,#5579,#5580));
#1042=EDGE_LOOP('',(#5581,#5582,#5583,#5584));
#1043=EDGE_LOOP('',(#5585,#5586,#5587,#5588));
#1044=EDGE_LOOP('',(#5589,#5590,#5591,#5592));
#1045=EDGE_LOOP('',(#5593,#5594,#5595,#5596));
#1046=EDGE_LOOP('',(#5597,#5598,#5599,#5600,#5601,#5602,#5603,#5604,#5605));
#1047=EDGE_LOOP('',(#5606,#5607,#5608,#5609));
#1048=EDGE_LOOP('',(#5610,#5611,#5612,#5613));
#1049=EDGE_LOOP('',(#5614,#5615,#5616,#5617));
#1050=EDGE_LOOP('',(#5618,#5619,#5620,#5621));
#1051=EDGE_LOOP('',(#5622,#5623,#5624,#5625));
#1052=EDGE_LOOP('',(#5626,#5627,#5628,#5629));
#1053=EDGE_LOOP('',(#5630,#5631,#5632,#5633));
#1054=EDGE_LOOP('',(#5634,#5635,#5636,#5637));
#1055=EDGE_LOOP('',(#5638,#5639,#5640,#5641));
#1056=EDGE_LOOP('',(#5642,#5643,#5644,#5645));
#1057=EDGE_LOOP('',(#5646,#5647,#5648,#5649));
#1058=EDGE_LOOP('',(#5650,#5651,#5652,#5653));
#1059=EDGE_LOOP('',(#5654,#5655,#5656,#5657));
#1060=EDGE_LOOP('',(#5658,#5659,#5660,#5661));
#1061=EDGE_LOOP('',(#5662,#5663,#5664,#5665));
#1062=EDGE_LOOP('',(#5666,#5667,#5668,#5669));
#1063=EDGE_LOOP('',(#5670));
#1064=EDGE_LOOP('',(#5671,#5672,#5673,#5674));
#1065=EDGE_LOOP('',(#5675,#5676,#5677,#5678));
#1066=EDGE_LOOP('',(#5679,#5680,#5681,#5682));
#1067=EDGE_LOOP('',(#5683,#5684,#5685,#5686));
#1068=EDGE_LOOP('',(#5687,#5688,#5689,#5690));
#1069=EDGE_LOOP('',(#5691,#5692,#5693,#5694));
#1070=EDGE_LOOP('',(#5695,#5696,#5697,#5698));
#1071=EDGE_LOOP('',(#5699,#5700,#5701,#5702));
#1072=EDGE_LOOP('',(#5703,#5704,#5705,#5706));
#1073=EDGE_LOOP('',(#5707,#5708,#5709,#5710));
#1074=EDGE_LOOP('',(#5711,#5712,#5713,#5714));
#1075=EDGE_LOOP('',(#5715,#5716,#5717,#5718));
#1076=EDGE_LOOP('',(#5719,#5720,#5721,#5722));
#1077=EDGE_LOOP('',(#5723,#5724,#5725,#5726));
#1078=EDGE_LOOP('',(#5727,#5728,#5729,#5730));
#1079=EDGE_LOOP('',(#5731,#5732,#5733,#5734));
#1080=EDGE_LOOP('',(#5735,#5736,#5737,#5738));
#1081=EDGE_LOOP('',(#5739,#5740,#5741,#5742));
#1082=EDGE_LOOP('',(#5743,#5744,#5745,#5746));
#1083=EDGE_LOOP('',(#5747,#5748,#5749,#5750));
#1084=EDGE_LOOP('',(#5751,#5752,#5753,#5754));
#1085=EDGE_LOOP('',(#5755,#5756,#5757,#5758));
#1086=EDGE_LOOP('',(#5759,#5760,#5761,#5762));
#1087=EDGE_LOOP('',(#5763,#5764,#5765,#5766));
#1088=EDGE_LOOP('',(#5767,#5768,#5769,#5770));
#1089=EDGE_LOOP('',(#5771,#5772,#5773,#5774));
#1090=EDGE_LOOP('',(#5775,#5776,#5777,#5778));
#1091=EDGE_LOOP('',(#5779,#5780,#5781,#5782));
#1092=EDGE_LOOP('',(#5783,#5784,#5785,#5786));
#1093=EDGE_LOOP('',(#5787,#5788,#5789,#5790));
#1094=EDGE_LOOP('',(#5791,#5792,#5793,#5794));
#1095=EDGE_LOOP('',(#5795,#5796,#5797,#5798));
#1096=EDGE_LOOP('',(#5799,#5800,#5801,#5802));
#1097=EDGE_LOOP('',(#5803,#5804,#5805,#5806));
#1098=EDGE_LOOP('',(#5807,#5808,#5809,#5810));
#1099=EDGE_LOOP('',(#5811,#5812,#5813,#5814));
#1100=EDGE_LOOP('',(#5815,#5816,#5817,#5818));
#1101=EDGE_LOOP('',(#5819,#5820,#5821,#5822));
#1102=EDGE_LOOP('',(#5823,#5824,#5825,#5826));
#1103=EDGE_LOOP('',(#5827,#5828,#5829,#5830));
#1104=EDGE_LOOP('',(#5831,#5832,#5833,#5834));
#1105=EDGE_LOOP('',(#5835,#5836,#5837,#5838));
#1106=EDGE_LOOP('',(#5839,#5840,#5841,#5842));
#1107=EDGE_LOOP('',(#5843,#5844,#5845,#5846));
#1108=EDGE_LOOP('',(#5847,#5848,#5849,#5850));
#1109=EDGE_LOOP('',(#5851,#5852,#5853,#5854));
#1110=EDGE_LOOP('',(#5855,#5856,#5857,#5858));
#1111=EDGE_LOOP('',(#5859,#5860,#5861,#5862));
#1112=EDGE_LOOP('',(#5863,#5864,#5865,#5866));
#1113=EDGE_LOOP('',(#5867,#5868,#5869,#5870));
#1114=EDGE_LOOP('',(#5871,#5872,#5873,#5874));
#1115=EDGE_LOOP('',(#5875,#5876,#5877,#5878));
#1116=EDGE_LOOP('',(#5879,#5880,#5881,#5882));
#1117=EDGE_LOOP('',(#5883,#5884,#5885,#5886));
#1118=EDGE_LOOP('',(#5887,#5888,#5889,#5890));
#1119=EDGE_LOOP('',(#5891,#5892,#5893,#5894));
#1120=EDGE_LOOP('',(#5895,#5896,#5897,#5898));
#1121=EDGE_LOOP('',(#5899,#5900,#5901,#5902));
#1122=EDGE_LOOP('',(#5903,#5904,#5905,#5906));
#1123=EDGE_LOOP('',(#5907,#5908,#5909,#5910));
#1124=EDGE_LOOP('',(#5911,#5912,#5913,#5914));
#1125=EDGE_LOOP('',(#5915,#5916,#5917,#5918));
#1126=EDGE_LOOP('',(#5919,#5920,#5921,#5922));
#1127=EDGE_LOOP('',(#5923,#5924,#5925,#5926));
#1128=EDGE_LOOP('',(#5927,#5928,#5929,#5930));
#1129=EDGE_LOOP('',(#5931,#5932,#5933,#5934));
#1130=EDGE_LOOP('',(#5935,#5936,#5937,#5938,#5939,#5940));
#1131=EDGE_LOOP('',(#5941));
#1132=EDGE_LOOP('',(#5942));
#1133=EDGE_LOOP('',(#5943));
#1134=EDGE_LOOP('',(#5944,#5945,#5946,#5947));
#1135=EDGE_LOOP('',(#5948,#5949,#5950,#5951));
#1136=EDGE_LOOP('',(#5952,#5953,#5954,#5955));
#1137=EDGE_LOOP('',(#5956,#5957,#5958,#5959));
#1138=EDGE_LOOP('',(#5960,#5961,#5962,#5963));
#1139=EDGE_LOOP('',(#5964,#5965,#5966,#5967));
#1140=EDGE_LOOP('',(#5968,#5969,#5970,#5971));
#1141=EDGE_LOOP('',(#5972,#5973,#5974,#5975));
#1142=EDGE_LOOP('',(#5976,#5977,#5978,#5979));
#1143=EDGE_LOOP('',(#5980,#5981,#5982,#5983));
#1144=EDGE_LOOP('',(#5984,#5985,#5986,#5987));
#1145=EDGE_LOOP('',(#5988,#5989,#5990,#5991));
#1146=EDGE_LOOP('',(#5992,#5993,#5994,#5995));
#1147=EDGE_LOOP('',(#5996,#5997,#5998,#5999));
#1148=EDGE_LOOP('',(#6000,#6001,#6002,#6003));
#1149=EDGE_LOOP('',(#6004,#6005,#6006,#6007));
#1150=EDGE_LOOP('',(#6008,#6009,#6010,#6011));
#1151=EDGE_LOOP('',(#6012,#6013,#6014,#6015));
#1152=EDGE_LOOP('',(#6016,#6017,#6018,#6019));
#1153=EDGE_LOOP('',(#6020,#6021,#6022,#6023,#6024,#6025,#6026,#6027));
#1154=EDGE_LOOP('',(#6028,#6029,#6030,#6031));
#1155=EDGE_LOOP('',(#6032,#6033,#6034,#6035));
#1156=EDGE_LOOP('',(#6036,#6037,#6038,#6039));
#1157=EDGE_LOOP('',(#6040,#6041,#6042,#6043));
#1158=EDGE_LOOP('',(#6044,#6045,#6046,#6047));
#1159=EDGE_LOOP('',(#6048,#6049,#6050,#6051,#6052,#6053,#6054,#6055));
#1160=EDGE_LOOP('',(#6056,#6057,#6058,#6059));
#1161=EDGE_LOOP('',(#6060,#6061,#6062,#6063));
#1162=EDGE_LOOP('',(#6064,#6065,#6066,#6067,#6068,#6069,#6070,#6071,#6072));
#1163=EDGE_LOOP('',(#6073,#6074,#6075,#6076,#6077,#6078));
#1164=EDGE_LOOP('',(#6079,#6080,#6081,#6082,#6083,#6084));
#1165=EDGE_LOOP('',(#6085,#6086,#6087,#6088));
#1166=EDGE_LOOP('',(#6089,#6090,#6091,#6092));
#1167=EDGE_LOOP('',(#6093,#6094,#6095,#6096,#6097,#6098));
#1168=EDGE_LOOP('',(#6099,#6100,#6101,#6102));
#1169=EDGE_LOOP('',(#6103,#6104,#6105,#6106,#6107,#6108,#6109,#6110,#6111,
#6112,#6113,#6114,#6115,#6116,#6117,#6118,#6119,#6120,#6121,#6122,#6123,
#6124,#6125,#6126,#6127,#6128,#6129,#6130,#6131,#6132,#6133,#6134,#6135,
#6136,#6137,#6138,#6139,#6140,#6141,#6142,#6143,#6144,#6145,#6146,#6147,
#6148,#6149,#6150,#6151,#6152,#6153,#6154,#6155,#6156,#6157,#6158,#6159,
#6160,#6161,#6162,#6163,#6164,#6165,#6166,#6167,#6168,#6169,#6170,#6171,
#6172,#6173,#6174,#6175,#6176,#6177,#6178,#6179,#6180,#6181,#6182,#6183,
#6184,#6185,#6186,#6187,#6188,#6189,#6190,#6191,#6192,#6193,#6194,#6195,
#6196,#6197,#6198,#6199,#6200,#6201,#6202,#6203,#6204,#6205,#6206,#6207,
#6208,#6209,#6210,#6211,#6212,#6213,#6214,#6215,#6216,#6217,#6218,#6219,
#6220,#6221,#6222,#6223,#6224,#6225,#6226,#6227,#6228,#6229,#6230,#6231,
#6232,#6233,#6234,#6235,#6236,#6237,#6238,#6239,#6240,#6241,#6242,#6243,
#6244,#6245,#6246,#6247,#6248,#6249,#6250,#6251,#6252,#6253,#6254,#6255,
#6256,#6257,#6258,#6259,#6260,#6261,#6262,#6263,#6264,#6265,#6266,#6267,
#6268,#6269,#6270,#6271,#6272,#6273,#6274,#6275,#6276,#6277,#6278,#6279,
#6280,#6281,#6282,#6283,#6284,#6285,#6286));
#1170=EDGE_LOOP('',(#6287,#6288,#6289,#6290));
#1171=EDGE_LOOP('',(#6291,#6292,#6293,#6294,#6295,#6296,#6297,#6298,#6299,
#6300,#6301,#6302,#6303,#6304,#6305,#6306,#6307,#6308,#6309,#6310,#6311,
#6312,#6313,#6314,#6315,#6316,#6317,#6318,#6319,#6320,#6321,#6322,#6323,
#6324,#6325,#6326,#6327,#6328,#6329,#6330,#6331,#6332,#6333,#6334,#6335,
#6336,#6337,#6338,#6339,#6340,#6341,#6342,#6343,#6344,#6345,#6346,#6347,
#6348,#6349,#6350,#6351,#6352,#6353,#6354,#6355,#6356,#6357,#6358,#6359,
#6360,#6361,#6362,#6363,#6364,#6365,#6366,#6367,#6368,#6369,#6370,#6371,
#6372,#6373,#6374,#6375,#6376,#6377,#6378,#6379,#6380,#6381,#6382,#6383,
#6384,#6385,#6386,#6387,#6388,#6389,#6390,#6391,#6392,#6393,#6394,#6395,
#6396,#6397,#6398,#6399,#6400,#6401,#6402,#6403,#6404,#6405,#6406,#6407,
#6408,#6409,#6410,#6411,#6412,#6413,#6414,#6415,#6416,#6417,#6418,#6419,
#6420,#6421,#6422,#6423,#6424,#6425,#6426,#6427,#6428,#6429,#6430,#6431,
#6432,#6433,#6434,#6435,#6436,#6437,#6438,#6439,#6440,#6441,#6442,#6443,
#6444,#6445,#6446,#6447,#6448,#6449,#6450,#6451,#6452,#6453,#6454,#6455,
#6456,#6457,#6458,#6459,#6460,#6461,#6462,#6463,#6464,#6465,#6466,#6467,
#6468,#6469,#6470,#6471,#6472,#6473,#6474));
#1172=EDGE_LOOP('',(#6475,#6476,#6477,#6478,#6479,#6480));
#1173=EDGE_LOOP('',(#6481,#6482,#6483,#6484));
#1174=EDGE_LOOP('',(#6485,#6486,#6487,#6488));
#1175=EDGE_LOOP('',(#6489,#6490,#6491,#6492,#6493,#6494));
#1176=EDGE_LOOP('',(#6495,#6496,#6497,#6498));
#1177=EDGE_LOOP('',(#6499,#6500,#6501,#6502));
#1178=EDGE_LOOP('',(#6503,#6504,#6505,#6506,#6507,#6508));
#1179=EDGE_LOOP('',(#6509,#6510,#6511,#6512));
#1180=EDGE_LOOP('',(#6513,#6514,#6515,#6516));
#1181=EDGE_LOOP('',(#6517,#6518,#6519,#6520,#6521,#6522));
#1182=EDGE_LOOP('',(#6523,#6524,#6525,#6526));
#1183=EDGE_LOOP('',(#6527,#6528,#6529,#6530));
#1184=EDGE_LOOP('',(#6531,#6532,#6533,#6534,#6535,#6536));
#1185=EDGE_LOOP('',(#6537,#6538,#6539,#6540));
#1186=EDGE_LOOP('',(#6541,#6542,#6543,#6544));
#1187=EDGE_LOOP('',(#6545,#6546,#6547,#6548,#6549,#6550));
#1188=EDGE_LOOP('',(#6551,#6552,#6553,#6554));
#1189=EDGE_LOOP('',(#6555,#6556,#6557,#6558));
#1190=EDGE_LOOP('',(#6559,#6560,#6561,#6562,#6563,#6564));
#1191=EDGE_LOOP('',(#6565,#6566,#6567,#6568));
#1192=EDGE_LOOP('',(#6569,#6570,#6571,#6572));
#1193=EDGE_LOOP('',(#6573,#6574,#6575,#6576,#6577,#6578));
#1194=EDGE_LOOP('',(#6579,#6580,#6581,#6582));
#1195=EDGE_LOOP('',(#6583,#6584,#6585,#6586));
#1196=EDGE_LOOP('',(#6587,#6588,#6589,#6590,#6591,#6592));
#1197=EDGE_LOOP('',(#6593,#6594,#6595,#6596));
#1198=EDGE_LOOP('',(#6597,#6598,#6599,#6600));
#1199=EDGE_LOOP('',(#6601,#6602,#6603,#6604,#6605,#6606));
#1200=EDGE_LOOP('',(#6607,#6608,#6609,#6610));
#1201=EDGE_LOOP('',(#6611,#6612,#6613,#6614));
#1202=EDGE_LOOP('',(#6615,#6616,#6617,#6618,#6619,#6620));
#1203=EDGE_LOOP('',(#6621,#6622,#6623,#6624));
#1204=EDGE_LOOP('',(#6625,#6626,#6627,#6628));
#1205=EDGE_LOOP('',(#6629,#6630,#6631,#6632,#6633,#6634));
#1206=EDGE_LOOP('',(#6635,#6636,#6637,#6638));
#1207=EDGE_LOOP('',(#6639,#6640,#6641,#6642));
#1208=EDGE_LOOP('',(#6643,#6644,#6645,#6646,#6647,#6648));
#1209=EDGE_LOOP('',(#6649,#6650,#6651,#6652));
#1210=EDGE_LOOP('',(#6653,#6654,#6655,#6656));
#1211=EDGE_LOOP('',(#6657,#6658,#6659,#6660,#6661,#6662));
#1212=EDGE_LOOP('',(#6663,#6664,#6665,#6666));
#1213=EDGE_LOOP('',(#6667,#6668,#6669,#6670));
#1214=EDGE_LOOP('',(#6671,#6672,#6673,#6674,#6675,#6676));
#1215=EDGE_LOOP('',(#6677,#6678,#6679,#6680));
#1216=EDGE_LOOP('',(#6681,#6682,#6683,#6684));
#1217=EDGE_LOOP('',(#6685,#6686,#6687,#6688,#6689,#6690));
#1218=EDGE_LOOP('',(#6691,#6692,#6693,#6694));
#1219=EDGE_LOOP('',(#6695,#6696,#6697,#6698));
#1220=EDGE_LOOP('',(#6699,#6700,#6701,#6702,#6703,#6704));
#1221=EDGE_LOOP('',(#6705,#6706,#6707,#6708));
#1222=EDGE_LOOP('',(#6709,#6710,#6711,#6712));
#1223=EDGE_LOOP('',(#6713,#6714,#6715,#6716,#6717,#6718));
#1224=EDGE_LOOP('',(#6719,#6720,#6721,#6722));
#1225=EDGE_LOOP('',(#6723,#6724,#6725,#6726));
#1226=EDGE_LOOP('',(#6727,#6728,#6729,#6730,#6731,#6732));
#1227=EDGE_LOOP('',(#6733,#6734,#6735,#6736));
#1228=EDGE_LOOP('',(#6737,#6738,#6739,#6740));
#1229=EDGE_LOOP('',(#6741,#6742,#6743,#6744,#6745,#6746));
#1230=EDGE_LOOP('',(#6747,#6748,#6749,#6750));
#1231=EDGE_LOOP('',(#6751,#6752,#6753,#6754));
#1232=EDGE_LOOP('',(#6755,#6756,#6757,#6758,#6759,#6760));
#1233=EDGE_LOOP('',(#6761,#6762,#6763,#6764));
#1234=EDGE_LOOP('',(#6765,#6766,#6767,#6768));
#1235=EDGE_LOOP('',(#6769,#6770,#6771,#6772,#6773,#6774));
#1236=EDGE_LOOP('',(#6775,#6776,#6777,#6778));
#1237=EDGE_LOOP('',(#6779,#6780,#6781,#6782));
#1238=EDGE_LOOP('',(#6783,#6784,#6785,#6786,#6787,#6788));
#1239=EDGE_LOOP('',(#6789,#6790,#6791,#6792));
#1240=EDGE_LOOP('',(#6793,#6794,#6795,#6796));
#1241=EDGE_LOOP('',(#6797,#6798,#6799,#6800,#6801,#6802));
#1242=EDGE_LOOP('',(#6803,#6804,#6805,#6806));
#1243=EDGE_LOOP('',(#6807,#6808,#6809,#6810));
#1244=EDGE_LOOP('',(#6811,#6812,#6813,#6814,#6815,#6816));
#1245=EDGE_LOOP('',(#6817,#6818,#6819,#6820));
#1246=EDGE_LOOP('',(#6821,#6822,#6823,#6824));
#1247=EDGE_LOOP('',(#6825,#6826,#6827,#6828,#6829,#6830));
#1248=EDGE_LOOP('',(#6831,#6832,#6833,#6834));
#1249=EDGE_LOOP('',(#6835,#6836,#6837,#6838));
#1250=EDGE_LOOP('',(#6839,#6840,#6841,#6842,#6843,#6844));
#1251=EDGE_LOOP('',(#6845,#6846,#6847,#6848));
#1252=EDGE_LOOP('',(#6849,#6850,#6851,#6852));
#1253=EDGE_LOOP('',(#6853,#6854,#6855,#6856,#6857,#6858));
#1254=EDGE_LOOP('',(#6859,#6860,#6861,#6862));
#1255=EDGE_LOOP('',(#6863,#6864,#6865,#6866));
#1256=EDGE_LOOP('',(#6867,#6868,#6869,#6870,#6871,#6872));
#1257=EDGE_LOOP('',(#6873,#6874,#6875,#6876));
#1258=EDGE_LOOP('',(#6877,#6878,#6879,#6880));
#1259=EDGE_LOOP('',(#6881,#6882,#6883,#6884,#6885,#6886));
#1260=EDGE_LOOP('',(#6887,#6888,#6889,#6890));
#1261=EDGE_LOOP('',(#6891,#6892,#6893,#6894));
#1262=EDGE_LOOP('',(#6895,#6896,#6897,#6898,#6899,#6900));
#1263=EDGE_LOOP('',(#6901,#6902,#6903,#6904));
#1264=EDGE_LOOP('',(#6905,#6906,#6907,#6908));
#1265=EDGE_LOOP('',(#6909,#6910,#6911,#6912,#6913,#6914));
#1266=EDGE_LOOP('',(#6915,#6916,#6917,#6918));
#1267=EDGE_LOOP('',(#6919,#6920,#6921,#6922));
#1268=EDGE_LOOP('',(#6923,#6924,#6925,#6926,#6927,#6928));
#1269=EDGE_LOOP('',(#6929,#6930,#6931,#6932));
#1270=EDGE_LOOP('',(#6933,#6934,#6935,#6936));
#1271=EDGE_LOOP('',(#6937,#6938,#6939,#6940,#6941,#6942));
#1272=EDGE_LOOP('',(#6943,#6944,#6945,#6946));
#1273=EDGE_LOOP('',(#6947,#6948,#6949,#6950));
#1274=EDGE_LOOP('',(#6951,#6952,#6953,#6954,#6955,#6956));
#1275=EDGE_LOOP('',(#6957,#6958,#6959,#6960));
#1276=EDGE_LOOP('',(#6961,#6962,#6963,#6964));
#1277=EDGE_LOOP('',(#6965,#6966,#6967,#6968,#6969,#6970));
#1278=EDGE_LOOP('',(#6971,#6972,#6973,#6974));
#1279=EDGE_LOOP('',(#6975,#6976,#6977,#6978));
#1280=EDGE_LOOP('',(#6979,#6980,#6981,#6982,#6983,#6984));
#1281=EDGE_LOOP('',(#6985,#6986,#6987,#6988));
#1282=EDGE_LOOP('',(#6989,#6990,#6991,#6992));
#1283=EDGE_LOOP('',(#6993,#6994,#6995,#6996,#6997,#6998));
#1284=EDGE_LOOP('',(#6999,#7000,#7001,#7002));
#1285=EDGE_LOOP('',(#7003,#7004,#7005,#7006));
#1286=EDGE_LOOP('',(#7007,#7008,#7009,#7010,#7011,#7012));
#1287=EDGE_LOOP('',(#7013,#7014,#7015,#7016));
#1288=EDGE_LOOP('',(#7017,#7018,#7019,#7020));
#1289=EDGE_LOOP('',(#7021,#7022,#7023,#7024,#7025,#7026));
#1290=EDGE_LOOP('',(#7027,#7028,#7029,#7030));
#1291=EDGE_LOOP('',(#7031,#7032,#7033,#7034));
#1292=EDGE_LOOP('',(#7035,#7036,#7037,#7038,#7039,#7040));
#1293=EDGE_LOOP('',(#7041,#7042,#7043,#7044));
#1294=EDGE_LOOP('',(#7045,#7046,#7047,#7048));
#1295=EDGE_LOOP('',(#7049,#7050,#7051,#7052,#7053,#7054));
#1296=EDGE_LOOP('',(#7055,#7056,#7057,#7058));
#1297=EDGE_LOOP('',(#7059,#7060,#7061,#7062));
#1298=EDGE_LOOP('',(#7063,#7064,#7065,#7066,#7067,#7068));
#1299=EDGE_LOOP('',(#7069,#7070,#7071,#7072));
#1300=EDGE_LOOP('',(#7073,#7074,#7075,#7076));
#1301=EDGE_LOOP('',(#7077,#7078,#7079,#7080,#7081,#7082));
#1302=EDGE_LOOP('',(#7083,#7084,#7085,#7086));
#1303=EDGE_LOOP('',(#7087,#7088,#7089,#7090));
#1304=EDGE_LOOP('',(#7091,#7092,#7093,#7094,#7095,#7096));
#1305=EDGE_LOOP('',(#7097,#7098,#7099,#7100));
#1306=EDGE_LOOP('',(#7101,#7102,#7103,#7104));
#1307=EDGE_LOOP('',(#7105,#7106,#7107,#7108,#7109,#7110));
#1308=EDGE_LOOP('',(#7111,#7112,#7113,#7114));
#1309=EDGE_LOOP('',(#7115,#7116,#7117,#7118));
#1310=EDGE_LOOP('',(#7119,#7120,#7121,#7122,#7123,#7124));
#1311=EDGE_LOOP('',(#7125,#7126,#7127,#7128));
#1312=EDGE_LOOP('',(#7129,#7130,#7131,#7132));
#1313=EDGE_LOOP('',(#7133,#7134,#7135,#7136,#7137,#7138));
#1314=EDGE_LOOP('',(#7139,#7140,#7141,#7142));
#1315=EDGE_LOOP('',(#7143,#7144,#7145,#7146));
#1316=EDGE_LOOP('',(#7147,#7148,#7149,#7150,#7151,#7152));
#1317=EDGE_LOOP('',(#7153,#7154,#7155,#7156));
#1318=EDGE_LOOP('',(#7157,#7158,#7159,#7160));
#1319=EDGE_LOOP('',(#7161,#7162,#7163,#7164,#7165,#7166));
#1320=EDGE_LOOP('',(#7167,#7168,#7169,#7170));
#1321=EDGE_LOOP('',(#7171,#7172,#7173,#7174));
#1322=EDGE_LOOP('',(#7175,#7176,#7177,#7178,#7179,#7180));
#1323=EDGE_LOOP('',(#7181,#7182,#7183,#7184));
#1324=EDGE_LOOP('',(#7185,#7186,#7187,#7188));
#1325=EDGE_LOOP('',(#7189,#7190,#7191,#7192,#7193,#7194));
#1326=EDGE_LOOP('',(#7195,#7196,#7197,#7198));
#1327=EDGE_LOOP('',(#7199,#7200,#7201,#7202));
#1328=EDGE_LOOP('',(#7203,#7204,#7205,#7206,#7207,#7208));
#1329=EDGE_LOOP('',(#7209,#7210,#7211,#7212));
#1330=EDGE_LOOP('',(#7213,#7214,#7215,#7216));
#1331=EDGE_LOOP('',(#7217,#7218,#7219,#7220,#7221,#7222));
#1332=EDGE_LOOP('',(#7223,#7224,#7225,#7226));
#1333=EDGE_LOOP('',(#7227,#7228,#7229,#7230));
#1334=EDGE_LOOP('',(#7231,#7232,#7233,#7234,#7235,#7236));
#1335=EDGE_LOOP('',(#7237,#7238,#7239,#7240));
#1336=EDGE_LOOP('',(#7241,#7242,#7243,#7244));
#1337=EDGE_LOOP('',(#7245,#7246,#7247,#7248,#7249,#7250));
#1338=EDGE_LOOP('',(#7251,#7252,#7253,#7254));
#1339=EDGE_LOOP('',(#7255,#7256,#7257,#7258));
#1340=EDGE_LOOP('',(#7259,#7260,#7261,#7262,#7263,#7264));
#1341=EDGE_LOOP('',(#7265,#7266,#7267,#7268));
#1342=EDGE_LOOP('',(#7269,#7270,#7271,#7272));
#1343=EDGE_LOOP('',(#7273,#7274,#7275,#7276,#7277,#7278));
#1344=EDGE_LOOP('',(#7279,#7280,#7281,#7282));
#1345=EDGE_LOOP('',(#7283,#7284,#7285,#7286));
#1346=EDGE_LOOP('',(#7287,#7288,#7289,#7290,#7291,#7292));
#1347=EDGE_LOOP('',(#7293,#7294,#7295,#7296));
#1348=EDGE_LOOP('',(#7297,#7298,#7299,#7300));
#1349=EDGE_LOOP('',(#7301,#7302,#7303,#7304,#7305,#7306));
#1350=EDGE_LOOP('',(#7307,#7308,#7309,#7310));
#1351=EDGE_LOOP('',(#7311,#7312,#7313,#7314));
#1352=EDGE_LOOP('',(#7315,#7316,#7317,#7318,#7319,#7320));
#1353=EDGE_LOOP('',(#7321,#7322,#7323,#7324));
#1354=EDGE_LOOP('',(#7325,#7326,#7327,#7328));
#1355=EDGE_LOOP('',(#7329,#7330,#7331,#7332,#7333,#7334));
#1356=EDGE_LOOP('',(#7335,#7336,#7337,#7338));
#1357=EDGE_LOOP('',(#7339,#7340,#7341,#7342));
#1358=EDGE_LOOP('',(#7343,#7344,#7345,#7346,#7347,#7348));
#1359=EDGE_LOOP('',(#7349,#7350,#7351,#7352));
#1360=EDGE_LOOP('',(#7353,#7354,#7355,#7356));
#1361=EDGE_LOOP('',(#7357,#7358,#7359,#7360,#7361,#7362));
#1362=EDGE_LOOP('',(#7363,#7364,#7365,#7366));
#1363=EDGE_LOOP('',(#7367,#7368,#7369,#7370));
#1364=EDGE_LOOP('',(#7371,#7372,#7373,#7374,#7375,#7376));
#1365=EDGE_LOOP('',(#7377,#7378,#7379,#7380));
#1366=EDGE_LOOP('',(#7381,#7382,#7383,#7384));
#1367=EDGE_LOOP('',(#7385,#7386,#7387,#7388,#7389,#7390));
#1368=EDGE_LOOP('',(#7391,#7392,#7393,#7394));
#1369=EDGE_LOOP('',(#7395,#7396,#7397,#7398));
#1370=EDGE_LOOP('',(#7399,#7400,#7401,#7402,#7403,#7404));
#1371=EDGE_LOOP('',(#7405,#7406,#7407,#7408));
#1372=EDGE_LOOP('',(#7409,#7410,#7411,#7412));
#1373=EDGE_LOOP('',(#7413,#7414,#7415,#7416,#7417,#7418));
#1374=EDGE_LOOP('',(#7419,#7420,#7421,#7422));
#1375=EDGE_LOOP('',(#7423,#7424,#7425,#7426));
#1376=EDGE_LOOP('',(#7427,#7428,#7429,#7430,#7431,#7432));
#1377=EDGE_LOOP('',(#7433,#7434,#7435,#7436));
#1378=EDGE_LOOP('',(#7437,#7438,#7439,#7440));
#1379=EDGE_LOOP('',(#7441,#7442,#7443,#7444,#7445,#7446));
#1380=EDGE_LOOP('',(#7447,#7448,#7449,#7450));
#1381=EDGE_LOOP('',(#7451,#7452,#7453,#7454));
#1382=EDGE_LOOP('',(#7455,#7456,#7457,#7458));
#1383=EDGE_LOOP('',(#7459,#7460,#7461,#7462));
#1384=EDGE_LOOP('',(#7463,#7464,#7465,#7466));
#1385=EDGE_LOOP('',(#7467,#7468,#7469,#7470));
#1386=EDGE_LOOP('',(#7471,#7472,#7473,#7474));
#1387=EDGE_LOOP('',(#7475,#7476,#7477,#7478,#7479));
#1388=EDGE_LOOP('',(#7480,#7481,#7482,#7483));
#1389=EDGE_LOOP('',(#7484,#7485,#7486,#7487));
#1390=EDGE_LOOP('',(#7488));
#1391=EDGE_LOOP('',(#7489,#7490,#7491,#7492));
#1392=EDGE_LOOP('',(#7493,#7494,#7495));
#1393=EDGE_LOOP('',(#7496,#7497,#7498,#7499,#7500,#7501,#7502,#7503));
#1394=EDGE_LOOP('',(#7504,#7505,#7506,#7507));
#1395=EDGE_LOOP('',(#7508,#7509));
#1396=EDGE_LOOP('',(#7510,#7511,#7512,#7513,#7514,#7515));
#1397=EDGE_LOOP('',(#7516,#7517,#7518,#7519));
#1398=EDGE_LOOP('',(#7520,#7521,#7522,#7523,#7524,#7525));
#1399=EDGE_LOOP('',(#7526,#7527,#7528,#7529));
#1400=EDGE_LOOP('',(#7530,#7531,#7532,#7533,#7534,#7535));
#1401=EDGE_LOOP('',(#7536,#7537,#7538,#7539,#7540));
#1402=EDGE_LOOP('',(#7541,#7542,#7543,#7544,#7545,#7546));
#1403=EDGE_LOOP('',(#7547,#7548,#7549,#7550));
#1404=EDGE_LOOP('',(#7551,#7552,#7553,#7554));
#1405=EDGE_LOOP('',(#7555,#7556,#7557,#7558,#7559,#7560));
#1406=EDGE_LOOP('',(#7561,#7562,#7563,#7564));
#1407=EDGE_LOOP('',(#7565,#7566,#7567,#7568,#7569,#7570));
#1408=EDGE_LOOP('',(#7571,#7572,#7573,#7574));
#1409=EDGE_LOOP('',(#7575,#7576,#7577,#7578,#7579,#7580));
#1410=EDGE_LOOP('',(#7581,#7582,#7583,#7584));
#1411=EDGE_LOOP('',(#7585,#7586,#7587,#7588));
#1412=EDGE_LOOP('',(#7589,#7590,#7591,#7592,#7593,#7594));
#1413=EDGE_LOOP('',(#7595,#7596,#7597,#7598));
#1414=EDGE_LOOP('',(#7599,#7600,#7601,#7602));
#1415=EDGE_LOOP('',(#7603,#7604,#7605,#7606,#7607,#7608));
#1416=EDGE_LOOP('',(#7609,#7610,#7611,#7612));
#1417=EDGE_LOOP('',(#7613,#7614,#7615,#7616));
#1418=EDGE_LOOP('',(#7617,#7618,#7619,#7620,#7621,#7622));
#1419=EDGE_LOOP('',(#7623,#7624,#7625,#7626));
#1420=EDGE_LOOP('',(#7627,#7628,#7629,#7630));
#1421=EDGE_LOOP('',(#7631,#7632,#7633,#7634,#7635,#7636));
#1422=EDGE_LOOP('',(#7637,#7638,#7639,#7640));
#1423=EDGE_LOOP('',(#7641,#7642,#7643,#7644,#7645,#7646));
#1424=EDGE_LOOP('',(#7647,#7648,#7649,#7650));
#1425=EDGE_LOOP('',(#7651,#7652,#7653,#7654,#7655,#7656));
#1426=EDGE_LOOP('',(#7657,#7658,#7659,#7660));
#1427=EDGE_LOOP('',(#7661,#7662,#7663,#7664));
#1428=EDGE_LOOP('',(#7665,#7666,#7667,#7668,#7669,#7670));
#1429=EDGE_LOOP('',(#7671,#7672,#7673,#7674));
#1430=EDGE_LOOP('',(#7675,#7676,#7677,#7678,#7679,#7680));
#1431=EDGE_LOOP('',(#7681,#7682,#7683,#7684));
#1432=EDGE_LOOP('',(#7685,#7686,#7687,#7688,#7689,#7690));
#1433=EDGE_LOOP('',(#7691,#7692,#7693,#7694,#7695,#7696));
#1434=EDGE_LOOP('',(#7697,#7698,#7699,#7700));
#1435=EDGE_LOOP('',(#7701,#7702,#7703,#7704));
#1436=EDGE_LOOP('',(#7705,#7706,#7707,#7708,#7709,#7710));
#1437=EDGE_LOOP('',(#7711,#7712,#7713,#7714));
#1438=EDGE_LOOP('',(#7715,#7716,#7717,#7718));
#1439=EDGE_LOOP('',(#7719,#7720,#7721,#7722));
#1440=EDGE_LOOP('',(#7723,#7724,#7725,#7726));
#1441=CIRCLE('',#8463,0.0127000254000464);
#1442=CIRCLE('',#8466,0.0127000254000442);
#1443=CIRCLE('',#8467,0.0127000254000445);
#1444=CIRCLE('',#8468,3.01270510541);
#1445=CIRCLE('',#8469,2.51270510541);
#1446=CIRCLE('',#8471,2.);
#1447=CIRCLE('',#8472,2.);
#1448=CIRCLE('',#8475,2.);
#1449=CIRCLE('',#8476,2.);
#1450=CIRCLE('',#8485,0.0127000254000442);
#1451=CIRCLE('',#8487,0.0127000254000445);
#1452=CIRCLE('',#8489,0.0127000254000442);
#1453=CIRCLE('',#8492,3.01270510541);
#1454=CIRCLE('',#8495,2.51270510541);
#1455=CIRCLE('',#8528,0.0127000254000464);
#1456=CIRCLE('',#8529,0.0127000254000464);
#1457=CIRCLE('',#8535,1.);
#1458=CIRCLE('',#8536,1.);
#1459=CIRCLE('',#8539,1.);
#1460=CIRCLE('',#8540,1.);
#1461=CIRCLE('',#8542,1.);
#1462=CIRCLE('',#8543,1.);
#1463=CIRCLE('',#8546,1.);
#1464=CIRCLE('',#8547,1.);
#1465=CIRCLE('',#8550,2.);
#1466=CIRCLE('',#8551,2.);
#1467=CIRCLE('',#8554,3.01270510541);
#1468=CIRCLE('',#8555,3.01270510541);
#1469=CIRCLE('',#8558,2.);
#1470=CIRCLE('',#8559,2.);
#1471=CIRCLE('',#8562,2.51270510541);
#1472=CIRCLE('',#8563,2.51270510541);
#1473=CIRCLE('',#8586,3.499999969862);
#1474=CIRCLE('',#8589,3.499999969862);
#1475=CIRCLE('',#8667,0.5);
#1476=CIRCLE('',#8668,0.5);
#1477=CIRCLE('',#8670,0.5);
#1478=CIRCLE('',#8672,0.5);
#1479=CIRCLE('',#8676,3.5);
#1480=CIRCLE('',#8677,1.);
#1481=CIRCLE('',#8678,4.5);
#1482=CIRCLE('',#8679,4.5);
#1483=CIRCLE('',#8680,4.5);
#1484=CIRCLE('',#8681,4.5);
#1485=CIRCLE('',#8682,4.5);
#1486=CIRCLE('',#8683,4.5);
#1487=CIRCLE('',#8684,4.5);
#1488=CIRCLE('',#8685,4.5);
#1489=CIRCLE('',#8686,4.5);
#1490=CIRCLE('',#8687,4.5);
#1491=CIRCLE('',#8688,4.5);
#1492=CIRCLE('',#8689,4.5);
#1493=CIRCLE('',#8690,4.5);
#1494=CIRCLE('',#8691,4.5);
#1495=CIRCLE('',#8692,4.5);
#1496=CIRCLE('',#8693,4.5);
#1497=CIRCLE('',#8694,4.5);
#1498=CIRCLE('',#8695,4.5);
#1499=CIRCLE('',#8696,4.5);
#1500=CIRCLE('',#8697,4.5);
#1501=CIRCLE('',#8698,4.5);
#1502=CIRCLE('',#8699,4.5);
#1503=CIRCLE('',#8700,4.5);
#1504=CIRCLE('',#8701,4.5);
#1505=CIRCLE('',#8702,4.5);
#1506=CIRCLE('',#8703,4.5);
#1507=CIRCLE('',#8704,4.5);
#1508=CIRCLE('',#8705,4.5);
#1509=CIRCLE('',#8706,4.5);
#1510=CIRCLE('',#8707,4.5);
#1511=CIRCLE('',#8708,4.5);
#1512=CIRCLE('',#8709,4.5);
#1513=CIRCLE('',#8710,4.5);
#1514=CIRCLE('',#8711,4.5);
#1515=CIRCLE('',#8712,4.5);
#1516=CIRCLE('',#8713,4.5);
#1517=CIRCLE('',#8714,4.5);
#1518=CIRCLE('',#8715,4.5);
#1519=CIRCLE('',#8716,4.5);
#1520=CIRCLE('',#8717,4.5);
#1521=CIRCLE('',#8718,4.5);
#1522=CIRCLE('',#8719,4.5);
#1523=CIRCLE('',#8720,4.5);
#1524=CIRCLE('',#8721,4.5);
#1525=CIRCLE('',#8722,4.5);
#1526=CIRCLE('',#8724,4.5);
#1527=CIRCLE('',#8726,2.999999974168);
#1528=CIRCLE('',#8727,1.5);
#1529=CIRCLE('',#8728,4.5);
#1530=CIRCLE('',#8729,4.5);
#1531=CIRCLE('',#8730,4.5);
#1532=CIRCLE('',#8731,4.5);
#1533=CIRCLE('',#8732,4.5);
#1534=CIRCLE('',#8733,4.5);
#1535=CIRCLE('',#8734,4.5);
#1536=CIRCLE('',#8735,4.5);
#1537=CIRCLE('',#8736,4.5);
#1538=CIRCLE('',#8737,4.5);
#1539=CIRCLE('',#8738,4.5);
#1540=CIRCLE('',#8739,4.5);
#1541=CIRCLE('',#8740,4.5);
#1542=CIRCLE('',#8741,4.5);
#1543=CIRCLE('',#8742,4.5);
#1544=CIRCLE('',#8743,4.5);
#1545=CIRCLE('',#8744,4.5);
#1546=CIRCLE('',#8745,4.5);
#1547=CIRCLE('',#8746,4.5);
#1548=CIRCLE('',#8747,4.5);
#1549=CIRCLE('',#8748,4.5);
#1550=CIRCLE('',#8749,4.5);
#1551=CIRCLE('',#8750,4.5);
#1552=CIRCLE('',#8751,4.5);
#1553=CIRCLE('',#8752,4.5);
#1554=CIRCLE('',#8753,4.5);
#1555=CIRCLE('',#8754,4.5);
#1556=CIRCLE('',#8755,4.5);
#1557=CIRCLE('',#8756,4.5);
#1558=CIRCLE('',#8757,4.5);
#1559=CIRCLE('',#8758,4.5);
#1560=CIRCLE('',#8759,4.5);
#1561=CIRCLE('',#8760,4.5);
#1562=CIRCLE('',#8761,4.5);
#1563=CIRCLE('',#8762,4.5);
#1564=CIRCLE('',#8763,4.5);
#1565=CIRCLE('',#8764,4.5);
#1566=CIRCLE('',#8765,4.5);
#1567=CIRCLE('',#8766,4.5);
#1568=CIRCLE('',#8767,4.5);
#1569=CIRCLE('',#8768,4.5);
#1570=CIRCLE('',#8769,4.5);
#1571=CIRCLE('',#8770,4.5);
#1572=CIRCLE('',#8771,4.5);
#1573=CIRCLE('',#8772,4.5);
#1574=CIRCLE('',#8774,0.5);
#1575=CIRCLE('',#8775,0.5);
#1576=CIRCLE('',#8777,0.5);
#1577=CIRCLE('',#8779,0.5);
#1578=CIRCLE('',#8784,0.5);
#1579=CIRCLE('',#8785,0.5);
#1580=CIRCLE('',#8787,0.5);
#1581=CIRCLE('',#8789,0.5);
#1582=CIRCLE('',#8794,0.5);
#1583=CIRCLE('',#8795,0.5);
#1584=CIRCLE('',#8797,0.5);
#1585=CIRCLE('',#8799,0.5);
#1586=CIRCLE('',#8804,0.5);
#1587=CIRCLE('',#8805,0.5);
#1588=CIRCLE('',#8807,0.5);
#1589=CIRCLE('',#8809,0.5);
#1590=CIRCLE('',#8814,0.5);
#1591=CIRCLE('',#8815,0.5);
#1592=CIRCLE('',#8817,0.5);
#1593=CIRCLE('',#8819,0.5);
#1594=CIRCLE('',#8824,0.5);
#1595=CIRCLE('',#8825,0.5);
#1596=CIRCLE('',#8827,0.5);
#1597=CIRCLE('',#8829,0.5);
#1598=CIRCLE('',#8834,0.5);
#1599=CIRCLE('',#8835,0.5);
#1600=CIRCLE('',#8837,0.5);
#1601=CIRCLE('',#8839,0.5);
#1602=CIRCLE('',#8844,0.5);
#1603=CIRCLE('',#8845,0.5);
#1604=CIRCLE('',#8847,0.5);
#1605=CIRCLE('',#8849,0.5);
#1606=CIRCLE('',#8854,0.5);
#1607=CIRCLE('',#8855,0.5);
#1608=CIRCLE('',#8857,0.5);
#1609=CIRCLE('',#8859,0.5);
#1610=CIRCLE('',#8864,0.5);
#1611=CIRCLE('',#8865,0.5);
#1612=CIRCLE('',#8867,0.5);
#1613=CIRCLE('',#8869,0.5);
#1614=CIRCLE('',#8874,0.5);
#1615=CIRCLE('',#8875,0.5);
#1616=CIRCLE('',#8877,0.5);
#1617=CIRCLE('',#8879,0.5);
#1618=CIRCLE('',#8884,0.5);
#1619=CIRCLE('',#8885,0.5);
#1620=CIRCLE('',#8887,0.5);
#1621=CIRCLE('',#8889,0.5);
#1622=CIRCLE('',#8894,0.5);
#1623=CIRCLE('',#8895,0.5);
#1624=CIRCLE('',#8897,0.5);
#1625=CIRCLE('',#8899,0.5);
#1626=CIRCLE('',#8904,0.5);
#1627=CIRCLE('',#8905,0.5);
#1628=CIRCLE('',#8907,0.5);
#1629=CIRCLE('',#8909,0.5);
#1630=CIRCLE('',#8914,0.5);
#1631=CIRCLE('',#8915,0.5);
#1632=CIRCLE('',#8917,0.5);
#1633=CIRCLE('',#8919,0.5);
#1634=CIRCLE('',#8924,0.5);
#1635=CIRCLE('',#8925,0.5);
#1636=CIRCLE('',#8927,0.5);
#1637=CIRCLE('',#8929,0.5);
#1638=CIRCLE('',#8934,0.5);
#1639=CIRCLE('',#8935,0.5);
#1640=CIRCLE('',#8937,0.5);
#1641=CIRCLE('',#8939,0.5);
#1642=CIRCLE('',#8944,0.5);
#1643=CIRCLE('',#8945,0.5);
#1644=CIRCLE('',#8947,0.5);
#1645=CIRCLE('',#8949,0.5);
#1646=CIRCLE('',#8954,0.5);
#1647=CIRCLE('',#8955,0.5);
#1648=CIRCLE('',#8957,0.5);
#1649=CIRCLE('',#8959,0.5);
#1650=CIRCLE('',#8964,0.5);
#1651=CIRCLE('',#8965,0.5);
#1652=CIRCLE('',#8967,0.5);
#1653=CIRCLE('',#8969,0.5);
#1654=CIRCLE('',#8974,0.5);
#1655=CIRCLE('',#8975,0.5);
#1656=CIRCLE('',#8977,0.5);
#1657=CIRCLE('',#8979,0.5);
#1658=CIRCLE('',#8984,0.5);
#1659=CIRCLE('',#8985,0.5);
#1660=CIRCLE('',#8987,0.5);
#1661=CIRCLE('',#8989,0.5);
#1662=CIRCLE('',#8994,0.5);
#1663=CIRCLE('',#8995,0.5);
#1664=CIRCLE('',#8997,0.5);
#1665=CIRCLE('',#8999,0.5);
#1666=CIRCLE('',#9004,0.5);
#1667=CIRCLE('',#9005,0.5);
#1668=CIRCLE('',#9007,0.5);
#1669=CIRCLE('',#9009,0.5);
#1670=CIRCLE('',#9014,0.5);
#1671=CIRCLE('',#9015,0.5);
#1672=CIRCLE('',#9017,0.5);
#1673=CIRCLE('',#9019,0.5);
#1674=CIRCLE('',#9024,0.5);
#1675=CIRCLE('',#9025,0.5);
#1676=CIRCLE('',#9027,0.5);
#1677=CIRCLE('',#9029,0.5);
#1678=CIRCLE('',#9034,0.5);
#1679=CIRCLE('',#9035,0.5);
#1680=CIRCLE('',#9037,0.5);
#1681=CIRCLE('',#9039,0.5);
#1682=CIRCLE('',#9044,0.5);
#1683=CIRCLE('',#9045,0.5);
#1684=CIRCLE('',#9047,0.5);
#1685=CIRCLE('',#9049,0.5);
#1686=CIRCLE('',#9054,0.5);
#1687=CIRCLE('',#9055,0.5);
#1688=CIRCLE('',#9057,0.5);
#1689=CIRCLE('',#9059,0.5);
#1690=CIRCLE('',#9064,0.5);
#1691=CIRCLE('',#9065,0.5);
#1692=CIRCLE('',#9067,0.5);
#1693=CIRCLE('',#9069,0.5);
#1694=CIRCLE('',#9074,0.5);
#1695=CIRCLE('',#9075,0.5);
#1696=CIRCLE('',#9077,0.5);
#1697=CIRCLE('',#9079,0.5);
#1698=CIRCLE('',#9084,0.5);
#1699=CIRCLE('',#9085,0.5);
#1700=CIRCLE('',#9087,0.5);
#1701=CIRCLE('',#9089,0.5);
#1702=CIRCLE('',#9094,0.5);
#1703=CIRCLE('',#9095,0.5);
#1704=CIRCLE('',#9097,0.5);
#1705=CIRCLE('',#9099,0.5);
#1706=CIRCLE('',#9104,0.5);
#1707=CIRCLE('',#9105,0.5);
#1708=CIRCLE('',#9107,0.5);
#1709=CIRCLE('',#9109,0.5);
#1710=CIRCLE('',#9114,0.5);
#1711=CIRCLE('',#9115,0.5);
#1712=CIRCLE('',#9117,0.5);
#1713=CIRCLE('',#9119,0.5);
#1714=CIRCLE('',#9134,2.999999974168);
#1715=CIRCLE('',#9135,2.999999974168);
#1716=CIRCLE('',#9137,2.999999974168);
#1717=CIRCLE('',#9141,0.5);
#1718=CIRCLE('',#9142,0.5);
#1719=CIRCLE('',#9144,0.5);
#1720=CIRCLE('',#9146,0.5);
#1721=CIRCLE('',#9147,0.5);
#1722=CIRCLE('',#9149,0.5);
#1723=CIRCLE('',#9151,0.5);
#1724=CIRCLE('',#9152,0.5);
#1725=CIRCLE('',#9154,0.5);
#1726=CIRCLE('',#9156,0.5);
#1727=CIRCLE('',#9157,0.5);
#1728=CIRCLE('',#9159,0.5);
#1729=CIRCLE('',#9161,0.5);
#1730=CIRCLE('',#9162,0.5);
#1731=CIRCLE('',#9164,0.5);
#1732=CIRCLE('',#9166,0.5);
#1733=CIRCLE('',#9170,0.5);
#1734=CIRCLE('',#9174,0.5);
#1735=CIRCLE('',#9178,0.5);
#1736=CIRCLE('',#9182,0.5);
#1737=CIRCLE('',#9186,0.5);
#1738=CIRCLE('',#9187,0.5);
#1739=CIRCLE('',#9189,0.5);
#1740=CIRCLE('',#9191,0.5);
#1741=CIRCLE('',#9192,0.5);
#1742=CIRCLE('',#9194,0.5);
#1743=CIRCLE('',#9196,0.5);
#1744=CIRCLE('',#9197,0.5);
#1745=CIRCLE('',#9199,0.5);
#1746=CIRCLE('',#9201,0.5);
#1747=CIRCLE('',#9202,0.5);
#1748=CIRCLE('',#9204,0.5);
#1749=CIRCLE('',#9206,0.5);
#1750=CIRCLE('',#9210,0.5);
#1751=CIRCLE('',#9212,0.5);
#1752=CIRCLE('',#9216,0.5);
#1753=LINE('',#11424,#2426);
#1754=LINE('',#11427,#2427);
#1755=LINE('',#11431,#2428);
#1756=LINE('',#11433,#2429);
#1757=LINE('',#11435,#2430);
#1758=LINE('',#11437,#2431);
#1759=LINE('',#11439,#2432);
#1760=LINE('',#11440,#2433);
#1761=LINE('',#11444,#2434);
#1762=LINE('',#11446,#2435);
#1763=LINE('',#11448,#2436);
#1764=LINE('',#11450,#2437);
#1765=LINE('',#11452,#2438);
#1766=LINE('',#11454,#2439);
#1767=LINE('',#11456,#2440);
#1768=LINE('',#11458,#2441);
#1769=LINE('',#11459,#2442);
#1770=LINE('',#11462,#2443);
#1771=LINE('',#11464,#2444);
#1772=LINE('',#11466,#2445);
#1773=LINE('',#11468,#2446);
#1774=LINE('',#11470,#2447);
#1775=LINE('',#11472,#2448);
#1776=LINE('',#11474,#2449);
#1777=LINE('',#11476,#2450);
#1778=LINE('',#11478,#2451);
#1779=LINE('',#11482,#2452);
#1780=LINE('',#11484,#2453);
#1781=LINE('',#11486,#2454);
#1782=LINE('',#11496,#2455);
#1783=LINE('',#11503,#2456);
#1784=LINE('',#11509,#2457);
#1785=LINE('',#11511,#2458);
#1786=LINE('',#11513,#2459);
#1787=LINE('',#11514,#2460);
#1788=LINE('',#11518,#2461);
#1789=LINE('',#11520,#2462);
#1790=LINE('',#11522,#2463);
#1791=LINE('',#11523,#2464);
#1792=LINE('',#11525,#2465);
#1793=LINE('',#11526,#2466);
#1794=LINE('',#11528,#2467);
#1795=LINE('',#11531,#2468);
#1796=LINE('',#11533,#2469);
#1797=LINE('',#11534,#2470);
#1798=LINE('',#11538,#2471);
#1799=LINE('',#11540,#2472);
#1800=LINE('',#11541,#2473);
#1801=LINE('',#11542,#2474);
#1802=LINE('',#11545,#2475);
#1803=LINE('',#11549,#2476);
#1804=LINE('',#11551,#2477);
#1805=LINE('',#11553,#2478);
#1806=LINE('',#11555,#2479);
#1807=LINE('',#11559,#2480);
#1808=LINE('',#11561,#2481);
#1809=LINE('',#11563,#2482);
#1810=LINE('',#11564,#2483);
#1811=LINE('',#11567,#2484);
#1812=LINE('',#11569,#2485);
#1813=LINE('',#11572,#2486);
#1814=LINE('',#11574,#2487);
#1815=LINE('',#11575,#2488);
#1816=LINE('',#11576,#2489);
#1817=LINE('',#11579,#2490);
#1818=LINE('',#11584,#2491);
#1819=LINE('',#11589,#2492);
#1820=LINE('',#11591,#2493);
#1821=LINE('',#11592,#2494);
#1822=LINE('',#11595,#2495);
#1823=LINE('',#11596,#2496);
#1824=LINE('',#11598,#2497);
#1825=LINE('',#11601,#2498);
#1826=LINE('',#11603,#2499);
#1827=LINE('',#11604,#2500);
#1828=LINE('',#11607,#2501);
#1829=LINE('',#11608,#2502);
#1830=LINE('',#11611,#2503);
#1831=LINE('',#11612,#2504);
#1832=LINE('',#11614,#2505);
#1833=LINE('',#11615,#2506);
#1834=LINE('',#11617,#2507);
#1835=LINE('',#11619,#2508);
#1836=LINE('',#11621,#2509);
#1837=LINE('',#11622,#2510);
#1838=LINE('',#11624,#2511);
#1839=LINE('',#11626,#2512);
#1840=LINE('',#11628,#2513);
#1841=LINE('',#11630,#2514);
#1842=LINE('',#11631,#2515);
#1843=LINE('',#11633,#2516);
#1844=LINE('',#11636,#2517);
#1845=LINE('',#11638,#2518);
#1846=LINE('',#11641,#2519);
#1847=LINE('',#11643,#2520);
#1848=LINE('',#11644,#2521);
#1849=LINE('',#11647,#2522);
#1850=LINE('',#11649,#2523);
#1851=LINE('',#11650,#2524);
#1852=LINE('',#11653,#2525);
#1853=LINE('',#11655,#2526);
#1854=LINE('',#11656,#2527);
#1855=LINE('',#11659,#2528);
#1856=LINE('',#11660,#2529);
#1857=LINE('',#11663,#2530);
#1858=LINE('',#11664,#2531);
#1859=LINE('',#11667,#2532);
#1860=LINE('',#11668,#2533);
#1861=LINE('',#11671,#2534);
#1862=LINE('',#11672,#2535);
#1863=LINE('',#11675,#2536);
#1864=LINE('',#11676,#2537);
#1865=LINE('',#11678,#2538);
#1866=LINE('',#11681,#2539);
#1867=LINE('',#11682,#2540);
#1868=LINE('',#11685,#2541);
#1869=LINE('',#11686,#2542);
#1870=LINE('',#11688,#2543);
#1871=LINE('',#11689,#2544);
#1872=LINE('',#11690,#2545);
#1873=LINE('',#11693,#2546);
#1874=LINE('',#11695,#2547);
#1875=LINE('',#11696,#2548);
#1876=LINE('',#11698,#2549);
#1877=LINE('',#11699,#2550);
#1878=LINE('',#11700,#2551);
#1879=LINE('',#11705,#2552);
#1880=LINE('',#11707,#2553);
#1881=LINE('',#11709,#2554);
#1882=LINE('',#11710,#2555);
#1883=LINE('',#11712,#2556);
#1884=LINE('',#11720,#2557);
#1885=LINE('',#11723,#2558);
#1886=LINE('',#11726,#2559);
#1887=LINE('',#11728,#2560);
#1888=LINE('',#11729,#2561);
#1889=LINE('',#11735,#2562);
#1890=LINE('',#11741,#2563);
#1891=LINE('',#11744,#2564);
#1892=LINE('',#11747,#2565);
#1893=LINE('',#11749,#2566);
#1894=LINE('',#11750,#2567);
#1895=LINE('',#11755,#2568);
#1896=LINE('',#11758,#2569);
#1897=LINE('',#11759,#2570);
#1898=LINE('',#11764,#2571);
#1899=LINE('',#11771,#2572);
#1900=LINE('',#11778,#2573);
#1901=LINE('',#11785,#2574);
#1902=LINE('',#11838,#2575);
#1903=LINE('',#11841,#2576);
#1904=LINE('',#11844,#2577);
#1905=LINE('',#11847,#2578);
#1906=LINE('',#11898,#2579);
#1907=LINE('',#11901,#2580);
#1908=LINE('',#11904,#2581);
#1909=LINE('',#11907,#2582);
#1910=LINE('',#11910,#2583);
#1911=LINE('',#11912,#2584);
#1912=LINE('',#11963,#2585);
#1913=LINE('',#11964,#2586);
#1914=LINE('',#11966,#2587);
#1915=LINE('',#11967,#2588);
#1916=LINE('',#11970,#2589);
#1917=LINE('',#11972,#2590);
#1918=LINE('',#11975,#2591);
#1919=LINE('',#11976,#2592);
#1920=LINE('',#11979,#2593);
#1921=LINE('',#11981,#2594);
#1922=LINE('',#11982,#2595);
#1923=LINE('',#11985,#2596);
#1924=LINE('',#11986,#2597);
#1925=LINE('',#11989,#2598);
#1926=LINE('',#11990,#2599);
#1927=LINE('',#11993,#2600);
#1928=LINE('',#11994,#2601);
#1929=LINE('',#11997,#2602);
#1930=LINE('',#11998,#2603);
#1931=LINE('',#12002,#2604);
#1932=LINE('',#12004,#2605);
#1933=LINE('',#12006,#2606);
#1934=LINE('',#12007,#2607);
#1935=LINE('',#12010,#2608);
#1936=LINE('',#12012,#2609);
#1937=LINE('',#12014,#2610);
#1938=LINE('',#12015,#2611);
#1939=LINE('',#12018,#2612);
#1940=LINE('',#12020,#2613);
#1941=LINE('',#12022,#2614);
#1942=LINE('',#12023,#2615);
#1943=LINE('',#12026,#2616);
#1944=LINE('',#12028,#2617);
#1945=LINE('',#12030,#2618);
#1946=LINE('',#12031,#2619);
#1947=LINE('',#12034,#2620);
#1948=LINE('',#12036,#2621);
#1949=LINE('',#12038,#2622);
#1950=LINE('',#12039,#2623);
#1951=LINE('',#12042,#2624);
#1952=LINE('',#12044,#2625);
#1953=LINE('',#12046,#2626);
#1954=LINE('',#12047,#2627);
#1955=LINE('',#12050,#2628);
#1956=LINE('',#12052,#2629);
#1957=LINE('',#12054,#2630);
#1958=LINE('',#12055,#2631);
#1959=LINE('',#12058,#2632);
#1960=LINE('',#12060,#2633);
#1961=LINE('',#12062,#2634);
#1962=LINE('',#12063,#2635);
#1963=LINE('',#12066,#2636);
#1964=LINE('',#12068,#2637);
#1965=LINE('',#12070,#2638);
#1966=LINE('',#12071,#2639);
#1967=LINE('',#12074,#2640);
#1968=LINE('',#12076,#2641);
#1969=LINE('',#12078,#2642);
#1970=LINE('',#12079,#2643);
#1971=LINE('',#12082,#2644);
#1972=LINE('',#12084,#2645);
#1973=LINE('',#12086,#2646);
#1974=LINE('',#12087,#2647);
#1975=LINE('',#12090,#2648);
#1976=LINE('',#12092,#2649);
#1977=LINE('',#12094,#2650);
#1978=LINE('',#12095,#2651);
#1979=LINE('',#12098,#2652);
#1980=LINE('',#12100,#2653);
#1981=LINE('',#12102,#2654);
#1982=LINE('',#12103,#2655);
#1983=LINE('',#12106,#2656);
#1984=LINE('',#12108,#2657);
#1985=LINE('',#12110,#2658);
#1986=LINE('',#12111,#2659);
#1987=LINE('',#12114,#2660);
#1988=LINE('',#12116,#2661);
#1989=LINE('',#12118,#2662);
#1990=LINE('',#12119,#2663);
#1991=LINE('',#12122,#2664);
#1992=LINE('',#12124,#2665);
#1993=LINE('',#12126,#2666);
#1994=LINE('',#12127,#2667);
#1995=LINE('',#12131,#2668);
#1996=LINE('',#12132,#2669);
#1997=LINE('',#12136,#2670);
#1998=LINE('',#12140,#2671);
#1999=LINE('',#12141,#2672);
#2000=LINE('',#12142,#2673);
#2001=LINE('',#12145,#2674);
#2002=LINE('',#12146,#2675);
#2003=LINE('',#12149,#2676);
#2004=LINE('',#12150,#2677);
#2005=LINE('',#12152,#2678);
#2006=LINE('',#12156,#2679);
#2007=LINE('',#12157,#2680);
#2008=LINE('',#12158,#2681);
#2009=LINE('',#12161,#2682);
#2010=LINE('',#12162,#2683);
#2011=LINE('',#12165,#2684);
#2012=LINE('',#12166,#2685);
#2013=LINE('',#12168,#2686);
#2014=LINE('',#12172,#2687);
#2015=LINE('',#12173,#2688);
#2016=LINE('',#12174,#2689);
#2017=LINE('',#12177,#2690);
#2018=LINE('',#12178,#2691);
#2019=LINE('',#12181,#2692);
#2020=LINE('',#12182,#2693);
#2021=LINE('',#12184,#2694);
#2022=LINE('',#12188,#2695);
#2023=LINE('',#12189,#2696);
#2024=LINE('',#12190,#2697);
#2025=LINE('',#12193,#2698);
#2026=LINE('',#12194,#2699);
#2027=LINE('',#12197,#2700);
#2028=LINE('',#12198,#2701);
#2029=LINE('',#12200,#2702);
#2030=LINE('',#12204,#2703);
#2031=LINE('',#12205,#2704);
#2032=LINE('',#12206,#2705);
#2033=LINE('',#12209,#2706);
#2034=LINE('',#12210,#2707);
#2035=LINE('',#12213,#2708);
#2036=LINE('',#12214,#2709);
#2037=LINE('',#12216,#2710);
#2038=LINE('',#12220,#2711);
#2039=LINE('',#12221,#2712);
#2040=LINE('',#12222,#2713);
#2041=LINE('',#12225,#2714);
#2042=LINE('',#12226,#2715);
#2043=LINE('',#12229,#2716);
#2044=LINE('',#12230,#2717);
#2045=LINE('',#12232,#2718);
#2046=LINE('',#12236,#2719);
#2047=LINE('',#12237,#2720);
#2048=LINE('',#12238,#2721);
#2049=LINE('',#12241,#2722);
#2050=LINE('',#12242,#2723);
#2051=LINE('',#12245,#2724);
#2052=LINE('',#12246,#2725);
#2053=LINE('',#12248,#2726);
#2054=LINE('',#12252,#2727);
#2055=LINE('',#12253,#2728);
#2056=LINE('',#12254,#2729);
#2057=LINE('',#12257,#2730);
#2058=LINE('',#12258,#2731);
#2059=LINE('',#12261,#2732);
#2060=LINE('',#12262,#2733);
#2061=LINE('',#12264,#2734);
#2062=LINE('',#12268,#2735);
#2063=LINE('',#12269,#2736);
#2064=LINE('',#12270,#2737);
#2065=LINE('',#12273,#2738);
#2066=LINE('',#12274,#2739);
#2067=LINE('',#12277,#2740);
#2068=LINE('',#12278,#2741);
#2069=LINE('',#12280,#2742);
#2070=LINE('',#12284,#2743);
#2071=LINE('',#12285,#2744);
#2072=LINE('',#12286,#2745);
#2073=LINE('',#12289,#2746);
#2074=LINE('',#12290,#2747);
#2075=LINE('',#12293,#2748);
#2076=LINE('',#12294,#2749);
#2077=LINE('',#12296,#2750);
#2078=LINE('',#12300,#2751);
#2079=LINE('',#12301,#2752);
#2080=LINE('',#12302,#2753);
#2081=LINE('',#12305,#2754);
#2082=LINE('',#12306,#2755);
#2083=LINE('',#12309,#2756);
#2084=LINE('',#12310,#2757);
#2085=LINE('',#12312,#2758);
#2086=LINE('',#12316,#2759);
#2087=LINE('',#12317,#2760);
#2088=LINE('',#12318,#2761);
#2089=LINE('',#12321,#2762);
#2090=LINE('',#12322,#2763);
#2091=LINE('',#12325,#2764);
#2092=LINE('',#12326,#2765);
#2093=LINE('',#12328,#2766);
#2094=LINE('',#12332,#2767);
#2095=LINE('',#12333,#2768);
#2096=LINE('',#12334,#2769);
#2097=LINE('',#12337,#2770);
#2098=LINE('',#12338,#2771);
#2099=LINE('',#12341,#2772);
#2100=LINE('',#12342,#2773);
#2101=LINE('',#12344,#2774);
#2102=LINE('',#12348,#2775);
#2103=LINE('',#12349,#2776);
#2104=LINE('',#12350,#2777);
#2105=LINE('',#12353,#2778);
#2106=LINE('',#12354,#2779);
#2107=LINE('',#12357,#2780);
#2108=LINE('',#12358,#2781);
#2109=LINE('',#12360,#2782);
#2110=LINE('',#12364,#2783);
#2111=LINE('',#12365,#2784);
#2112=LINE('',#12366,#2785);
#2113=LINE('',#12369,#2786);
#2114=LINE('',#12370,#2787);
#2115=LINE('',#12373,#2788);
#2116=LINE('',#12374,#2789);
#2117=LINE('',#12376,#2790);
#2118=LINE('',#12380,#2791);
#2119=LINE('',#12381,#2792);
#2120=LINE('',#12382,#2793);
#2121=LINE('',#12385,#2794);
#2122=LINE('',#12386,#2795);
#2123=LINE('',#12389,#2796);
#2124=LINE('',#12390,#2797);
#2125=LINE('',#12392,#2798);
#2126=LINE('',#12396,#2799);
#2127=LINE('',#12398,#2800);
#2128=LINE('',#12400,#2801);
#2129=LINE('',#12402,#2802);
#2130=LINE('',#12404,#2803);
#2131=LINE('',#12405,#2804);
#2132=LINE('',#12409,#2805);
#2133=LINE('',#12410,#2806);
#2134=LINE('',#12411,#2807);
#2135=LINE('',#12414,#2808);
#2136=LINE('',#12415,#2809);
#2137=LINE('',#12418,#2810);
#2138=LINE('',#12419,#2811);
#2139=LINE('',#12422,#2812);
#2140=LINE('',#12423,#2813);
#2141=LINE('',#12426,#2814);
#2142=LINE('',#12427,#2815);
#2143=LINE('',#12429,#2816);
#2144=LINE('',#12432,#2817);
#2145=LINE('',#12433,#2818);
#2146=LINE('',#12436,#2819);
#2147=LINE('',#12437,#2820);
#2148=LINE('',#12440,#2821);
#2149=LINE('',#12441,#2822);
#2150=LINE('',#12443,#2823);
#2151=LINE('',#12455,#2824);
#2152=LINE('',#12466,#2825);
#2153=LINE('',#12478,#2826);
#2154=LINE('',#12488,#2827);
#2155=LINE('',#12498,#2828);
#2156=LINE('',#12506,#2829);
#2157=LINE('',#13533,#2830);
#2158=LINE('',#14552,#2831);
#2159=LINE('',#14556,#2832);
#2160=LINE('',#14561,#2833);
#2161=LINE('',#14564,#2834);
#2162=LINE('',#14567,#2835);
#2163=LINE('',#14568,#2836);
#2164=LINE('',#14571,#2837);
#2165=LINE('',#14576,#2838);
#2166=LINE('',#14581,#2839);
#2167=LINE('',#14584,#2840);
#2168=LINE('',#14587,#2841);
#2169=LINE('',#14588,#2842);
#2170=LINE('',#14591,#2843);
#2171=LINE('',#14593,#2844);
#2172=LINE('',#14597,#2845);
#2173=LINE('',#14602,#2846);
#2174=LINE('',#14605,#2847);
#2175=LINE('',#14608,#2848);
#2176=LINE('',#14609,#2849);
#2177=LINE('',#14612,#2850);
#2178=LINE('',#14617,#2851);
#2179=LINE('',#14622,#2852);
#2180=LINE('',#14625,#2853);
#2181=LINE('',#14628,#2854);
#2182=LINE('',#14629,#2855);
#2183=LINE('',#14633,#2856);
#2184=LINE('',#14637,#2857);
#2185=LINE('',#14642,#2858);
#2186=LINE('',#14645,#2859);
#2187=LINE('',#14648,#2860);
#2188=LINE('',#14649,#2861);
#2189=LINE('',#14656,#2862);
#2190=LINE('',#14661,#2863);
#2191=LINE('',#14664,#2864);
#2192=LINE('',#14667,#2865);
#2193=LINE('',#14668,#2866);
#2194=LINE('',#14675,#2867);
#2195=LINE('',#14680,#2868);
#2196=LINE('',#14683,#2869);
#2197=LINE('',#14686,#2870);
#2198=LINE('',#14687,#2871);
#2199=LINE('',#14690,#2872);
#2200=LINE('',#14692,#2873);
#2201=LINE('',#14696,#2874);
#2202=LINE('',#14701,#2875);
#2203=LINE('',#14704,#2876);
#2204=LINE('',#14707,#2877);
#2205=LINE('',#14708,#2878);
#2206=LINE('',#14711,#2879);
#2207=LINE('',#14713,#2880);
#2208=LINE('',#14717,#2881);
#2209=LINE('',#14722,#2882);
#2210=LINE('',#14725,#2883);
#2211=LINE('',#14728,#2884);
#2212=LINE('',#14729,#2885);
#2213=LINE('',#14733,#2886);
#2214=LINE('',#14737,#2887);
#2215=LINE('',#14742,#2888);
#2216=LINE('',#14745,#2889);
#2217=LINE('',#14748,#2890);
#2218=LINE('',#14749,#2891);
#2219=LINE('',#14753,#2892);
#2220=LINE('',#14757,#2893);
#2221=LINE('',#14762,#2894);
#2222=LINE('',#14765,#2895);
#2223=LINE('',#14768,#2896);
#2224=LINE('',#14769,#2897);
#2225=LINE('',#14773,#2898);
#2226=LINE('',#14777,#2899);
#2227=LINE('',#14782,#2900);
#2228=LINE('',#14785,#2901);
#2229=LINE('',#14788,#2902);
#2230=LINE('',#14789,#2903);
#2231=LINE('',#14792,#2904);
#2232=LINE('',#14794,#2905);
#2233=LINE('',#14798,#2906);
#2234=LINE('',#14803,#2907);
#2235=LINE('',#14806,#2908);
#2236=LINE('',#14809,#2909);
#2237=LINE('',#14810,#2910);
#2238=LINE('',#14814,#2911);
#2239=LINE('',#14818,#2912);
#2240=LINE('',#14823,#2913);
#2241=LINE('',#14826,#2914);
#2242=LINE('',#14829,#2915);
#2243=LINE('',#14830,#2916);
#2244=LINE('',#14833,#2917);
#2245=LINE('',#14835,#2918);
#2246=LINE('',#14839,#2919);
#2247=LINE('',#14844,#2920);
#2248=LINE('',#14847,#2921);
#2249=LINE('',#14850,#2922);
#2250=LINE('',#14851,#2923);
#2251=LINE('',#14858,#2924);
#2252=LINE('',#14863,#2925);
#2253=LINE('',#14866,#2926);
#2254=LINE('',#14869,#2927);
#2255=LINE('',#14870,#2928);
#2256=LINE('',#14873,#2929);
#2257=LINE('',#14878,#2930);
#2258=LINE('',#14883,#2931);
#2259=LINE('',#14886,#2932);
#2260=LINE('',#14889,#2933);
#2261=LINE('',#14890,#2934);
#2262=LINE('',#14897,#2935);
#2263=LINE('',#14902,#2936);
#2264=LINE('',#14905,#2937);
#2265=LINE('',#14908,#2938);
#2266=LINE('',#14909,#2939);
#2267=LINE('',#14912,#2940);
#2268=LINE('',#14917,#2941);
#2269=LINE('',#14922,#2942);
#2270=LINE('',#14925,#2943);
#2271=LINE('',#14928,#2944);
#2272=LINE('',#14929,#2945);
#2273=LINE('',#14933,#2946);
#2274=LINE('',#14937,#2947);
#2275=LINE('',#14942,#2948);
#2276=LINE('',#14945,#2949);
#2277=LINE('',#14948,#2950);
#2278=LINE('',#14949,#2951);
#2279=LINE('',#14952,#2952);
#2280=LINE('',#14957,#2953);
#2281=LINE('',#14962,#2954);
#2282=LINE('',#14965,#2955);
#2283=LINE('',#14968,#2956);
#2284=LINE('',#14969,#2957);
#2285=LINE('',#14972,#2958);
#2286=LINE('',#14977,#2959);
#2287=LINE('',#14982,#2960);
#2288=LINE('',#14985,#2961);
#2289=LINE('',#14988,#2962);
#2290=LINE('',#14989,#2963);
#2291=LINE('',#14992,#2964);
#2292=LINE('',#14997,#2965);
#2293=LINE('',#15002,#2966);
#2294=LINE('',#15005,#2967);
#2295=LINE('',#15008,#2968);
#2296=LINE('',#15009,#2969);
#2297=LINE('',#15013,#2970);
#2298=LINE('',#15017,#2971);
#2299=LINE('',#15022,#2972);
#2300=LINE('',#15025,#2973);
#2301=LINE('',#15028,#2974);
#2302=LINE('',#15029,#2975);
#2303=LINE('',#15032,#2976);
#2304=LINE('',#15037,#2977);
#2305=LINE('',#15042,#2978);
#2306=LINE('',#15045,#2979);
#2307=LINE('',#15048,#2980);
#2308=LINE('',#15049,#2981);
#2309=LINE('',#15052,#2982);
#2310=LINE('',#15057,#2983);
#2311=LINE('',#15062,#2984);
#2312=LINE('',#15065,#2985);
#2313=LINE('',#15068,#2986);
#2314=LINE('',#15069,#2987);
#2315=LINE('',#15072,#2988);
#2316=LINE('',#15074,#2989);
#2317=LINE('',#15078,#2990);
#2318=LINE('',#15083,#2991);
#2319=LINE('',#15086,#2992);
#2320=LINE('',#15089,#2993);
#2321=LINE('',#15090,#2994);
#2322=LINE('',#15094,#2995);
#2323=LINE('',#15098,#2996);
#2324=LINE('',#15103,#2997);
#2325=LINE('',#15106,#2998);
#2326=LINE('',#15109,#2999);
#2327=LINE('',#15110,#3000);
#2328=LINE('',#15114,#3001);
#2329=LINE('',#15118,#3002);
#2330=LINE('',#15123,#3003);
#2331=LINE('',#15126,#3004);
#2332=LINE('',#15129,#3005);
#2333=LINE('',#15130,#3006);
#2334=LINE('',#15134,#3007);
#2335=LINE('',#15138,#3008);
#2336=LINE('',#15143,#3009);
#2337=LINE('',#15146,#3010);
#2338=LINE('',#15149,#3011);
#2339=LINE('',#15150,#3012);
#2340=LINE('',#15153,#3013);
#2341=LINE('',#15158,#3014);
#2342=LINE('',#15163,#3015);
#2343=LINE('',#15166,#3016);
#2344=LINE('',#15169,#3017);
#2345=LINE('',#15170,#3018);
#2346=LINE('',#15174,#3019);
#2347=LINE('',#15178,#3020);
#2348=LINE('',#15183,#3021);
#2349=LINE('',#15186,#3022);
#2350=LINE('',#15189,#3023);
#2351=LINE('',#15190,#3024);
#2352=LINE('',#15193,#3025);
#2353=LINE('',#15198,#3026);
#2354=LINE('',#15203,#3027);
#2355=LINE('',#15206,#3028);
#2356=LINE('',#15209,#3029);
#2357=LINE('',#15210,#3030);
#2358=LINE('',#15213,#3031);
#2359=LINE('',#15218,#3032);
#2360=LINE('',#15223,#3033);
#2361=LINE('',#15226,#3034);
#2362=LINE('',#15229,#3035);
#2363=LINE('',#15230,#3036);
#2364=LINE('',#15237,#3037);
#2365=LINE('',#15242,#3038);
#2366=LINE('',#15245,#3039);
#2367=LINE('',#15248,#3040);
#2368=LINE('',#15249,#3041);
#2369=LINE('',#15253,#3042);
#2370=LINE('',#15254,#3043);
#2371=LINE('',#15256,#3044);
#2372=LINE('',#15257,#3045);
#2373=LINE('',#15259,#3046);
#2374=LINE('',#15260,#3047);
#2375=LINE('',#15262,#3048);
#2376=LINE('',#15263,#3049);
#2377=LINE('',#15265,#3050);
#2378=LINE('',#15267,#3051);
#2379=LINE('',#15268,#3052);
#2380=LINE('',#15270,#3053);
#2381=LINE('',#15272,#3054);
#2382=LINE('',#15273,#3055);
#2383=LINE('',#15276,#3056);
#2384=LINE('',#15277,#3057);
#2385=LINE('',#15284,#3058);
#2386=LINE('',#15286,#3059);
#2387=LINE('',#15288,#3060);
#2388=LINE('',#15291,#3061);
#2389=LINE('',#15293,#3062);
#2390=LINE('',#15299,#3063);
#2391=LINE('',#15304,#3064);
#2392=LINE('',#15309,#3065);
#2393=LINE('',#15314,#3066);
#2394=LINE('',#15319,#3067);
#2395=LINE('',#15324,#3068);
#2396=LINE('',#15329,#3069);
#2397=LINE('',#15334,#3070);
#2398=LINE('',#15339,#3071);
#2399=LINE('',#15344,#3072);
#2400=LINE('',#15348,#3073);
#2401=LINE('',#15350,#3074);
#2402=LINE('',#15355,#3075);
#2403=LINE('',#15357,#3076);
#2404=LINE('',#15362,#3077);
#2405=LINE('',#15364,#3078);
#2406=LINE('',#15369,#3079);
#2407=LINE('',#15371,#3080);
#2408=LINE('',#15376,#3081);
#2409=LINE('',#15378,#3082);
#2410=LINE('',#15384,#3083);
#2411=LINE('',#15389,#3084);
#2412=LINE('',#15394,#3085);
#2413=LINE('',#15399,#3086);
#2414=LINE('',#15404,#3087);
#2415=LINE('',#15409,#3088);
#2416=LINE('',#15414,#3089);
#2417=LINE('',#15419,#3090);
#2418=LINE('',#15423,#3091);
#2419=LINE('',#15425,#3092);
#2420=LINE('',#15430,#3093);
#2421=LINE('',#15434,#3094);
#2422=LINE('',#15436,#3095);
#2423=LINE('',#15441,#3096);
#2424=LINE('',#15443,#3097);
#2425=LINE('',#15446,#3098);
#2426=VECTOR('',#9228,10.);
#2427=VECTOR('',#9231,10.);
#2428=VECTOR('',#9234,10.);
#2429=VECTOR('',#9235,10.);
#2430=VECTOR('',#9236,10.);
#2431=VECTOR('',#9237,10.);
#2432=VECTOR('',#9238,10.);
#2433=VECTOR('',#9239,10.);
#2434=VECTOR('',#9242,10.);
#2435=VECTOR('',#9243,10.);
#2436=VECTOR('',#9244,10.);
#2437=VECTOR('',#9245,10.);
#2438=VECTOR('',#9246,10.);
#2439=VECTOR('',#9247,10.);
#2440=VECTOR('',#9248,10.);
#2441=VECTOR('',#9249,10.);
#2442=VECTOR('',#9250,10.);
#2443=VECTOR('',#9251,10.);
#2444=VECTOR('',#9252,10.);
#2445=VECTOR('',#9253,10.);
#2446=VECTOR('',#9254,10.);
#2447=VECTOR('',#9255,10.);
#2448=VECTOR('',#9256,10.);
#2449=VECTOR('',#9257,10.);
#2450=VECTOR('',#9258,10.);
#2451=VECTOR('',#9259,10.);
#2452=VECTOR('',#9262,10.);
#2453=VECTOR('',#9263,10.);
#2454=VECTOR('',#9264,10.);
#2455=VECTOR('',#9275,2.);
#2456=VECTOR('',#9284,2.);
#2457=VECTOR('',#9291,10.);
#2458=VECTOR('',#9292,10.);
#2459=VECTOR('',#9293,10.);
#2460=VECTOR('',#9294,10.);
#2461=VECTOR('',#9297,10.);
#2462=VECTOR('',#9298,10.);
#2463=VECTOR('',#9299,10.);
#2464=VECTOR('',#9300,10.);
#2465=VECTOR('',#9303,10.);
#2466=VECTOR('',#9304,10.);
#2467=VECTOR('',#9307,10.);
#2468=VECTOR('',#9310,10.);
#2469=VECTOR('',#9311,10.);
#2470=VECTOR('',#9312,10.);
#2471=VECTOR('',#9315,10.);
#2472=VECTOR('',#9316,10.);
#2473=VECTOR('',#9317,10.);
#2474=VECTOR('',#9318,10.);
#2475=VECTOR('',#9321,10.);
#2476=VECTOR('',#9326,10.);
#2477=VECTOR('',#9327,10.);
#2478=VECTOR('',#9328,10.);
#2479=VECTOR('',#9329,10.);
#2480=VECTOR('',#9332,10.);
#2481=VECTOR('',#9333,10.);
#2482=VECTOR('',#9334,10.);
#2483=VECTOR('',#9335,10.);
#2484=VECTOR('',#9338,10.);
#2485=VECTOR('',#9339,10.);
#2486=VECTOR('',#9342,10.);
#2487=VECTOR('',#9345,10.);
#2488=VECTOR('',#9346,10.);
#2489=VECTOR('',#9347,10.);
#2490=VECTOR('',#9350,3.01270510541);
#2491=VECTOR('',#9357,2.51270510541);
#2492=VECTOR('',#9364,10.);
#2493=VECTOR('',#9365,10.);
#2494=VECTOR('',#9366,10.);
#2495=VECTOR('',#9369,10.);
#2496=VECTOR('',#9370,10.);
#2497=VECTOR('',#9373,10.);
#2498=VECTOR('',#9376,10.);
#2499=VECTOR('',#9377,10.);
#2500=VECTOR('',#9378,10.);
#2501=VECTOR('',#9381,10.);
#2502=VECTOR('',#9382,10.);
#2503=VECTOR('',#9385,10.);
#2504=VECTOR('',#9386,10.);
#2505=VECTOR('',#9389,10.);
#2506=VECTOR('',#9390,10.);
#2507=VECTOR('',#9393,10.);
#2508=VECTOR('',#9394,10.);
#2509=VECTOR('',#9395,10.);
#2510=VECTOR('',#9396,10.);
#2511=VECTOR('',#9399,10.);
#2512=VECTOR('',#9402,10.);
#2513=VECTOR('',#9405,10.);
#2514=VECTOR('',#9408,10.);
#2515=VECTOR('',#9409,10.);
#2516=VECTOR('',#9412,10.);
#2517=VECTOR('',#9417,10.);
#2518=VECTOR('',#9420,10.);
#2519=VECTOR('',#9423,10.);
#2520=VECTOR('',#9424,10.);
#2521=VECTOR('',#9425,10.);
#2522=VECTOR('',#9428,10.);
#2523=VECTOR('',#9429,10.);
#2524=VECTOR('',#9430,10.);
#2525=VECTOR('',#9433,10.);
#2526=VECTOR('',#9434,10.);
#2527=VECTOR('',#9435,10.);
#2528=VECTOR('',#9438,10.);
#2529=VECTOR('',#9439,10.);
#2530=VECTOR('',#9442,10.);
#2531=VECTOR('',#9443,10.);
#2532=VECTOR('',#9446,10.);
#2533=VECTOR('',#9447,10.);
#2534=VECTOR('',#9450,10.);
#2535=VECTOR('',#9451,10.);
#2536=VECTOR('',#9454,10.);
#2537=VECTOR('',#9455,10.);
#2538=VECTOR('',#9458,10.);
#2539=VECTOR('',#9461,10.);
#2540=VECTOR('',#9462,10.);
#2541=VECTOR('',#9465,10.);
#2542=VECTOR('',#9466,10.);
#2543=VECTOR('',#9469,10.);
#2544=VECTOR('',#9470,10.);
#2545=VECTOR('',#9471,10.);
#2546=VECTOR('',#9474,10.);
#2547=VECTOR('',#9475,10.);
#2548=VECTOR('',#9476,10.);
#2549=VECTOR('',#9479,10.);
#2550=VECTOR('',#9480,10.);
#2551=VECTOR('',#9481,10.);
#2552=VECTOR('',#9488,10.);
#2553=VECTOR('',#9491,10.);
#2554=VECTOR('',#9492,10.);
#2555=VECTOR('',#9493,10.);
#2556=VECTOR('',#9496,10.);
#2557=VECTOR('',#9505,10.);
#2558=VECTOR('',#9508,10.);
#2559=VECTOR('',#9511,10.);
#2560=VECTOR('',#9512,10.);
#2561=VECTOR('',#9513,10.);
#2562=VECTOR('',#9520,10.);
#2563=VECTOR('',#9525,10.);
#2564=VECTOR('',#9528,10.);
#2565=VECTOR('',#9531,10.);
#2566=VECTOR('',#9532,10.);
#2567=VECTOR('',#9533,10.);
#2568=VECTOR('',#9538,10.);
#2569=VECTOR('',#9543,10.);
#2570=VECTOR('',#9544,10.);
#2571=VECTOR('',#9549,2.);
#2572=VECTOR('',#9558,3.01270510541);
#2573=VECTOR('',#9567,2.);
#2574=VECTOR('',#9576,2.51270510541);
#2575=VECTOR('',#9583,10.);
#2576=VECTOR('',#9586,10.);
#2577=VECTOR('',#9589,10.);
#2578=VECTOR('',#9592,10.);
#2579=VECTOR('',#9595,10.);
#2580=VECTOR('',#9598,10.);
#2581=VECTOR('',#9601,10.);
#2582=VECTOR('',#9604,10.);
#2583=VECTOR('',#9607,10.);
#2584=VECTOR('',#9608,10.);
#2585=VECTOR('',#9613,10.);
#2586=VECTOR('',#9614,10.);
#2587=VECTOR('',#9617,10.);
#2588=VECTOR('',#9618,10.);
#2589=VECTOR('',#9621,10.);
#2590=VECTOR('',#9622,10.);
#2591=VECTOR('',#9627,10.);
#2592=VECTOR('',#9628,10.);
#2593=VECTOR('',#9631,10.);
#2594=VECTOR('',#9632,10.);
#2595=VECTOR('',#9633,10.);
#2596=VECTOR('',#9636,10.);
#2597=VECTOR('',#9637,10.);
#2598=VECTOR('',#9640,10.);
#2599=VECTOR('',#9641,10.);
#2600=VECTOR('',#9644,10.);
#2601=VECTOR('',#9645,10.);
#2602=VECTOR('',#9648,10.);
#2603=VECTOR('',#9649,10.);
#2604=VECTOR('',#9652,10.);
#2605=VECTOR('',#9653,10.);
#2606=VECTOR('',#9654,10.);
#2607=VECTOR('',#9655,10.);
#2608=VECTOR('',#9656,10.);
#2609=VECTOR('',#9657,10.);
#2610=VECTOR('',#9658,10.);
#2611=VECTOR('',#9659,10.);
#2612=VECTOR('',#9660,10.);
#2613=VECTOR('',#9661,10.);
#2614=VECTOR('',#9662,10.);
#2615=VECTOR('',#9663,10.);
#2616=VECTOR('',#9664,10.);
#2617=VECTOR('',#9665,10.);
#2618=VECTOR('',#9666,10.);
#2619=VECTOR('',#9667,10.);
#2620=VECTOR('',#9668,10.);
#2621=VECTOR('',#9669,10.);
#2622=VECTOR('',#9670,10.);
#2623=VECTOR('',#9671,10.);
#2624=VECTOR('',#9672,10.);
#2625=VECTOR('',#9673,10.);
#2626=VECTOR('',#9674,10.);
#2627=VECTOR('',#9675,10.);
#2628=VECTOR('',#9676,10.);
#2629=VECTOR('',#9677,10.);
#2630=VECTOR('',#9678,10.);
#2631=VECTOR('',#9679,10.);
#2632=VECTOR('',#9680,10.);
#2633=VECTOR('',#9681,10.);
#2634=VECTOR('',#9682,10.);
#2635=VECTOR('',#9683,10.);
#2636=VECTOR('',#9684,10.);
#2637=VECTOR('',#9685,10.);
#2638=VECTOR('',#9686,10.);
#2639=VECTOR('',#9687,10.);
#2640=VECTOR('',#9688,10.);
#2641=VECTOR('',#9689,10.);
#2642=VECTOR('',#9690,10.);
#2643=VECTOR('',#9691,10.);
#2644=VECTOR('',#9692,10.);
#2645=VECTOR('',#9693,10.);
#2646=VECTOR('',#9694,10.);
#2647=VECTOR('',#9695,10.);
#2648=VECTOR('',#9696,10.);
#2649=VECTOR('',#9697,10.);
#2650=VECTOR('',#9698,10.);
#2651=VECTOR('',#9699,10.);
#2652=VECTOR('',#9700,10.);
#2653=VECTOR('',#9701,10.);
#2654=VECTOR('',#9702,10.);
#2655=VECTOR('',#9703,10.);
#2656=VECTOR('',#9704,10.);
#2657=VECTOR('',#9705,10.);
#2658=VECTOR('',#9706,10.);
#2659=VECTOR('',#9707,10.);
#2660=VECTOR('',#9708,10.);
#2661=VECTOR('',#9709,10.);
#2662=VECTOR('',#9710,10.);
#2663=VECTOR('',#9711,10.);
#2664=VECTOR('',#9712,10.);
#2665=VECTOR('',#9713,10.);
#2666=VECTOR('',#9714,10.);
#2667=VECTOR('',#9715,10.);
#2668=VECTOR('',#9720,10.);
#2669=VECTOR('',#9721,10.);
#2670=VECTOR('',#9726,3.499999969862);
#2671=VECTOR('',#9729,10.);
#2672=VECTOR('',#9730,10.);
#2673=VECTOR('',#9731,10.);
#2674=VECTOR('',#9734,10.);
#2675=VECTOR('',#9735,10.);
#2676=VECTOR('',#9738,10.);
#2677=VECTOR('',#9739,10.);
#2678=VECTOR('',#9742,10.);
#2679=VECTOR('',#9745,10.);
#2680=VECTOR('',#9746,10.);
#2681=VECTOR('',#9747,10.);
#2682=VECTOR('',#9750,10.);
#2683=VECTOR('',#9751,10.);
#2684=VECTOR('',#9754,10.);
#2685=VECTOR('',#9755,10.);
#2686=VECTOR('',#9758,10.);
#2687=VECTOR('',#9761,10.);
#2688=VECTOR('',#9762,10.);
#2689=VECTOR('',#9763,10.);
#2690=VECTOR('',#9766,10.);
#2691=VECTOR('',#9767,10.);
#2692=VECTOR('',#9770,10.);
#2693=VECTOR('',#9771,10.);
#2694=VECTOR('',#9774,10.);
#2695=VECTOR('',#9777,10.);
#2696=VECTOR('',#9778,10.);
#2697=VECTOR('',#9779,10.);
#2698=VECTOR('',#9782,10.);
#2699=VECTOR('',#9783,10.);
#2700=VECTOR('',#9786,10.);
#2701=VECTOR('',#9787,10.);
#2702=VECTOR('',#9790,10.);
#2703=VECTOR('',#9793,10.);
#2704=VECTOR('',#9794,10.);
#2705=VECTOR('',#9795,10.);
#2706=VECTOR('',#9798,10.);
#2707=VECTOR('',#9799,10.);
#2708=VECTOR('',#9802,10.);
#2709=VECTOR('',#9803,10.);
#2710=VECTOR('',#9806,10.);
#2711=VECTOR('',#9809,10.);
#2712=VECTOR('',#9810,10.);
#2713=VECTOR('',#9811,10.);
#2714=VECTOR('',#9814,10.);
#2715=VECTOR('',#9815,10.);
#2716=VECTOR('',#9818,10.);
#2717=VECTOR('',#9819,10.);
#2718=VECTOR('',#9822,10.);
#2719=VECTOR('',#9825,10.);
#2720=VECTOR('',#9826,10.);
#2721=VECTOR('',#9827,10.);
#2722=VECTOR('',#9830,10.);
#2723=VECTOR('',#9831,10.);
#2724=VECTOR('',#9834,10.);
#2725=VECTOR('',#9835,10.);
#2726=VECTOR('',#9838,10.);
#2727=VECTOR('',#9841,10.);
#2728=VECTOR('',#9842,10.);
#2729=VECTOR('',#9843,10.);
#2730=VECTOR('',#9846,10.);
#2731=VECTOR('',#9847,10.);
#2732=VECTOR('',#9850,10.);
#2733=VECTOR('',#9851,10.);
#2734=VECTOR('',#9854,10.);
#2735=VECTOR('',#9857,10.);
#2736=VECTOR('',#9858,10.);
#2737=VECTOR('',#9859,10.);
#2738=VECTOR('',#9862,10.);
#2739=VECTOR('',#9863,10.);
#2740=VECTOR('',#9866,10.);
#2741=VECTOR('',#9867,10.);
#2742=VECTOR('',#9870,10.);
#2743=VECTOR('',#9873,10.);
#2744=VECTOR('',#9874,10.);
#2745=VECTOR('',#9875,10.);
#2746=VECTOR('',#9878,10.);
#2747=VECTOR('',#9879,10.);
#2748=VECTOR('',#9882,10.);
#2749=VECTOR('',#9883,10.);
#2750=VECTOR('',#9886,10.);
#2751=VECTOR('',#9889,10.);
#2752=VECTOR('',#9890,10.);
#2753=VECTOR('',#9891,10.);
#2754=VECTOR('',#9894,10.);
#2755=VECTOR('',#9895,10.);
#2756=VECTOR('',#9898,10.);
#2757=VECTOR('',#9899,10.);
#2758=VECTOR('',#9902,10.);
#2759=VECTOR('',#9905,10.);
#2760=VECTOR('',#9906,10.);
#2761=VECTOR('',#9907,10.);
#2762=VECTOR('',#9910,10.);
#2763=VECTOR('',#9911,10.);
#2764=VECTOR('',#9914,10.);
#2765=VECTOR('',#9915,10.);
#2766=VECTOR('',#9918,10.);
#2767=VECTOR('',#9921,10.);
#2768=VECTOR('',#9922,10.);
#2769=VECTOR('',#9923,10.);
#2770=VECTOR('',#9926,10.);
#2771=VECTOR('',#9927,10.);
#2772=VECTOR('',#9930,10.);
#2773=VECTOR('',#9931,10.);
#2774=VECTOR('',#9934,10.);
#2775=VECTOR('',#9937,10.);
#2776=VECTOR('',#9938,10.);
#2777=VECTOR('',#9939,10.);
#2778=VECTOR('',#9942,10.);
#2779=VECTOR('',#9943,10.);
#2780=VECTOR('',#9946,10.);
#2781=VECTOR('',#9947,10.);
#2782=VECTOR('',#9950,10.);
#2783=VECTOR('',#9953,10.);
#2784=VECTOR('',#9954,10.);
#2785=VECTOR('',#9955,10.);
#2786=VECTOR('',#9958,10.);
#2787=VECTOR('',#9959,10.);
#2788=VECTOR('',#9962,10.);
#2789=VECTOR('',#9963,10.);
#2790=VECTOR('',#9966,10.);
#2791=VECTOR('',#9969,10.);
#2792=VECTOR('',#9970,10.);
#2793=VECTOR('',#9971,10.);
#2794=VECTOR('',#9974,10.);
#2795=VECTOR('',#9975,10.);
#2796=VECTOR('',#9978,10.);
#2797=VECTOR('',#9979,10.);
#2798=VECTOR('',#9982,10.);
#2799=VECTOR('',#9985,10.);
#2800=VECTOR('',#9986,10.);
#2801=VECTOR('',#9987,10.);
#2802=VECTOR('',#9988,10.);
#2803=VECTOR('',#9989,10.);
#2804=VECTOR('',#9990,10.);
#2805=VECTOR('',#9993,10.);
#2806=VECTOR('',#9994,10.);
#2807=VECTOR('',#9995,10.);
#2808=VECTOR('',#9998,10.);
#2809=VECTOR('',#9999,10.);
#2810=VECTOR('',#10002,10.);
#2811=VECTOR('',#10003,10.);
#2812=VECTOR('',#10006,10.);
#2813=VECTOR('',#10007,10.);
#2814=VECTOR('',#10010,10.);
#2815=VECTOR('',#10011,10.);
#2816=VECTOR('',#10014,10.);
#2817=VECTOR('',#10017,10.);
#2818=VECTOR('',#10018,10.);
#2819=VECTOR('',#10021,10.);
#2820=VECTOR('',#10022,10.);
#2821=VECTOR('',#10025,10.);
#2822=VECTOR('',#10026,10.);
#2823=VECTOR('',#10029,10.);
#2824=VECTOR('',#10034,10.);
#2825=VECTOR('',#10037,10.);
#2826=VECTOR('',#10044,10.);
#2827=VECTOR('',#10047,10.);
#2828=VECTOR('',#10052,10.);
#2829=VECTOR('',#10053,10.);
#2830=VECTOR('',#10156,10.);
#2831=VECTOR('',#10255,10.);
#2832=VECTOR('',#10258,10.);
#2833=VECTOR('',#10265,10.);
#2834=VECTOR('',#10268,10.);
#2835=VECTOR('',#10273,10.);
#2836=VECTOR('',#10274,10.);
#2837=VECTOR('',#10279,10.);
#2838=VECTOR('',#10284,10.);
#2839=VECTOR('',#10291,10.);
#2840=VECTOR('',#10294,10.);
#2841=VECTOR('',#10299,10.);
#2842=VECTOR('',#10300,10.);
#2843=VECTOR('',#10305,10.);
#2844=VECTOR('',#10308,10.);
#2845=VECTOR('',#10311,10.);
#2846=VECTOR('',#10318,10.);
#2847=VECTOR('',#10321,10.);
#2848=VECTOR('',#10326,10.);
#2849=VECTOR('',#10327,10.);
#2850=VECTOR('',#10332,10.);
#2851=VECTOR('',#10337,10.);
#2852=VECTOR('',#10344,10.);
#2853=VECTOR('',#10347,10.);
#2854=VECTOR('',#10352,10.);
#2855=VECTOR('',#10353,10.);
#2856=VECTOR('',#10360,10.);
#2857=VECTOR('',#10363,10.);
#2858=VECTOR('',#10370,10.);
#2859=VECTOR('',#10373,10.);
#2860=VECTOR('',#10378,10.);
#2861=VECTOR('',#10379,10.);
#2862=VECTOR('',#10388,10.);
#2863=VECTOR('',#10395,10.);
#2864=VECTOR('',#10398,10.);
#2865=VECTOR('',#10403,10.);
#2866=VECTOR('',#10404,10.);
#2867=VECTOR('',#10413,10.);
#2868=VECTOR('',#10420,10.);
#2869=VECTOR('',#10423,10.);
#2870=VECTOR('',#10428,10.);
#2871=VECTOR('',#10429,10.);
#2872=VECTOR('',#10434,10.);
#2873=VECTOR('',#10437,10.);
#2874=VECTOR('',#10440,10.);
#2875=VECTOR('',#10447,10.);
#2876=VECTOR('',#10450,10.);
#2877=VECTOR('',#10455,10.);
#2878=VECTOR('',#10456,10.);
#2879=VECTOR('',#10461,10.);
#2880=VECTOR('',#10464,10.);
#2881=VECTOR('',#10467,10.);
#2882=VECTOR('',#10474,10.);
#2883=VECTOR('',#10477,10.);
#2884=VECTOR('',#10482,10.);
#2885=VECTOR('',#10483,10.);
#2886=VECTOR('',#10490,10.);
#2887=VECTOR('',#10493,10.);
#2888=VECTOR('',#10500,10.);
#2889=VECTOR('',#10503,10.);
#2890=VECTOR('',#10508,10.);
#2891=VECTOR('',#10509,10.);
#2892=VECTOR('',#10516,10.);
#2893=VECTOR('',#10519,10.);
#2894=VECTOR('',#10526,10.);
#2895=VECTOR('',#10529,10.);
#2896=VECTOR('',#10534,10.);
#2897=VECTOR('',#10535,10.);
#2898=VECTOR('',#10542,10.);
#2899=VECTOR('',#10545,10.);
#2900=VECTOR('',#10552,10.);
#2901=VECTOR('',#10555,10.);
#2902=VECTOR('',#10560,10.);
#2903=VECTOR('',#10561,10.);
#2904=VECTOR('',#10566,10.);
#2905=VECTOR('',#10569,10.);
#2906=VECTOR('',#10572,10.);
#2907=VECTOR('',#10579,10.);
#2908=VECTOR('',#10582,10.);
#2909=VECTOR('',#10587,10.);
#2910=VECTOR('',#10588,10.);
#2911=VECTOR('',#10595,10.);
#2912=VECTOR('',#10598,10.);
#2913=VECTOR('',#10605,10.);
#2914=VECTOR('',#10608,10.);
#2915=VECTOR('',#10613,10.);
#2916=VECTOR('',#10614,10.);
#2917=VECTOR('',#10619,10.);
#2918=VECTOR('',#10622,10.);
#2919=VECTOR('',#10625,10.);
#2920=VECTOR('',#10632,10.);
#2921=VECTOR('',#10635,10.);
#2922=VECTOR('',#10640,10.);
#2923=VECTOR('',#10641,10.);
#2924=VECTOR('',#10650,10.);
#2925=VECTOR('',#10657,10.);
#2926=VECTOR('',#10660,10.);
#2927=VECTOR('',#10665,10.);
#2928=VECTOR('',#10666,10.);
#2929=VECTOR('',#10671,10.);
#2930=VECTOR('',#10676,10.);
#2931=VECTOR('',#10683,10.);
#2932=VECTOR('',#10686,10.);
#2933=VECTOR('',#10691,10.);
#2934=VECTOR('',#10692,10.);
#2935=VECTOR('',#10701,10.);
#2936=VECTOR('',#10708,10.);
#2937=VECTOR('',#10711,10.);
#2938=VECTOR('',#10716,10.);
#2939=VECTOR('',#10717,10.);
#2940=VECTOR('',#10722,10.);
#2941=VECTOR('',#10727,10.);
#2942=VECTOR('',#10734,10.);
#2943=VECTOR('',#10737,10.);
#2944=VECTOR('',#10742,10.);
#2945=VECTOR('',#10743,10.);
#2946=VECTOR('',#10750,10.);
#2947=VECTOR('',#10753,10.);
#2948=VECTOR('',#10760,10.);
#2949=VECTOR('',#10763,10.);
#2950=VECTOR('',#10768,10.);
#2951=VECTOR('',#10769,10.);
#2952=VECTOR('',#10774,10.);
#2953=VECTOR('',#10779,10.);
#2954=VECTOR('',#10786,10.);
#2955=VECTOR('',#10789,10.);
#2956=VECTOR('',#10794,10.);
#2957=VECTOR('',#10795,10.);
#2958=VECTOR('',#10800,10.);
#2959=VECTOR('',#10805,10.);
#2960=VECTOR('',#10812,10.);
#2961=VECTOR('',#10815,10.);
#2962=VECTOR('',#10820,10.);
#2963=VECTOR('',#10821,10.);
#2964=VECTOR('',#10826,10.);
#2965=VECTOR('',#10831,10.);
#2966=VECTOR('',#10838,10.);
#2967=VECTOR('',#10841,10.);
#2968=VECTOR('',#10846,10.);
#2969=VECTOR('',#10847,10.);
#2970=VECTOR('',#10854,10.);
#2971=VECTOR('',#10857,10.);
#2972=VECTOR('',#10864,10.);
#2973=VECTOR('',#10867,10.);
#2974=VECTOR('',#10872,10.);
#2975=VECTOR('',#10873,10.);
#2976=VECTOR('',#10878,10.);
#2977=VECTOR('',#10883,10.);
#2978=VECTOR('',#10890,10.);
#2979=VECTOR('',#10893,10.);
#2980=VECTOR('',#10898,10.);
#2981=VECTOR('',#10899,10.);
#2982=VECTOR('',#10904,10.);
#2983=VECTOR('',#10909,10.);
#2984=VECTOR('',#10916,10.);
#2985=VECTOR('',#10919,10.);
#2986=VECTOR('',#10924,10.);
#2987=VECTOR('',#10925,10.);
#2988=VECTOR('',#10930,10.);
#2989=VECTOR('',#10933,10.);
#2990=VECTOR('',#10936,10.);
#2991=VECTOR('',#10943,10.);
#2992=VECTOR('',#10946,10.);
#2993=VECTOR('',#10951,10.);
#2994=VECTOR('',#10952,10.);
#2995=VECTOR('',#10959,10.);
#2996=VECTOR('',#10962,10.);
#2997=VECTOR('',#10969,10.);
#2998=VECTOR('',#10972,10.);
#2999=VECTOR('',#10977,10.);
#3000=VECTOR('',#10978,10.);
#3001=VECTOR('',#10985,10.);
#3002=VECTOR('',#10988,10.);
#3003=VECTOR('',#10995,10.);
#3004=VECTOR('',#10998,10.);
#3005=VECTOR('',#11003,10.);
#3006=VECTOR('',#11004,10.);
#3007=VECTOR('',#11011,10.);
#3008=VECTOR('',#11014,10.);
#3009=VECTOR('',#11021,10.);
#3010=VECTOR('',#11024,10.);
#3011=VECTOR('',#11029,10.);
#3012=VECTOR('',#11030,10.);
#3013=VECTOR('',#11035,10.);
#3014=VECTOR('',#11040,10.);
#3015=VECTOR('',#11047,10.);
#3016=VECTOR('',#11050,10.);
#3017=VECTOR('',#11055,10.);
#3018=VECTOR('',#11056,10.);
#3019=VECTOR('',#11063,10.);
#3020=VECTOR('',#11066,10.);
#3021=VECTOR('',#11073,10.);
#3022=VECTOR('',#11076,10.);
#3023=VECTOR('',#11081,10.);
#3024=VECTOR('',#11082,10.);
#3025=VECTOR('',#11087,10.);
#3026=VECTOR('',#11092,10.);
#3027=VECTOR('',#11099,10.);
#3028=VECTOR('',#11102,10.);
#3029=VECTOR('',#11107,10.);
#3030=VECTOR('',#11108,10.);
#3031=VECTOR('',#11113,10.);
#3032=VECTOR('',#11118,10.);
#3033=VECTOR('',#11125,10.);
#3034=VECTOR('',#11128,10.);
#3035=VECTOR('',#11133,10.);
#3036=VECTOR('',#11134,10.);
#3037=VECTOR('',#11143,10.);
#3038=VECTOR('',#11150,10.);
#3039=VECTOR('',#11153,10.);
#3040=VECTOR('',#11158,10.);
#3041=VECTOR('',#11159,10.);
#3042=VECTOR('',#11166,10.);
#3043=VECTOR('',#11167,10.);
#3044=VECTOR('',#11170,10.);
#3045=VECTOR('',#11171,10.);
#3046=VECTOR('',#11174,10.);
#3047=VECTOR('',#11175,10.);
#3048=VECTOR('',#11178,10.);
#3049=VECTOR('',#11179,10.);
#3050=VECTOR('',#11182,10.);
#3051=VECTOR('',#11185,10.);
#3052=VECTOR('',#11186,10.);
#3053=VECTOR('',#11189,10.);
#3054=VECTOR('',#11192,10.);
#3055=VECTOR('',#11193,10.);
#3056=VECTOR('',#11198,10.);
#3057=VECTOR('',#11199,10.);
#3058=VECTOR('',#11206,10.);
#3059=VECTOR('',#11209,2.999999974168);
#3060=VECTOR('',#11210,10.);
#3061=VECTOR('',#11213,10.);
#3062=VECTOR('',#11216,10.);
#3063=VECTOR('',#11223,10.);
#3064=VECTOR('',#11230,10.);
#3065=VECTOR('',#11235,10.);
#3066=VECTOR('',#11242,10.);
#3067=VECTOR('',#11247,10.);
#3068=VECTOR('',#11254,10.);
#3069=VECTOR('',#11259,10.);
#3070=VECTOR('',#11266,10.);
#3071=VECTOR('',#11271,10.);
#3072=VECTOR('',#11278,10.);
#3073=VECTOR('',#11283,10.);
#3074=VECTOR('',#11286,10.);
#3075=VECTOR('',#11293,10.);
#3076=VECTOR('',#11296,10.);
#3077=VECTOR('',#11303,10.);
#3078=VECTOR('',#11306,10.);
#3079=VECTOR('',#11313,10.);
#3080=VECTOR('',#11316,10.);
#3081=VECTOR('',#11323,10.);
#3082=VECTOR('',#11326,10.);
#3083=VECTOR('',#11333,10.);
#3084=VECTOR('',#11340,10.);
#3085=VECTOR('',#11345,10.);
#3086=VECTOR('',#11352,10.);
#3087=VECTOR('',#11357,10.);
#3088=VECTOR('',#11364,10.);
#3089=VECTOR('',#11369,10.);
#3090=VECTOR('',#11376,10.);
#3091=VECTOR('',#11381,10.);
#3092=VECTOR('',#11384,10.);
#3093=VECTOR('',#11391,10.);
#3094=VECTOR('',#11396,10.);
#3095=VECTOR('',#11399,10.);
#3096=VECTOR('',#11406,10.);
#3097=VECTOR('',#11409,10.);
#3098=VECTOR('',#11414,10.);
#3099=VERTEX_POINT('',#11422);
#3100=VERTEX_POINT('',#11423);
#3101=VERTEX_POINT('',#11425);
#3102=VERTEX_POINT('',#11429);
#3103=VERTEX_POINT('',#11430);
#3104=VERTEX_POINT('',#11432);
#3105=VERTEX_POINT('',#11434);
#3106=VERTEX_POINT('',#11436);
#3107=VERTEX_POINT('',#11438);
#3108=VERTEX_POINT('',#11442);
#3109=VERTEX_POINT('',#11443);
#3110=VERTEX_POINT('',#11445);
#3111=VERTEX_POINT('',#11447);
#3112=VERTEX_POINT('',#11449);
#3113=VERTEX_POINT('',#11451);
#3114=VERTEX_POINT('',#11453);
#3115=VERTEX_POINT('',#11455);
#3116=VERTEX_POINT('',#11457);
#3117=VERTEX_POINT('',#11460);
#3118=VERTEX_POINT('',#11461);
#3119=VERTEX_POINT('',#11463);
#3120=VERTEX_POINT('',#11465);
#3121=VERTEX_POINT('',#11467);
#3122=VERTEX_POINT('',#11469);
#3123=VERTEX_POINT('',#11471);
#3124=VERTEX_POINT('',#11473);
#3125=VERTEX_POINT('',#11475);
#3126=VERTEX_POINT('',#11477);
#3127=VERTEX_POINT('',#11479);
#3128=VERTEX_POINT('',#11481);
#3129=VERTEX_POINT('',#11483);
#3130=VERTEX_POINT('',#11485);
#3131=VERTEX_POINT('',#11488);
#3132=VERTEX_POINT('',#11490);
#3133=VERTEX_POINT('',#11493);
#3134=VERTEX_POINT('',#11495);
#3135=VERTEX_POINT('',#11500);
#3136=VERTEX_POINT('',#11502);
#3137=VERTEX_POINT('',#11507);
#3138=VERTEX_POINT('',#11508);
#3139=VERTEX_POINT('',#11510);
#3140=VERTEX_POINT('',#11512);
#3141=VERTEX_POINT('',#11516);
#3142=VERTEX_POINT('',#11517);
#3143=VERTEX_POINT('',#11519);
#3144=VERTEX_POINT('',#11521);
#3145=VERTEX_POINT('',#11530);
#3146=VERTEX_POINT('',#11532);
#3147=VERTEX_POINT('',#11536);
#3148=VERTEX_POINT('',#11537);
#3149=VERTEX_POINT('',#11539);
#3150=VERTEX_POINT('',#11544);
#3151=VERTEX_POINT('',#11548);
#3152=VERTEX_POINT('',#11550);
#3153=VERTEX_POINT('',#11552);
#3154=VERTEX_POINT('',#11554);
#3155=VERTEX_POINT('',#11556);
#3156=VERTEX_POINT('',#11558);
#3157=VERTEX_POINT('',#11560);
#3158=VERTEX_POINT('',#11562);
#3159=VERTEX_POINT('',#11566);
#3160=VERTEX_POINT('',#11568);
#3161=VERTEX_POINT('',#11570);
#3162=VERTEX_POINT('',#11578);
#3163=VERTEX_POINT('',#11583);
#3164=VERTEX_POINT('',#11588);
#3165=VERTEX_POINT('',#11590);
#3166=VERTEX_POINT('',#11594);
#3167=VERTEX_POINT('',#11600);
#3168=VERTEX_POINT('',#11602);
#3169=VERTEX_POINT('',#11606);
#3170=VERTEX_POINT('',#11610);
#3171=VERTEX_POINT('',#11618);
#3172=VERTEX_POINT('',#11620);
#3173=VERTEX_POINT('',#11640);
#3174=VERTEX_POINT('',#11642);
#3175=VERTEX_POINT('',#11646);
#3176=VERTEX_POINT('',#11648);
#3177=VERTEX_POINT('',#11652);
#3178=VERTEX_POINT('',#11654);
#3179=VERTEX_POINT('',#11658);
#3180=VERTEX_POINT('',#11662);
#3181=VERTEX_POINT('',#11666);
#3182=VERTEX_POINT('',#11670);
#3183=VERTEX_POINT('',#11674);
#3184=VERTEX_POINT('',#11680);
#3185=VERTEX_POINT('',#11684);
#3186=VERTEX_POINT('',#11692);
#3187=VERTEX_POINT('',#11694);
#3188=VERTEX_POINT('',#11703);
#3189=VERTEX_POINT('',#11708);
#3190=VERTEX_POINT('',#11716);
#3191=VERTEX_POINT('',#11717);
#3192=VERTEX_POINT('',#11719);
#3193=VERTEX_POINT('',#11721);
#3194=VERTEX_POINT('',#11725);
#3195=VERTEX_POINT('',#11727);
#3196=VERTEX_POINT('',#11731);
#3197=VERTEX_POINT('',#11733);
#3198=VERTEX_POINT('',#11737);
#3199=VERTEX_POINT('',#11738);
#3200=VERTEX_POINT('',#11740);
#3201=VERTEX_POINT('',#11742);
#3202=VERTEX_POINT('',#11746);
#3203=VERTEX_POINT('',#11748);
#3204=VERTEX_POINT('',#11752);
#3205=VERTEX_POINT('',#11754);
#3206=VERTEX_POINT('',#11761);
#3207=VERTEX_POINT('',#11763);
#3208=VERTEX_POINT('',#11768);
#3209=VERTEX_POINT('',#11770);
#3210=VERTEX_POINT('',#11775);
#3211=VERTEX_POINT('',#11777);
#3212=VERTEX_POINT('',#11782);
#3213=VERTEX_POINT('',#11784);
#3214=VERTEX_POINT('',#11789);
#3215=VERTEX_POINT('',#11790);
#3216=VERTEX_POINT('',#11837);
#3217=VERTEX_POINT('',#11839);
#3218=VERTEX_POINT('',#11843);
#3219=VERTEX_POINT('',#11845);
#3220=VERTEX_POINT('',#11849);
#3221=VERTEX_POINT('',#11850);
#3222=VERTEX_POINT('',#11897);
#3223=VERTEX_POINT('',#11899);
#3224=VERTEX_POINT('',#11903);
#3225=VERTEX_POINT('',#11905);
#3226=VERTEX_POINT('',#11909);
#3227=VERTEX_POINT('',#11911);
#3228=VERTEX_POINT('',#11915);
#3229=VERTEX_POINT('',#11916);
#3230=VERTEX_POINT('',#11969);
#3231=VERTEX_POINT('',#11971);
#3232=VERTEX_POINT('',#11978);
#3233=VERTEX_POINT('',#11980);
#3234=VERTEX_POINT('',#11984);
#3235=VERTEX_POINT('',#11988);
#3236=VERTEX_POINT('',#11992);
#3237=VERTEX_POINT('',#11996);
#3238=VERTEX_POINT('',#12000);
#3239=VERTEX_POINT('',#12001);
#3240=VERTEX_POINT('',#12003);
#3241=VERTEX_POINT('',#12005);
#3242=VERTEX_POINT('',#12008);
#3243=VERTEX_POINT('',#12009);
#3244=VERTEX_POINT('',#12011);
#3245=VERTEX_POINT('',#12013);
#3246=VERTEX_POINT('',#12016);
#3247=VERTEX_POINT('',#12017);
#3248=VERTEX_POINT('',#12019);
#3249=VERTEX_POINT('',#12021);
#3250=VERTEX_POINT('',#12024);
#3251=VERTEX_POINT('',#12025);
#3252=VERTEX_POINT('',#12027);
#3253=VERTEX_POINT('',#12029);
#3254=VERTEX_POINT('',#12032);
#3255=VERTEX_POINT('',#12033);
#3256=VERTEX_POINT('',#12035);
#3257=VERTEX_POINT('',#12037);
#3258=VERTEX_POINT('',#12040);
#3259=VERTEX_POINT('',#12041);
#3260=VERTEX_POINT('',#12043);
#3261=VERTEX_POINT('',#12045);
#3262=VERTEX_POINT('',#12048);
#3263=VERTEX_POINT('',#12049);
#3264=VERTEX_POINT('',#12051);
#3265=VERTEX_POINT('',#12053);
#3266=VERTEX_POINT('',#12056);
#3267=VERTEX_POINT('',#12057);
#3268=VERTEX_POINT('',#12059);
#3269=VERTEX_POINT('',#12061);
#3270=VERTEX_POINT('',#12064);
#3271=VERTEX_POINT('',#12065);
#3272=VERTEX_POINT('',#12067);
#3273=VERTEX_POINT('',#12069);
#3274=VERTEX_POINT('',#12072);
#3275=VERTEX_POINT('',#12073);
#3276=VERTEX_POINT('',#12075);
#3277=VERTEX_POINT('',#12077);
#3278=VERTEX_POINT('',#12080);
#3279=VERTEX_POINT('',#12081);
#3280=VERTEX_POINT('',#12083);
#3281=VERTEX_POINT('',#12085);
#3282=VERTEX_POINT('',#12088);
#3283=VERTEX_POINT('',#12089);
#3284=VERTEX_POINT('',#12091);
#3285=VERTEX_POINT('',#12093);
#3286=VERTEX_POINT('',#12096);
#3287=VERTEX_POINT('',#12097);
#3288=VERTEX_POINT('',#12099);
#3289=VERTEX_POINT('',#12101);
#3290=VERTEX_POINT('',#12104);
#3291=VERTEX_POINT('',#12105);
#3292=VERTEX_POINT('',#12107);
#3293=VERTEX_POINT('',#12109);
#3294=VERTEX_POINT('',#12112);
#3295=VERTEX_POINT('',#12113);
#3296=VERTEX_POINT('',#12115);
#3297=VERTEX_POINT('',#12117);
#3298=VERTEX_POINT('',#12120);
#3299=VERTEX_POINT('',#12121);
#3300=VERTEX_POINT('',#12123);
#3301=VERTEX_POINT('',#12125);
#3302=VERTEX_POINT('',#12128);
#3303=VERTEX_POINT('',#12134);
#3304=VERTEX_POINT('',#12138);
#3305=VERTEX_POINT('',#12139);
#3306=VERTEX_POINT('',#12144);
#3307=VERTEX_POINT('',#12148);
#3308=VERTEX_POINT('',#12154);
#3309=VERTEX_POINT('',#12155);
#3310=VERTEX_POINT('',#12160);
#3311=VERTEX_POINT('',#12164);
#3312=VERTEX_POINT('',#12170);
#3313=VERTEX_POINT('',#12171);
#3314=VERTEX_POINT('',#12176);
#3315=VERTEX_POINT('',#12180);
#3316=VERTEX_POINT('',#12186);
#3317=VERTEX_POINT('',#12187);
#3318=VERTEX_POINT('',#12192);
#3319=VERTEX_POINT('',#12196);
#3320=VERTEX_POINT('',#12202);
#3321=VERTEX_POINT('',#12203);
#3322=VERTEX_POINT('',#12208);
#3323=VERTEX_POINT('',#12212);
#3324=VERTEX_POINT('',#12218);
#3325=VERTEX_POINT('',#12219);
#3326=VERTEX_POINT('',#12224);
#3327=VERTEX_POINT('',#12228);
#3328=VERTEX_POINT('',#12234);
#3329=VERTEX_POINT('',#12235);
#3330=VERTEX_POINT('',#12240);
#3331=VERTEX_POINT('',#12244);
#3332=VERTEX_POINT('',#12250);
#3333=VERTEX_POINT('',#12251);
#3334=VERTEX_POINT('',#12256);
#3335=VERTEX_POINT('',#12260);
#3336=VERTEX_POINT('',#12266);
#3337=VERTEX_POINT('',#12267);
#3338=VERTEX_POINT('',#12272);
#3339=VERTEX_POINT('',#12276);
#3340=VERTEX_POINT('',#12282);
#3341=VERTEX_POINT('',#12283);
#3342=VERTEX_POINT('',#12288);
#3343=VERTEX_POINT('',#12292);
#3344=VERTEX_POINT('',#12298);
#3345=VERTEX_POINT('',#12299);
#3346=VERTEX_POINT('',#12304);
#3347=VERTEX_POINT('',#12308);
#3348=VERTEX_POINT('',#12314);
#3349=VERTEX_POINT('',#12315);
#3350=VERTEX_POINT('',#12320);
#3351=VERTEX_POINT('',#12324);
#3352=VERTEX_POINT('',#12330);
#3353=VERTEX_POINT('',#12331);
#3354=VERTEX_POINT('',#12336);
#3355=VERTEX_POINT('',#12340);
#3356=VERTEX_POINT('',#12346);
#3357=VERTEX_POINT('',#12347);
#3358=VERTEX_POINT('',#12352);
#3359=VERTEX_POINT('',#12356);
#3360=VERTEX_POINT('',#12362);
#3361=VERTEX_POINT('',#12363);
#3362=VERTEX_POINT('',#12368);
#3363=VERTEX_POINT('',#12372);
#3364=VERTEX_POINT('',#12378);
#3365=VERTEX_POINT('',#12379);
#3366=VERTEX_POINT('',#12384);
#3367=VERTEX_POINT('',#12388);
#3368=VERTEX_POINT('',#12394);
#3369=VERTEX_POINT('',#12395);
#3370=VERTEX_POINT('',#12397);
#3371=VERTEX_POINT('',#12399);
#3372=VERTEX_POINT('',#12401);
#3373=VERTEX_POINT('',#12403);
#3374=VERTEX_POINT('',#12407);
#3375=VERTEX_POINT('',#12408);
#3376=VERTEX_POINT('',#12413);
#3377=VERTEX_POINT('',#12417);
#3378=VERTEX_POINT('',#12421);
#3379=VERTEX_POINT('',#12425);
#3380=VERTEX_POINT('',#12431);
#3381=VERTEX_POINT('',#12435);
#3382=VERTEX_POINT('',#12439);
#3383=VERTEX_POINT('',#12446);
#3384=VERTEX_POINT('',#12447);
#3385=VERTEX_POINT('',#12454);
#3386=VERTEX_POINT('',#12456);
#3387=VERTEX_POINT('',#12463);
#3388=VERTEX_POINT('',#12465);
#3389=VERTEX_POINT('',#12469);
#3390=VERTEX_POINT('',#12476);
#3391=VERTEX_POINT('',#12480);
#3392=VERTEX_POINT('',#12487);
#3393=VERTEX_POINT('',#12491);
#3394=VERTEX_POINT('',#12499);
#3395=VERTEX_POINT('',#12509);
#3396=VERTEX_POINT('',#12511);
#3397=VERTEX_POINT('',#12513);
#3398=VERTEX_POINT('',#12518);
#3399=VERTEX_POINT('',#12525);
#3400=VERTEX_POINT('',#12527);
#3401=VERTEX_POINT('',#12534);
#3402=VERTEX_POINT('',#12541);
#3403=VERTEX_POINT('',#12548);
#3404=VERTEX_POINT('',#12550);
#3405=VERTEX_POINT('',#12557);
#3406=VERTEX_POINT('',#12564);
#3407=VERTEX_POINT('',#12571);
#3408=VERTEX_POINT('',#12573);
#3409=VERTEX_POINT('',#12580);
#3410=VERTEX_POINT('',#12587);
#3411=VERTEX_POINT('',#12594);
#3412=VERTEX_POINT('',#12596);
#3413=VERTEX_POINT('',#12603);
#3414=VERTEX_POINT('',#12610);
#3415=VERTEX_POINT('',#12617);
#3416=VERTEX_POINT('',#12619);
#3417=VERTEX_POINT('',#12626);
#3418=VERTEX_POINT('',#12633);
#3419=VERTEX_POINT('',#12640);
#3420=VERTEX_POINT('',#12642);
#3421=VERTEX_POINT('',#12649);
#3422=VERTEX_POINT('',#12656);
#3423=VERTEX_POINT('',#12663);
#3424=VERTEX_POINT('',#12665);
#3425=VERTEX_POINT('',#12672);
#3426=VERTEX_POINT('',#12679);
#3427=VERTEX_POINT('',#12686);
#3428=VERTEX_POINT('',#12688);
#3429=VERTEX_POINT('',#12695);
#3430=VERTEX_POINT('',#12702);
#3431=VERTEX_POINT('',#12709);
#3432=VERTEX_POINT('',#12711);
#3433=VERTEX_POINT('',#12718);
#3434=VERTEX_POINT('',#12725);
#3435=VERTEX_POINT('',#12732);
#3436=VERTEX_POINT('',#12734);
#3437=VERTEX_POINT('',#12741);
#3438=VERTEX_POINT('',#12748);
#3439=VERTEX_POINT('',#12755);
#3440=VERTEX_POINT('',#12757);
#3441=VERTEX_POINT('',#12764);
#3442=VERTEX_POINT('',#12771);
#3443=VERTEX_POINT('',#12778);
#3444=VERTEX_POINT('',#12780);
#3445=VERTEX_POINT('',#12787);
#3446=VERTEX_POINT('',#12794);
#3447=VERTEX_POINT('',#12801);
#3448=VERTEX_POINT('',#12803);
#3449=VERTEX_POINT('',#12810);
#3450=VERTEX_POINT('',#12817);
#3451=VERTEX_POINT('',#12824);
#3452=VERTEX_POINT('',#12826);
#3453=VERTEX_POINT('',#12833);
#3454=VERTEX_POINT('',#12840);
#3455=VERTEX_POINT('',#12847);
#3456=VERTEX_POINT('',#12849);
#3457=VERTEX_POINT('',#12856);
#3458=VERTEX_POINT('',#12863);
#3459=VERTEX_POINT('',#12870);
#3460=VERTEX_POINT('',#12872);
#3461=VERTEX_POINT('',#12879);
#3462=VERTEX_POINT('',#12886);
#3463=VERTEX_POINT('',#12893);
#3464=VERTEX_POINT('',#12895);
#3465=VERTEX_POINT('',#12902);
#3466=VERTEX_POINT('',#12909);
#3467=VERTEX_POINT('',#12916);
#3468=VERTEX_POINT('',#12918);
#3469=VERTEX_POINT('',#12925);
#3470=VERTEX_POINT('',#12932);
#3471=VERTEX_POINT('',#12939);
#3472=VERTEX_POINT('',#12941);
#3473=VERTEX_POINT('',#12948);
#3474=VERTEX_POINT('',#12955);
#3475=VERTEX_POINT('',#12962);
#3476=VERTEX_POINT('',#12964);
#3477=VERTEX_POINT('',#12971);
#3478=VERTEX_POINT('',#12978);
#3479=VERTEX_POINT('',#12985);
#3480=VERTEX_POINT('',#12987);
#3481=VERTEX_POINT('',#12994);
#3482=VERTEX_POINT('',#13001);
#3483=VERTEX_POINT('',#13008);
#3484=VERTEX_POINT('',#13010);
#3485=VERTEX_POINT('',#13017);
#3486=VERTEX_POINT('',#13024);
#3487=VERTEX_POINT('',#13031);
#3488=VERTEX_POINT('',#13033);
#3489=VERTEX_POINT('',#13040);
#3490=VERTEX_POINT('',#13047);
#3491=VERTEX_POINT('',#13054);
#3492=VERTEX_POINT('',#13056);
#3493=VERTEX_POINT('',#13063);
#3494=VERTEX_POINT('',#13070);
#3495=VERTEX_POINT('',#13077);
#3496=VERTEX_POINT('',#13079);
#3497=VERTEX_POINT('',#13086);
#3498=VERTEX_POINT('',#13093);
#3499=VERTEX_POINT('',#13100);
#3500=VERTEX_POINT('',#13102);
#3501=VERTEX_POINT('',#13109);
#3502=VERTEX_POINT('',#13116);
#3503=VERTEX_POINT('',#13123);
#3504=VERTEX_POINT('',#13125);
#3505=VERTEX_POINT('',#13132);
#3506=VERTEX_POINT('',#13139);
#3507=VERTEX_POINT('',#13146);
#3508=VERTEX_POINT('',#13148);
#3509=VERTEX_POINT('',#13155);
#3510=VERTEX_POINT('',#13162);
#3511=VERTEX_POINT('',#13169);
#3512=VERTEX_POINT('',#13171);
#3513=VERTEX_POINT('',#13178);
#3514=VERTEX_POINT('',#13185);
#3515=VERTEX_POINT('',#13192);
#3516=VERTEX_POINT('',#13194);
#3517=VERTEX_POINT('',#13201);
#3518=VERTEX_POINT('',#13208);
#3519=VERTEX_POINT('',#13215);
#3520=VERTEX_POINT('',#13217);
#3521=VERTEX_POINT('',#13224);
#3522=VERTEX_POINT('',#13231);
#3523=VERTEX_POINT('',#13238);
#3524=VERTEX_POINT('',#13240);
#3525=VERTEX_POINT('',#13247);
#3526=VERTEX_POINT('',#13254);
#3527=VERTEX_POINT('',#13261);
#3528=VERTEX_POINT('',#13263);
#3529=VERTEX_POINT('',#13270);
#3530=VERTEX_POINT('',#13277);
#3531=VERTEX_POINT('',#13284);
#3532=VERTEX_POINT('',#13286);
#3533=VERTEX_POINT('',#13293);
#3534=VERTEX_POINT('',#13300);
#3535=VERTEX_POINT('',#13307);
#3536=VERTEX_POINT('',#13309);
#3537=VERTEX_POINT('',#13316);
#3538=VERTEX_POINT('',#13323);
#3539=VERTEX_POINT('',#13331);
#3540=VERTEX_POINT('',#13333);
#3541=VERTEX_POINT('',#13340);
#3542=VERTEX_POINT('',#13347);
#3543=VERTEX_POINT('',#13354);
#3544=VERTEX_POINT('',#13356);
#3545=VERTEX_POINT('',#13363);
#3546=VERTEX_POINT('',#13370);
#3547=VERTEX_POINT('',#13377);
#3548=VERTEX_POINT('',#13379);
#3549=VERTEX_POINT('',#13386);
#3550=VERTEX_POINT('',#13393);
#3551=VERTEX_POINT('',#13400);
#3552=VERTEX_POINT('',#13402);
#3553=VERTEX_POINT('',#13409);
#3554=VERTEX_POINT('',#13416);
#3555=VERTEX_POINT('',#13423);
#3556=VERTEX_POINT('',#13425);
#3557=VERTEX_POINT('',#13432);
#3558=VERTEX_POINT('',#13439);
#3559=VERTEX_POINT('',#13446);
#3560=VERTEX_POINT('',#13448);
#3561=VERTEX_POINT('',#13455);
#3562=VERTEX_POINT('',#13462);
#3563=VERTEX_POINT('',#13469);
#3564=VERTEX_POINT('',#13471);
#3565=VERTEX_POINT('',#13478);
#3566=VERTEX_POINT('',#13485);
#3567=VERTEX_POINT('',#13492);
#3568=VERTEX_POINT('',#13494);
#3569=VERTEX_POINT('',#13501);
#3570=VERTEX_POINT('',#13508);
#3571=VERTEX_POINT('',#13515);
#3572=VERTEX_POINT('',#13517);
#3573=VERTEX_POINT('',#13531);
#3574=VERTEX_POINT('',#13535);
#3575=VERTEX_POINT('',#13537);
#3576=VERTEX_POINT('',#13539);
#3577=VERTEX_POINT('',#13541);
#3578=VERTEX_POINT('',#13548);
#3579=VERTEX_POINT('',#13555);
#3580=VERTEX_POINT('',#13562);
#3581=VERTEX_POINT('',#13564);
#3582=VERTEX_POINT('',#13571);
#3583=VERTEX_POINT('',#13578);
#3584=VERTEX_POINT('',#13585);
#3585=VERTEX_POINT('',#13587);
#3586=VERTEX_POINT('',#13594);
#3587=VERTEX_POINT('',#13601);
#3588=VERTEX_POINT('',#13608);
#3589=VERTEX_POINT('',#13610);
#3590=VERTEX_POINT('',#13617);
#3591=VERTEX_POINT('',#13624);
#3592=VERTEX_POINT('',#13631);
#3593=VERTEX_POINT('',#13633);
#3594=VERTEX_POINT('',#13640);
#3595=VERTEX_POINT('',#13647);
#3596=VERTEX_POINT('',#13654);
#3597=VERTEX_POINT('',#13656);
#3598=VERTEX_POINT('',#13663);
#3599=VERTEX_POINT('',#13670);
#3600=VERTEX_POINT('',#13677);
#3601=VERTEX_POINT('',#13679);
#3602=VERTEX_POINT('',#13686);
#3603=VERTEX_POINT('',#13693);
#3604=VERTEX_POINT('',#13700);
#3605=VERTEX_POINT('',#13702);
#3606=VERTEX_POINT('',#13709);
#3607=VERTEX_POINT('',#13716);
#3608=VERTEX_POINT('',#13723);
#3609=VERTEX_POINT('',#13725);
#3610=VERTEX_POINT('',#13732);
#3611=VERTEX_POINT('',#13739);
#3612=VERTEX_POINT('',#13746);
#3613=VERTEX_POINT('',#13748);
#3614=VERTEX_POINT('',#13755);
#3615=VERTEX_POINT('',#13762);
#3616=VERTEX_POINT('',#13769);
#3617=VERTEX_POINT('',#13771);
#3618=VERTEX_POINT('',#13778);
#3619=VERTEX_POINT('',#13785);
#3620=VERTEX_POINT('',#13792);
#3621=VERTEX_POINT('',#13794);
#3622=VERTEX_POINT('',#13801);
#3623=VERTEX_POINT('',#13808);
#3624=VERTEX_POINT('',#13815);
#3625=VERTEX_POINT('',#13817);
#3626=VERTEX_POINT('',#13824);
#3627=VERTEX_POINT('',#13831);
#3628=VERTEX_POINT('',#13838);
#3629=VERTEX_POINT('',#13840);
#3630=VERTEX_POINT('',#13847);
#3631=VERTEX_POINT('',#13854);
#3632=VERTEX_POINT('',#13861);
#3633=VERTEX_POINT('',#13863);
#3634=VERTEX_POINT('',#13870);
#3635=VERTEX_POINT('',#13877);
#3636=VERTEX_POINT('',#13884);
#3637=VERTEX_POINT('',#13886);
#3638=VERTEX_POINT('',#13893);
#3639=VERTEX_POINT('',#13900);
#3640=VERTEX_POINT('',#13907);
#3641=VERTEX_POINT('',#13909);
#3642=VERTEX_POINT('',#13916);
#3643=VERTEX_POINT('',#13923);
#3644=VERTEX_POINT('',#13930);
#3645=VERTEX_POINT('',#13932);
#3646=VERTEX_POINT('',#13939);
#3647=VERTEX_POINT('',#13946);
#3648=VERTEX_POINT('',#13953);
#3649=VERTEX_POINT('',#13955);
#3650=VERTEX_POINT('',#13962);
#3651=VERTEX_POINT('',#13969);
#3652=VERTEX_POINT('',#13976);
#3653=VERTEX_POINT('',#13978);
#3654=VERTEX_POINT('',#13985);
#3655=VERTEX_POINT('',#13992);
#3656=VERTEX_POINT('',#13999);
#3657=VERTEX_POINT('',#14001);
#3658=VERTEX_POINT('',#14008);
#3659=VERTEX_POINT('',#14015);
#3660=VERTEX_POINT('',#14022);
#3661=VERTEX_POINT('',#14024);
#3662=VERTEX_POINT('',#14031);
#3663=VERTEX_POINT('',#14038);
#3664=VERTEX_POINT('',#14045);
#3665=VERTEX_POINT('',#14047);
#3666=VERTEX_POINT('',#14054);
#3667=VERTEX_POINT('',#14061);
#3668=VERTEX_POINT('',#14068);
#3669=VERTEX_POINT('',#14070);
#3670=VERTEX_POINT('',#14077);
#3671=VERTEX_POINT('',#14084);
#3672=VERTEX_POINT('',#14091);
#3673=VERTEX_POINT('',#14093);
#3674=VERTEX_POINT('',#14100);
#3675=VERTEX_POINT('',#14107);
#3676=VERTEX_POINT('',#14114);
#3677=VERTEX_POINT('',#14116);
#3678=VERTEX_POINT('',#14123);
#3679=VERTEX_POINT('',#14130);
#3680=VERTEX_POINT('',#14137);
#3681=VERTEX_POINT('',#14139);
#3682=VERTEX_POINT('',#14146);
#3683=VERTEX_POINT('',#14153);
#3684=VERTEX_POINT('',#14160);
#3685=VERTEX_POINT('',#14162);
#3686=VERTEX_POINT('',#14169);
#3687=VERTEX_POINT('',#14176);
#3688=VERTEX_POINT('',#14183);
#3689=VERTEX_POINT('',#14185);
#3690=VERTEX_POINT('',#14192);
#3691=VERTEX_POINT('',#14199);
#3692=VERTEX_POINT('',#14206);
#3693=VERTEX_POINT('',#14208);
#3694=VERTEX_POINT('',#14215);
#3695=VERTEX_POINT('',#14222);
#3696=VERTEX_POINT('',#14229);
#3697=VERTEX_POINT('',#14231);
#3698=VERTEX_POINT('',#14238);
#3699=VERTEX_POINT('',#14251);
#3700=VERTEX_POINT('',#14253);
#3701=VERTEX_POINT('',#14260);
#3702=VERTEX_POINT('',#14267);
#3703=VERTEX_POINT('',#14274);
#3704=VERTEX_POINT('',#14276);
#3705=VERTEX_POINT('',#14283);
#3706=VERTEX_POINT('',#14290);
#3707=VERTEX_POINT('',#14297);
#3708=VERTEX_POINT('',#14299);
#3709=VERTEX_POINT('',#14306);
#3710=VERTEX_POINT('',#14313);
#3711=VERTEX_POINT('',#14320);
#3712=VERTEX_POINT('',#14322);
#3713=VERTEX_POINT('',#14329);
#3714=VERTEX_POINT('',#14336);
#3715=VERTEX_POINT('',#14343);
#3716=VERTEX_POINT('',#14345);
#3717=VERTEX_POINT('',#14352);
#3718=VERTEX_POINT('',#14359);
#3719=VERTEX_POINT('',#14366);
#3720=VERTEX_POINT('',#14368);
#3721=VERTEX_POINT('',#14375);
#3722=VERTEX_POINT('',#14382);
#3723=VERTEX_POINT('',#14389);
#3724=VERTEX_POINT('',#14391);
#3725=VERTEX_POINT('',#14398);
#3726=VERTEX_POINT('',#14405);
#3727=VERTEX_POINT('',#14412);
#3728=VERTEX_POINT('',#14414);
#3729=VERTEX_POINT('',#14421);
#3730=VERTEX_POINT('',#14428);
#3731=VERTEX_POINT('',#14435);
#3732=VERTEX_POINT('',#14437);
#3733=VERTEX_POINT('',#14444);
#3734=VERTEX_POINT('',#14451);
#3735=VERTEX_POINT('',#14458);
#3736=VERTEX_POINT('',#14460);
#3737=VERTEX_POINT('',#14467);
#3738=VERTEX_POINT('',#14474);
#3739=VERTEX_POINT('',#14481);
#3740=VERTEX_POINT('',#14483);
#3741=VERTEX_POINT('',#14490);
#3742=VERTEX_POINT('',#14497);
#3743=VERTEX_POINT('',#14504);
#3744=VERTEX_POINT('',#14506);
#3745=VERTEX_POINT('',#14513);
#3746=VERTEX_POINT('',#14520);
#3747=VERTEX_POINT('',#14527);
#3748=VERTEX_POINT('',#14529);
#3749=VERTEX_POINT('',#14536);
#3750=VERTEX_POINT('',#14543);
#3751=VERTEX_POINT('',#14553);
#3752=VERTEX_POINT('',#14555);
#3753=VERTEX_POINT('',#14559);
#3754=VERTEX_POINT('',#14563);
#3755=VERTEX_POINT('',#14573);
#3756=VERTEX_POINT('',#14575);
#3757=VERTEX_POINT('',#14579);
#3758=VERTEX_POINT('',#14583);
#3759=VERTEX_POINT('',#14594);
#3760=VERTEX_POINT('',#14596);
#3761=VERTEX_POINT('',#14600);
#3762=VERTEX_POINT('',#14604);
#3763=VERTEX_POINT('',#14614);
#3764=VERTEX_POINT('',#14616);
#3765=VERTEX_POINT('',#14620);
#3766=VERTEX_POINT('',#14624);
#3767=VERTEX_POINT('',#14634);
#3768=VERTEX_POINT('',#14636);
#3769=VERTEX_POINT('',#14640);
#3770=VERTEX_POINT('',#14644);
#3771=VERTEX_POINT('',#14653);
#3772=VERTEX_POINT('',#14655);
#3773=VERTEX_POINT('',#14659);
#3774=VERTEX_POINT('',#14663);
#3775=VERTEX_POINT('',#14672);
#3776=VERTEX_POINT('',#14674);
#3777=VERTEX_POINT('',#14678);
#3778=VERTEX_POINT('',#14682);
#3779=VERTEX_POINT('',#14693);
#3780=VERTEX_POINT('',#14695);
#3781=VERTEX_POINT('',#14699);
#3782=VERTEX_POINT('',#14703);
#3783=VERTEX_POINT('',#14714);
#3784=VERTEX_POINT('',#14716);
#3785=VERTEX_POINT('',#14720);
#3786=VERTEX_POINT('',#14724);
#3787=VERTEX_POINT('',#14734);
#3788=VERTEX_POINT('',#14736);
#3789=VERTEX_POINT('',#14740);
#3790=VERTEX_POINT('',#14744);
#3791=VERTEX_POINT('',#14754);
#3792=VERTEX_POINT('',#14756);
#3793=VERTEX_POINT('',#14760);
#3794=VERTEX_POINT('',#14764);
#3795=VERTEX_POINT('',#14774);
#3796=VERTEX_POINT('',#14776);
#3797=VERTEX_POINT('',#14780);
#3798=VERTEX_POINT('',#14784);
#3799=VERTEX_POINT('',#14795);
#3800=VERTEX_POINT('',#14797);
#3801=VERTEX_POINT('',#14801);
#3802=VERTEX_POINT('',#14805);
#3803=VERTEX_POINT('',#14815);
#3804=VERTEX_POINT('',#14817);
#3805=VERTEX_POINT('',#14821);
#3806=VERTEX_POINT('',#14825);
#3807=VERTEX_POINT('',#14836);
#3808=VERTEX_POINT('',#14838);
#3809=VERTEX_POINT('',#14842);
#3810=VERTEX_POINT('',#14846);
#3811=VERTEX_POINT('',#14855);
#3812=VERTEX_POINT('',#14857);
#3813=VERTEX_POINT('',#14861);
#3814=VERTEX_POINT('',#14865);
#3815=VERTEX_POINT('',#14875);
#3816=VERTEX_POINT('',#14877);
#3817=VERTEX_POINT('',#14881);
#3818=VERTEX_POINT('',#14885);
#3819=VERTEX_POINT('',#14894);
#3820=VERTEX_POINT('',#14896);
#3821=VERTEX_POINT('',#14900);
#3822=VERTEX_POINT('',#14904);
#3823=VERTEX_POINT('',#14914);
#3824=VERTEX_POINT('',#14916);
#3825=VERTEX_POINT('',#14920);
#3826=VERTEX_POINT('',#14924);
#3827=VERTEX_POINT('',#14934);
#3828=VERTEX_POINT('',#14936);
#3829=VERTEX_POINT('',#14940);
#3830=VERTEX_POINT('',#14944);
#3831=VERTEX_POINT('',#14954);
#3832=VERTEX_POINT('',#14956);
#3833=VERTEX_POINT('',#14960);
#3834=VERTEX_POINT('',#14964);
#3835=VERTEX_POINT('',#14974);
#3836=VERTEX_POINT('',#14976);
#3837=VERTEX_POINT('',#14980);
#3838=VERTEX_POINT('',#14984);
#3839=VERTEX_POINT('',#14994);
#3840=VERTEX_POINT('',#14996);
#3841=VERTEX_POINT('',#15000);
#3842=VERTEX_POINT('',#15004);
#3843=VERTEX_POINT('',#15014);
#3844=VERTEX_POINT('',#15016);
#3845=VERTEX_POINT('',#15020);
#3846=VERTEX_POINT('',#15024);
#3847=VERTEX_POINT('',#15034);
#3848=VERTEX_POINT('',#15036);
#3849=VERTEX_POINT('',#15040);
#3850=VERTEX_POINT('',#15044);
#3851=VERTEX_POINT('',#15054);
#3852=VERTEX_POINT('',#15056);
#3853=VERTEX_POINT('',#15060);
#3854=VERTEX_POINT('',#15064);
#3855=VERTEX_POINT('',#15075);
#3856=VERTEX_POINT('',#15077);
#3857=VERTEX_POINT('',#15081);
#3858=VERTEX_POINT('',#15085);
#3859=VERTEX_POINT('',#15095);
#3860=VERTEX_POINT('',#15097);
#3861=VERTEX_POINT('',#15101);
#3862=VERTEX_POINT('',#15105);
#3863=VERTEX_POINT('',#15115);
#3864=VERTEX_POINT('',#15117);
#3865=VERTEX_POINT('',#15121);
#3866=VERTEX_POINT('',#15125);
#3867=VERTEX_POINT('',#15135);
#3868=VERTEX_POINT('',#15137);
#3869=VERTEX_POINT('',#15141);
#3870=VERTEX_POINT('',#15145);
#3871=VERTEX_POINT('',#15155);
#3872=VERTEX_POINT('',#15157);
#3873=VERTEX_POINT('',#15161);
#3874=VERTEX_POINT('',#15165);
#3875=VERTEX_POINT('',#15175);
#3876=VERTEX_POINT('',#15177);
#3877=VERTEX_POINT('',#15181);
#3878=VERTEX_POINT('',#15185);
#3879=VERTEX_POINT('',#15195);
#3880=VERTEX_POINT('',#15197);
#3881=VERTEX_POINT('',#15201);
#3882=VERTEX_POINT('',#15205);
#3883=VERTEX_POINT('',#15215);
#3884=VERTEX_POINT('',#15217);
#3885=VERTEX_POINT('',#15221);
#3886=VERTEX_POINT('',#15225);
#3887=VERTEX_POINT('',#15234);
#3888=VERTEX_POINT('',#15236);
#3889=VERTEX_POINT('',#15240);
#3890=VERTEX_POINT('',#15244);
#3891=VERTEX_POINT('',#15279);
#3892=VERTEX_POINT('',#15280);
#3893=VERTEX_POINT('',#15282);
#3894=VERTEX_POINT('',#15287);
#3895=VERTEX_POINT('',#15289);
#3896=VERTEX_POINT('',#15296);
#3897=VERTEX_POINT('',#15298);
#3898=VERTEX_POINT('',#15302);
#3899=VERTEX_POINT('',#15306);
#3900=VERTEX_POINT('',#15308);
#3901=VERTEX_POINT('',#15312);
#3902=VERTEX_POINT('',#15316);
#3903=VERTEX_POINT('',#15318);
#3904=VERTEX_POINT('',#15322);
#3905=VERTEX_POINT('',#15326);
#3906=VERTEX_POINT('',#15328);
#3907=VERTEX_POINT('',#15332);
#3908=VERTEX_POINT('',#15336);
#3909=VERTEX_POINT('',#15338);
#3910=VERTEX_POINT('',#15342);
#3911=VERTEX_POINT('',#15346);
#3912=VERTEX_POINT('',#15353);
#3913=VERTEX_POINT('',#15360);
#3914=VERTEX_POINT('',#15367);
#3915=VERTEX_POINT('',#15374);
#3916=VERTEX_POINT('',#15381);
#3917=VERTEX_POINT('',#15383);
#3918=VERTEX_POINT('',#15387);
#3919=VERTEX_POINT('',#15391);
#3920=VERTEX_POINT('',#15393);
#3921=VERTEX_POINT('',#15397);
#3922=VERTEX_POINT('',#15401);
#3923=VERTEX_POINT('',#15403);
#3924=VERTEX_POINT('',#15407);
#3925=VERTEX_POINT('',#15411);
#3926=VERTEX_POINT('',#15413);
#3927=VERTEX_POINT('',#15417);
#3928=VERTEX_POINT('',#15421);
#3929=VERTEX_POINT('',#15428);
#3930=VERTEX_POINT('',#15432);
#3931=VERTEX_POINT('',#15439);
#3932=EDGE_CURVE('',#3099,#3100,#1753,.T.);
#3933=EDGE_CURVE('',#3100,#3101,#1441,.T.);
#3934=EDGE_CURVE('',#3101,#3099,#1754,.T.);
#3935=EDGE_CURVE('',#3102,#3103,#1755,.T.);
#3936=EDGE_CURVE('',#3103,#3104,#1756,.T.);
#3937=EDGE_CURVE('',#3104,#3105,#1757,.T.);
#3938=EDGE_CURVE('',#3105,#3106,#1758,.T.);
#3939=EDGE_CURVE('',#3106,#3107,#1759,.T.);
#3940=EDGE_CURVE('',#3107,#3102,#1760,.T.);
#3941=EDGE_CURVE('',#3108,#3109,#1761,.T.);
#3942=EDGE_CURVE('',#3109,#3110,#1762,.T.);
#3943=EDGE_CURVE('',#3110,#3111,#1763,.T.);
#3944=EDGE_CURVE('',#3111,#3112,#1764,.T.);
#3945=EDGE_CURVE('',#3112,#3113,#1765,.T.);
#3946=EDGE_CURVE('',#3113,#3114,#1766,.T.);
#3947=EDGE_CURVE('',#3114,#3115,#1767,.T.);
#3948=EDGE_CURVE('',#3115,#3116,#1768,.T.);
#3949=EDGE_CURVE('',#3116,#3108,#1769,.T.);
#3950=EDGE_CURVE('',#3117,#3118,#1770,.T.);
#3951=EDGE_CURVE('',#3119,#3117,#1771,.T.);
#3952=EDGE_CURVE('',#3120,#3119,#1772,.T.);
#3953=EDGE_CURVE('',#3121,#3120,#1773,.T.);
#3954=EDGE_CURVE('',#3122,#3121,#1774,.T.);
#3955=EDGE_CURVE('',#3123,#3122,#1775,.T.);
#3956=EDGE_CURVE('',#3124,#3123,#1776,.T.);
#3957=EDGE_CURVE('',#3125,#3124,#1777,.T.);
#3958=EDGE_CURVE('',#3126,#3125,#1778,.T.);
#3959=EDGE_CURVE('',#3127,#3126,#1442,.T.);
#3960=EDGE_CURVE('',#3128,#3127,#1779,.T.);
#3961=EDGE_CURVE('',#3129,#3128,#1780,.T.);
#3962=EDGE_CURVE('',#3130,#3129,#1781,.T.);
#3963=EDGE_CURVE('',#3118,#3130,#1443,.T.);
#3964=EDGE_CURVE('',#3131,#3131,#1444,.T.);
#3965=EDGE_CURVE('',#3132,#3132,#1445,.T.);
#3966=EDGE_CURVE('',#3133,#3133,#1446,.T.);
#3967=EDGE_CURVE('',#3133,#3134,#1782,.T.);
#3968=EDGE_CURVE('',#3134,#3134,#1447,.T.);
#3969=EDGE_CURVE('',#3135,#3135,#1448,.T.);
#3970=EDGE_CURVE('',#3135,#3136,#1783,.T.);
#3971=EDGE_CURVE('',#3136,#3136,#1449,.T.);
#3972=EDGE_CURVE('',#3137,#3138,#1784,.T.);
#3973=EDGE_CURVE('',#3138,#3139,#1785,.T.);
#3974=EDGE_CURVE('',#3139,#3140,#1786,.T.);
#3975=EDGE_CURVE('',#3140,#3137,#1787,.T.);
#3976=EDGE_CURVE('',#3141,#3142,#1788,.T.);
#3977=EDGE_CURVE('',#3142,#3143,#1789,.T.);
#3978=EDGE_CURVE('',#3143,#3144,#1790,.T.);
#3979=EDGE_CURVE('',#3144,#3141,#1791,.T.);
#3980=EDGE_CURVE('',#3143,#3102,#1792,.T.);
#3981=EDGE_CURVE('',#3144,#3107,#1793,.T.);
#3982=EDGE_CURVE('',#3142,#3103,#1794,.T.);
#3983=EDGE_CURVE('',#3145,#3105,#1795,.T.);
#3984=EDGE_CURVE('',#3146,#3145,#1796,.T.);
#3985=EDGE_CURVE('',#3146,#3106,#1797,.T.);
#3986=EDGE_CURVE('',#3147,#3148,#1798,.T.);
#3987=EDGE_CURVE('',#3149,#3147,#1799,.T.);
#3988=EDGE_CURVE('',#3100,#3149,#1800,.T.);
#3989=EDGE_CURVE('',#3148,#3100,#1801,.T.);
#3990=EDGE_CURVE('',#3150,#3101,#1802,.T.);
#3991=EDGE_CURVE('',#3150,#3149,#1450,.T.);
#3992=EDGE_CURVE('',#3151,#3145,#1803,.T.);
#3993=EDGE_CURVE('',#3151,#3152,#1804,.T.);
#3994=EDGE_CURVE('',#3152,#3153,#1805,.T.);
#3995=EDGE_CURVE('',#3153,#3154,#1806,.T.);
#3996=EDGE_CURVE('',#3154,#3155,#1451,.T.);
#3997=EDGE_CURVE('',#3155,#3156,#1807,.T.);
#3998=EDGE_CURVE('',#3156,#3157,#1808,.T.);
#3999=EDGE_CURVE('',#3157,#3158,#1809,.T.);
#4000=EDGE_CURVE('',#3146,#3158,#1810,.T.);
#4001=EDGE_CURVE('',#3147,#3159,#1811,.T.);
#4002=EDGE_CURVE('',#3159,#3160,#1812,.T.);
#4003=EDGE_CURVE('',#3160,#3161,#1452,.T.);
#4004=EDGE_CURVE('',#3150,#3161,#1813,.T.);
#4005=EDGE_CURVE('',#3112,#3138,#1814,.T.);
#4006=EDGE_CURVE('',#3111,#3104,#1815,.T.);
#4007=EDGE_CURVE('',#3139,#3141,#1816,.T.);
#4008=EDGE_CURVE('',#3131,#3162,#1817,.T.);
#4009=EDGE_CURVE('',#3162,#3162,#1453,.T.);
#4010=EDGE_CURVE('',#3132,#3163,#1818,.T.);
#4011=EDGE_CURVE('',#3163,#3163,#1454,.T.);
#4012=EDGE_CURVE('',#3120,#3164,#1819,.T.);
#4013=EDGE_CURVE('',#3165,#3164,#1820,.T.);
#4014=EDGE_CURVE('',#3121,#3165,#1821,.T.);
#4015=EDGE_CURVE('',#3166,#3119,#1822,.T.);
#4016=EDGE_CURVE('',#3164,#3166,#1823,.T.);
#4017=EDGE_CURVE('',#3165,#3166,#1824,.T.);
#4018=EDGE_CURVE('',#3124,#3167,#1825,.T.);
#4019=EDGE_CURVE('',#3168,#3167,#1826,.T.);
#4020=EDGE_CURVE('',#3125,#3168,#1827,.T.);
#4021=EDGE_CURVE('',#3169,#3123,#1828,.T.);
#4022=EDGE_CURVE('',#3167,#3169,#1829,.T.);
#4023=EDGE_CURVE('',#3170,#3169,#1830,.T.);
#4024=EDGE_CURVE('',#3168,#3170,#1831,.T.);
#4025=EDGE_CURVE('',#3126,#3161,#1832,.T.);
#4026=EDGE_CURVE('',#3170,#3099,#1833,.T.);
#4027=EDGE_CURVE('',#3117,#3153,#1834,.T.);
#4028=EDGE_CURVE('',#3152,#3171,#1835,.T.);
#4029=EDGE_CURVE('',#3172,#3171,#1836,.T.);
#4030=EDGE_CURVE('',#3122,#3172,#1837,.T.);
#4031=EDGE_CURVE('',#3099,#3172,#1838,.T.);
#4032=EDGE_CURVE('',#3127,#3160,#1839,.T.);
#4033=EDGE_CURVE('',#3128,#3159,#1840,.T.);
#4034=EDGE_CURVE('',#3129,#3156,#1841,.T.);
#4035=EDGE_CURVE('',#3130,#3155,#1842,.T.);
#4036=EDGE_CURVE('',#3118,#3154,#1843,.T.);
#4037=EDGE_CURVE('',#3113,#3137,#1844,.T.);
#4038=EDGE_CURVE('',#3114,#3140,#1845,.T.);
#4039=EDGE_CURVE('',#3173,#3148,#1846,.T.);
#4040=EDGE_CURVE('',#3100,#3174,#1847,.T.);
#4041=EDGE_CURVE('',#3174,#3173,#1848,.T.);
#4042=EDGE_CURVE('',#3108,#3175,#1849,.T.);
#4043=EDGE_CURVE('',#3176,#3175,#1850,.T.);
#4044=EDGE_CURVE('',#3109,#3176,#1851,.T.);
#4045=EDGE_CURVE('',#3100,#3177,#1852,.T.);
#4046=EDGE_CURVE('',#3178,#3177,#1853,.T.);
#4047=EDGE_CURVE('',#3174,#3178,#1854,.T.);
#4048=EDGE_CURVE('',#3179,#3178,#1855,.T.);
#4049=EDGE_CURVE('',#3173,#3179,#1856,.T.);
#4050=EDGE_CURVE('',#3180,#3179,#1857,.T.);
#4051=EDGE_CURVE('',#3157,#3180,#1858,.T.);
#4052=EDGE_CURVE('',#3181,#3180,#1859,.T.);
#4053=EDGE_CURVE('',#3158,#3181,#1860,.T.);
#4054=EDGE_CURVE('',#3182,#3181,#1861,.T.);
#4055=EDGE_CURVE('',#3115,#3182,#1862,.T.);
#4056=EDGE_CURVE('',#3183,#3182,#1863,.T.);
#4057=EDGE_CURVE('',#3116,#3183,#1864,.T.);
#4058=EDGE_CURVE('',#3175,#3183,#1865,.T.);
#4059=EDGE_CURVE('',#3184,#3176,#1866,.T.);
#4060=EDGE_CURVE('',#3110,#3184,#1867,.T.);
#4061=EDGE_CURVE('',#3185,#3184,#1868,.T.);
#4062=EDGE_CURVE('',#3151,#3185,#1869,.T.);
#4063=EDGE_CURVE('',#3174,#3171,#1870,.T.);
#4064=EDGE_CURVE('',#3178,#3185,#1871,.T.);
#4065=EDGE_CURVE('',#3174,#3178,#1872,.T.);
#4066=EDGE_CURVE('',#3186,#3174,#1873,.T.);
#4067=EDGE_CURVE('',#3187,#3178,#1874,.T.);
#4068=EDGE_CURVE('',#3186,#3187,#1875,.T.);
#4069=EDGE_CURVE('',#3100,#3186,#1876,.T.);
#4070=EDGE_CURVE('',#3177,#3187,#1877,.T.);
#4071=EDGE_CURVE('',#3100,#3177,#1878,.T.);
#4072=EDGE_CURVE('',#3100,#3101,#1455,.T.);
#4073=EDGE_CURVE('',#3188,#3177,#1456,.T.);
#4074=EDGE_CURVE('',#3101,#3188,#1879,.T.);
#4075=EDGE_CURVE('',#3101,#3099,#1880,.T.);
#4076=EDGE_CURVE('',#3189,#3188,#1881,.T.);
#4077=EDGE_CURVE('',#3099,#3189,#1882,.T.);
#4078=EDGE_CURVE('',#3177,#3189,#1883,.T.);
#4079=EDGE_CURVE('',#3190,#3191,#1457,.T.);
#4080=EDGE_CURVE('',#3191,#3192,#1884,.T.);
#4081=EDGE_CURVE('',#3192,#3193,#1458,.T.);
#4082=EDGE_CURVE('',#3193,#3190,#1885,.T.);
#4083=EDGE_CURVE('',#3194,#3191,#1886,.T.);
#4084=EDGE_CURVE('',#3195,#3194,#1887,.T.);
#4085=EDGE_CURVE('',#3192,#3195,#1888,.T.);
#4086=EDGE_CURVE('',#3196,#3195,#1459,.T.);
#4087=EDGE_CURVE('',#3194,#3197,#1460,.T.);
#4088=EDGE_CURVE('',#3197,#3196,#1889,.T.);
#4089=EDGE_CURVE('',#3198,#3199,#1461,.T.);
#4090=EDGE_CURVE('',#3199,#3200,#1890,.T.);
#4091=EDGE_CURVE('',#3200,#3201,#1462,.T.);
#4092=EDGE_CURVE('',#3201,#3198,#1891,.T.);
#4093=EDGE_CURVE('',#3202,#3199,#1892,.T.);
#4094=EDGE_CURVE('',#3203,#3202,#1893,.T.);
#4095=EDGE_CURVE('',#3200,#3203,#1894,.T.);
#4096=EDGE_CURVE('',#3202,#3204,#1463,.T.);
#4097=EDGE_CURVE('',#3204,#3205,#1895,.T.);
#4098=EDGE_CURVE('',#3205,#3203,#1464,.T.);
#4099=EDGE_CURVE('',#3205,#3193,#1896,.T.);
#4100=EDGE_CURVE('',#3190,#3204,#1897,.T.);
#4101=EDGE_CURVE('',#3206,#3206,#1465,.T.);
#4102=EDGE_CURVE('',#3206,#3207,#1898,.T.);
#4103=EDGE_CURVE('',#3207,#3207,#1466,.T.);
#4104=EDGE_CURVE('',#3208,#3208,#1467,.T.);
#4105=EDGE_CURVE('',#3208,#3209,#1899,.T.);
#4106=EDGE_CURVE('',#3209,#3209,#1468,.T.);
#4107=EDGE_CURVE('',#3210,#3210,#1469,.T.);
#4108=EDGE_CURVE('',#3210,#3211,#1900,.T.);
#4109=EDGE_CURVE('',#3211,#3211,#1470,.T.);
#4110=EDGE_CURVE('',#3212,#3212,#1471,.T.);
#4111=EDGE_CURVE('',#3212,#3213,#1901,.T.);
#4112=EDGE_CURVE('',#3213,#3213,#1472,.T.);
#4113=EDGE_CURVE('',#3214,#3215,#25,.T.);
#4114=EDGE_CURVE('',#3215,#3216,#1902,.T.);
#4115=EDGE_CURVE('',#3216,#3217,#19,.T.);
#4116=EDGE_CURVE('',#3217,#3214,#1903,.T.);
#4117=EDGE_CURVE('',#3216,#3218,#1904,.T.);
#4118=EDGE_CURVE('',#3218,#3219,#20,.T.);
#4119=EDGE_CURVE('',#3219,#3217,#1905,.T.);
#4120=EDGE_CURVE('',#3220,#3221,#26,.T.);
#4121=EDGE_CURVE('',#3221,#3222,#1906,.T.);
#4122=EDGE_CURVE('',#3222,#3223,#21,.T.);
#4123=EDGE_CURVE('',#3223,#3220,#1907,.T.);
#4124=EDGE_CURVE('',#3222,#3224,#1908,.T.);
#4125=EDGE_CURVE('',#3224,#3225,#22,.T.);
#4126=EDGE_CURVE('',#3225,#3223,#1909,.T.);
#4127=EDGE_CURVE('',#3226,#3225,#1910,.T.);
#4128=EDGE_CURVE('',#3224,#3227,#1911,.T.);
#4129=EDGE_CURVE('',#3227,#3226,#23,.T.);
#4130=EDGE_CURVE('',#3228,#3229,#27,.T.);
#4131=EDGE_CURVE('',#3229,#3221,#1912,.T.);
#4132=EDGE_CURVE('',#3220,#3228,#1913,.T.);
#4133=EDGE_CURVE('',#3218,#3229,#1914,.T.);
#4134=EDGE_CURVE('',#3228,#3219,#1915,.T.);
#4135=EDGE_CURVE('',#3230,#3226,#1916,.T.);
#4136=EDGE_CURVE('',#3227,#3231,#1917,.T.);
#4137=EDGE_CURVE('',#3231,#3230,#24,.T.);
#4138=EDGE_CURVE('',#3231,#3215,#1918,.T.);
#4139=EDGE_CURVE('',#3214,#3230,#1919,.T.);
#4140=EDGE_CURVE('',#3232,#3217,#1920,.T.);
#4141=EDGE_CURVE('',#3232,#3233,#1921,.T.);
#4142=EDGE_CURVE('',#3233,#3214,#1922,.T.);
#4143=EDGE_CURVE('',#3234,#3219,#1923,.T.);
#4144=EDGE_CURVE('',#3234,#3232,#1924,.T.);
#4145=EDGE_CURVE('',#3235,#3228,#1925,.T.);
#4146=EDGE_CURVE('',#3235,#3234,#1926,.T.);
#4147=EDGE_CURVE('',#3236,#3220,#1927,.T.);
#4148=EDGE_CURVE('',#3236,#3235,#1928,.T.);
#4149=EDGE_CURVE('',#3237,#3223,#1929,.T.);
#4150=EDGE_CURVE('',#3236,#3237,#1930,.T.);
#4151=EDGE_CURVE('',#3238,#3239,#1931,.T.);
#4152=EDGE_CURVE('',#3239,#3240,#1932,.T.);
#4153=EDGE_CURVE('',#3240,#3241,#1933,.T.);
#4154=EDGE_CURVE('',#3241,#3238,#1934,.T.);
#4155=EDGE_CURVE('',#3242,#3243,#1935,.T.);
#4156=EDGE_CURVE('',#3243,#3244,#1936,.T.);
#4157=EDGE_CURVE('',#3244,#3245,#1937,.T.);
#4158=EDGE_CURVE('',#3245,#3242,#1938,.T.);
#4159=EDGE_CURVE('',#3246,#3247,#1939,.T.);
#4160=EDGE_CURVE('',#3247,#3248,#1940,.T.);
#4161=EDGE_CURVE('',#3248,#3249,#1941,.T.);
#4162=EDGE_CURVE('',#3249,#3246,#1942,.T.);
#4163=EDGE_CURVE('',#3250,#3251,#1943,.T.);
#4164=EDGE_CURVE('',#3251,#3252,#1944,.T.);
#4165=EDGE_CURVE('',#3252,#3253,#1945,.T.);
#4166=EDGE_CURVE('',#3253,#3250,#1946,.T.);
#4167=EDGE_CURVE('',#3254,#3255,#1947,.T.);
#4168=EDGE_CURVE('',#3255,#3256,#1948,.T.);
#4169=EDGE_CURVE('',#3256,#3257,#1949,.T.);
#4170=EDGE_CURVE('',#3257,#3254,#1950,.T.);
#4171=EDGE_CURVE('',#3258,#3259,#1951,.T.);
#4172=EDGE_CURVE('',#3259,#3260,#1952,.T.);
#4173=EDGE_CURVE('',#3260,#3261,#1953,.T.);
#4174=EDGE_CURVE('',#3261,#3258,#1954,.T.);
#4175=EDGE_CURVE('',#3262,#3263,#1955,.T.);
#4176=EDGE_CURVE('',#3263,#3264,#1956,.T.);
#4177=EDGE_CURVE('',#3264,#3265,#1957,.T.);
#4178=EDGE_CURVE('',#3265,#3262,#1958,.T.);
#4179=EDGE_CURVE('',#3266,#3267,#1959,.T.);
#4180=EDGE_CURVE('',#3267,#3268,#1960,.T.);
#4181=EDGE_CURVE('',#3268,#3269,#1961,.T.);
#4182=EDGE_CURVE('',#3269,#3266,#1962,.T.);
#4183=EDGE_CURVE('',#3270,#3271,#1963,.T.);
#4184=EDGE_CURVE('',#3271,#3272,#1964,.T.);
#4185=EDGE_CURVE('',#3272,#3273,#1965,.T.);
#4186=EDGE_CURVE('',#3273,#3270,#1966,.T.);
#4187=EDGE_CURVE('',#3274,#3275,#1967,.T.);
#4188=EDGE_CURVE('',#3275,#3276,#1968,.T.);
#4189=EDGE_CURVE('',#3276,#3277,#1969,.T.);
#4190=EDGE_CURVE('',#3277,#3274,#1970,.T.);
#4191=EDGE_CURVE('',#3278,#3279,#1971,.T.);
#4192=EDGE_CURVE('',#3279,#3280,#1972,.T.);
#4193=EDGE_CURVE('',#3280,#3281,#1973,.T.);
#4194=EDGE_CURVE('',#3281,#3278,#1974,.T.);
#4195=EDGE_CURVE('',#3282,#3283,#1975,.T.);
#4196=EDGE_CURVE('',#3283,#3284,#1976,.T.);
#4197=EDGE_CURVE('',#3284,#3285,#1977,.T.);
#4198=EDGE_CURVE('',#3285,#3282,#1978,.T.);
#4199=EDGE_CURVE('',#3286,#3287,#1979,.T.);
#4200=EDGE_CURVE('',#3287,#3288,#1980,.T.);
#4201=EDGE_CURVE('',#3288,#3289,#1981,.T.);
#4202=EDGE_CURVE('',#3289,#3286,#1982,.T.);
#4203=EDGE_CURVE('',#3290,#3291,#1983,.T.);
#4204=EDGE_CURVE('',#3291,#3292,#1984,.T.);
#4205=EDGE_CURVE('',#3292,#3293,#1985,.T.);
#4206=EDGE_CURVE('',#3293,#3290,#1986,.T.);
#4207=EDGE_CURVE('',#3294,#3295,#1987,.T.);
#4208=EDGE_CURVE('',#3295,#3296,#1988,.T.);
#4209=EDGE_CURVE('',#3296,#3297,#1989,.T.);
#4210=EDGE_CURVE('',#3297,#3294,#1990,.T.);
#4211=EDGE_CURVE('',#3298,#3299,#1991,.T.);
#4212=EDGE_CURVE('',#3299,#3300,#1992,.T.);
#4213=EDGE_CURVE('',#3300,#3301,#1993,.T.);
#4214=EDGE_CURVE('',#3301,#3298,#1994,.T.);
#4215=EDGE_CURVE('',#3302,#3302,#1473,.T.);
#4216=EDGE_CURVE('',#3198,#3197,#1995,.T.);
#4217=EDGE_CURVE('',#3196,#3201,#1996,.T.);
#4218=EDGE_CURVE('',#3303,#3303,#1474,.T.);
#4219=EDGE_CURVE('',#3303,#3302,#1997,.T.);
#4220=EDGE_CURVE('',#3304,#3305,#1998,.T.);
#4221=EDGE_CURVE('',#3304,#3301,#1999,.T.);
#4222=EDGE_CURVE('',#3305,#3300,#2000,.T.);
#4223=EDGE_CURVE('',#3305,#3306,#2001,.T.);
#4224=EDGE_CURVE('',#3306,#3299,#2002,.T.);
#4225=EDGE_CURVE('',#3306,#3307,#2003,.T.);
#4226=EDGE_CURVE('',#3307,#3298,#2004,.T.);
#4227=EDGE_CURVE('',#3307,#3304,#2005,.T.);
#4228=EDGE_CURVE('',#3308,#3309,#2006,.T.);
#4229=EDGE_CURVE('',#3308,#3297,#2007,.T.);
#4230=EDGE_CURVE('',#3309,#3296,#2008,.T.);
#4231=EDGE_CURVE('',#3309,#3310,#2009,.T.);
#4232=EDGE_CURVE('',#3310,#3295,#2010,.T.);
#4233=EDGE_CURVE('',#3310,#3311,#2011,.T.);
#4234=EDGE_CURVE('',#3311,#3294,#2012,.T.);
#4235=EDGE_CURVE('',#3311,#3308,#2013,.T.);
#4236=EDGE_CURVE('',#3312,#3313,#2014,.T.);
#4237=EDGE_CURVE('',#3312,#3293,#2015,.T.);
#4238=EDGE_CURVE('',#3313,#3292,#2016,.T.);
#4239=EDGE_CURVE('',#3313,#3314,#2017,.T.);
#4240=EDGE_CURVE('',#3314,#3291,#2018,.T.);
#4241=EDGE_CURVE('',#3314,#3315,#2019,.T.);
#4242=EDGE_CURVE('',#3315,#3290,#2020,.T.);
#4243=EDGE_CURVE('',#3315,#3312,#2021,.T.);
#4244=EDGE_CURVE('',#3316,#3317,#2022,.T.);
#4245=EDGE_CURVE('',#3316,#3289,#2023,.T.);
#4246=EDGE_CURVE('',#3317,#3288,#2024,.T.);
#4247=EDGE_CURVE('',#3317,#3318,#2025,.T.);
#4248=EDGE_CURVE('',#3318,#3287,#2026,.T.);
#4249=EDGE_CURVE('',#3318,#3319,#2027,.T.);
#4250=EDGE_CURVE('',#3319,#3286,#2028,.T.);
#4251=EDGE_CURVE('',#3319,#3316,#2029,.T.);
#4252=EDGE_CURVE('',#3320,#3321,#2030,.T.);
#4253=EDGE_CURVE('',#3320,#3285,#2031,.T.);
#4254=EDGE_CURVE('',#3321,#3284,#2032,.T.);
#4255=EDGE_CURVE('',#3321,#3322,#2033,.T.);
#4256=EDGE_CURVE('',#3322,#3283,#2034,.T.);
#4257=EDGE_CURVE('',#3322,#3323,#2035,.T.);
#4258=EDGE_CURVE('',#3323,#3282,#2036,.T.);
#4259=EDGE_CURVE('',#3323,#3320,#2037,.T.);
#4260=EDGE_CURVE('',#3324,#3325,#2038,.T.);
#4261=EDGE_CURVE('',#3324,#3281,#2039,.T.);
#4262=EDGE_CURVE('',#3325,#3280,#2040,.T.);
#4263=EDGE_CURVE('',#3325,#3326,#2041,.T.);
#4264=EDGE_CURVE('',#3326,#3279,#2042,.T.);
#4265=EDGE_CURVE('',#3326,#3327,#2043,.T.);
#4266=EDGE_CURVE('',#3327,#3278,#2044,.T.);
#4267=EDGE_CURVE('',#3327,#3324,#2045,.T.);
#4268=EDGE_CURVE('',#3328,#3329,#2046,.T.);
#4269=EDGE_CURVE('',#3328,#3277,#2047,.T.);
#4270=EDGE_CURVE('',#3329,#3276,#2048,.T.);
#4271=EDGE_CURVE('',#3329,#3330,#2049,.T.);
#4272=EDGE_CURVE('',#3330,#3275,#2050,.T.);
#4273=EDGE_CURVE('',#3330,#3331,#2051,.T.);
#4274=EDGE_CURVE('',#3331,#3274,#2052,.T.);
#4275=EDGE_CURVE('',#3331,#3328,#2053,.T.);
#4276=EDGE_CURVE('',#3332,#3333,#2054,.T.);
#4277=EDGE_CURVE('',#3332,#3273,#2055,.T.);
#4278=EDGE_CURVE('',#3333,#3272,#2056,.T.);
#4279=EDGE_CURVE('',#3333,#3334,#2057,.T.);
#4280=EDGE_CURVE('',#3334,#3271,#2058,.T.);
#4281=EDGE_CURVE('',#3334,#3335,#2059,.T.);
#4282=EDGE_CURVE('',#3335,#3270,#2060,.T.);
#4283=EDGE_CURVE('',#3335,#3332,#2061,.T.);
#4284=EDGE_CURVE('',#3336,#3337,#2062,.T.);
#4285=EDGE_CURVE('',#3336,#3269,#2063,.T.);
#4286=EDGE_CURVE('',#3337,#3268,#2064,.T.);
#4287=EDGE_CURVE('',#3337,#3338,#2065,.T.);
#4288=EDGE_CURVE('',#3338,#3267,#2066,.T.);
#4289=EDGE_CURVE('',#3338,#3339,#2067,.T.);
#4290=EDGE_CURVE('',#3339,#3266,#2068,.T.);
#4291=EDGE_CURVE('',#3339,#3336,#2069,.T.);
#4292=EDGE_CURVE('',#3340,#3341,#2070,.T.);
#4293=EDGE_CURVE('',#3340,#3265,#2071,.T.);
#4294=EDGE_CURVE('',#3341,#3264,#2072,.T.);
#4295=EDGE_CURVE('',#3341,#3342,#2073,.T.);
#4296=EDGE_CURVE('',#3342,#3263,#2074,.T.);
#4297=EDGE_CURVE('',#3342,#3343,#2075,.T.);
#4298=EDGE_CURVE('',#3343,#3262,#2076,.T.);
#4299=EDGE_CURVE('',#3343,#3340,#2077,.T.);
#4300=EDGE_CURVE('',#3344,#3345,#2078,.T.);
#4301=EDGE_CURVE('',#3344,#3261,#2079,.T.);
#4302=EDGE_CURVE('',#3345,#3260,#2080,.T.);
#4303=EDGE_CURVE('',#3345,#3346,#2081,.T.);
#4304=EDGE_CURVE('',#3346,#3259,#2082,.T.);
#4305=EDGE_CURVE('',#3346,#3347,#2083,.T.);
#4306=EDGE_CURVE('',#3347,#3258,#2084,.T.);
#4307=EDGE_CURVE('',#3347,#3344,#2085,.T.);
#4308=EDGE_CURVE('',#3348,#3349,#2086,.T.);
#4309=EDGE_CURVE('',#3348,#3257,#2087,.T.);
#4310=EDGE_CURVE('',#3349,#3256,#2088,.T.);
#4311=EDGE_CURVE('',#3349,#3350,#2089,.T.);
#4312=EDGE_CURVE('',#3350,#3255,#2090,.T.);
#4313=EDGE_CURVE('',#3350,#3351,#2091,.T.);
#4314=EDGE_CURVE('',#3351,#3254,#2092,.T.);
#4315=EDGE_CURVE('',#3351,#3348,#2093,.T.);
#4316=EDGE_CURVE('',#3352,#3353,#2094,.T.);
#4317=EDGE_CURVE('',#3352,#3253,#2095,.T.);
#4318=EDGE_CURVE('',#3353,#3252,#2096,.T.);
#4319=EDGE_CURVE('',#3353,#3354,#2097,.T.);
#4320=EDGE_CURVE('',#3354,#3251,#2098,.T.);
#4321=EDGE_CURVE('',#3354,#3355,#2099,.T.);
#4322=EDGE_CURVE('',#3355,#3250,#2100,.T.);
#4323=EDGE_CURVE('',#3355,#3352,#2101,.T.);
#4324=EDGE_CURVE('',#3356,#3357,#2102,.T.);
#4325=EDGE_CURVE('',#3356,#3249,#2103,.T.);
#4326=EDGE_CURVE('',#3357,#3248,#2104,.T.);
#4327=EDGE_CURVE('',#3357,#3358,#2105,.T.);
#4328=EDGE_CURVE('',#3358,#3247,#2106,.T.);
#4329=EDGE_CURVE('',#3358,#3359,#2107,.T.);
#4330=EDGE_CURVE('',#3359,#3246,#2108,.T.);
#4331=EDGE_CURVE('',#3359,#3356,#2109,.T.);
#4332=EDGE_CURVE('',#3360,#3361,#2110,.T.);
#4333=EDGE_CURVE('',#3360,#3245,#2111,.T.);
#4334=EDGE_CURVE('',#3361,#3244,#2112,.T.);
#4335=EDGE_CURVE('',#3361,#3362,#2113,.T.);
#4336=EDGE_CURVE('',#3362,#3243,#2114,.T.);
#4337=EDGE_CURVE('',#3362,#3363,#2115,.T.);
#4338=EDGE_CURVE('',#3363,#3242,#2116,.T.);
#4339=EDGE_CURVE('',#3363,#3360,#2117,.T.);
#4340=EDGE_CURVE('',#3364,#3365,#2118,.T.);
#4341=EDGE_CURVE('',#3364,#3241,#2119,.T.);
#4342=EDGE_CURVE('',#3365,#3240,#2120,.T.);
#4343=EDGE_CURVE('',#3365,#3366,#2121,.T.);
#4344=EDGE_CURVE('',#3366,#3239,#2122,.T.);
#4345=EDGE_CURVE('',#3366,#3367,#2123,.T.);
#4346=EDGE_CURVE('',#3367,#3238,#2124,.T.);
#4347=EDGE_CURVE('',#3367,#3364,#2125,.T.);
#4348=EDGE_CURVE('',#3368,#3369,#2126,.T.);
#4349=EDGE_CURVE('',#3369,#3370,#2127,.T.);
#4350=EDGE_CURVE('',#3370,#3371,#2128,.T.);
#4351=EDGE_CURVE('',#3371,#3372,#2129,.T.);
#4352=EDGE_CURVE('',#3372,#3373,#2130,.T.);
#4353=EDGE_CURVE('',#3373,#3368,#2131,.T.);
#4354=EDGE_CURVE('',#3374,#3375,#2132,.T.);
#4355=EDGE_CURVE('',#3375,#3369,#2133,.T.);
#4356=EDGE_CURVE('',#3374,#3368,#2134,.T.);
#4357=EDGE_CURVE('',#3376,#3374,#2135,.T.);
#4358=EDGE_CURVE('',#3376,#3373,#2136,.T.);
#4359=EDGE_CURVE('',#3377,#3376,#2137,.T.);
#4360=EDGE_CURVE('',#3377,#3372,#2138,.T.);
#4361=EDGE_CURVE('',#3378,#3377,#2139,.T.);
#4362=EDGE_CURVE('',#3378,#3371,#2140,.T.);
#4363=EDGE_CURVE('',#3379,#3378,#2141,.T.);
#4364=EDGE_CURVE('',#3379,#3370,#2142,.T.);
#4365=EDGE_CURVE('',#3375,#3379,#2143,.T.);
#4366=EDGE_CURVE('',#3380,#3225,#2144,.T.);
#4367=EDGE_CURVE('',#3237,#3380,#2145,.T.);
#4368=EDGE_CURVE('',#3381,#3226,#2146,.T.);
#4369=EDGE_CURVE('',#3381,#3380,#2147,.T.);
#4370=EDGE_CURVE('',#3382,#3230,#2148,.T.);
#4371=EDGE_CURVE('',#3382,#3381,#2149,.T.);
#4372=EDGE_CURVE('',#3233,#3382,#2150,.T.);
#4373=EDGE_CURVE('',#3383,#3384,#28,.T.);
#4374=EDGE_CURVE('',#3385,#3383,#2151,.T.);
#4375=EDGE_CURVE('',#3386,#3385,#29,.T.);
#4376=EDGE_CURVE('',#3387,#3386,#1475,.T.);
#4377=EDGE_CURVE('',#3387,#3388,#2152,.T.);
#4378=EDGE_CURVE('',#3384,#3388,#1476,.T.);
#4379=EDGE_CURVE('',#3389,#3386,#30,.T.);
#4380=EDGE_CURVE('',#3389,#3390,#1477,.T.);
#4381=EDGE_CURVE('',#3390,#3387,#2153,.T.);
#4382=EDGE_CURVE('',#3384,#3391,#31,.T.);
#4383=EDGE_CURVE('',#3388,#3392,#2154,.T.);
#4384=EDGE_CURVE('',#3392,#3391,#1478,.T.);
#4385=EDGE_CURVE('',#3391,#3393,#32,.T.);
#4386=EDGE_CURVE('',#3390,#3392,#2155,.T.);
#4387=EDGE_CURVE('',#3394,#3389,#33,.T.);
#4388=EDGE_CURVE('',#3393,#3394,#2156,.T.);
#4389=EDGE_CURVE('',#3395,#3395,#1479,.T.);
#4390=EDGE_CURVE('',#3395,#3396,#1480,.T.);
#4391=EDGE_CURVE('',#3397,#3396,#34,.T.);
#4392=EDGE_CURVE('',#3398,#3397,#35,.T.);
#4393=EDGE_CURVE('',#3398,#3399,#1481,.T.);
#4394=EDGE_CURVE('',#3400,#3399,#36,.T.);
#4395=EDGE_CURVE('',#3401,#3400,#37,.T.);
#4396=EDGE_CURVE('',#3402,#3401,#38,.T.);
#4397=EDGE_CURVE('',#3402,#3403,#1482,.T.);
#4398=EDGE_CURVE('',#3403,#3404,#39,.T.);
#4399=EDGE_CURVE('',#3404,#3405,#40,.T.);
#4400=EDGE_CURVE('',#3405,#3406,#41,.T.);
#4401=EDGE_CURVE('',#3406,#3407,#1483,.T.);
#4402=EDGE_CURVE('',#3407,#3408,#42,.T.);
#4403=EDGE_CURVE('',#3408,#3409,#43,.T.);
#4404=EDGE_CURVE('',#3409,#3410,#44,.T.);
#4405=EDGE_CURVE('',#3410,#3411,#1484,.T.);
#4406=EDGE_CURVE('',#3411,#3412,#45,.T.);
#4407=EDGE_CURVE('',#3412,#3413,#46,.T.);
#4408=EDGE_CURVE('',#3413,#3414,#47,.T.);
#4409=EDGE_CURVE('',#3414,#3415,#1485,.T.);
#4410=EDGE_CURVE('',#3415,#3416,#48,.T.);
#4411=EDGE_CURVE('',#3416,#3417,#49,.T.);
#4412=EDGE_CURVE('',#3417,#3418,#50,.T.);
#4413=EDGE_CURVE('',#3418,#3419,#1486,.T.);
#4414=EDGE_CURVE('',#3419,#3420,#51,.T.);
#4415=EDGE_CURVE('',#3420,#3421,#52,.T.);
#4416=EDGE_CURVE('',#3421,#3422,#53,.T.);
#4417=EDGE_CURVE('',#3422,#3423,#1487,.T.);
#4418=EDGE_CURVE('',#3423,#3424,#54,.T.);
#4419=EDGE_CURVE('',#3424,#3425,#55,.T.);
#4420=EDGE_CURVE('',#3425,#3426,#56,.T.);
#4421=EDGE_CURVE('',#3426,#3427,#1488,.T.);
#4422=EDGE_CURVE('',#3427,#3428,#57,.T.);
#4423=EDGE_CURVE('',#3428,#3429,#58,.T.);
#4424=EDGE_CURVE('',#3429,#3430,#59,.T.);
#4425=EDGE_CURVE('',#3430,#3431,#1489,.T.);
#4426=EDGE_CURVE('',#3431,#3432,#60,.T.);
#4427=EDGE_CURVE('',#3432,#3433,#61,.T.);
#4428=EDGE_CURVE('',#3433,#3434,#62,.T.);
#4429=EDGE_CURVE('',#3434,#3435,#1490,.T.);
#4430=EDGE_CURVE('',#3435,#3436,#63,.T.);
#4431=EDGE_CURVE('',#3436,#3437,#64,.T.);
#4432=EDGE_CURVE('',#3437,#3438,#65,.T.);
#4433=EDGE_CURVE('',#3438,#3439,#1491,.T.);
#4434=EDGE_CURVE('',#3439,#3440,#66,.T.);
#4435=EDGE_CURVE('',#3440,#3441,#67,.T.);
#4436=EDGE_CURVE('',#3441,#3442,#68,.T.);
#4437=EDGE_CURVE('',#3442,#3443,#1492,.T.);
#4438=EDGE_CURVE('',#3443,#3444,#69,.T.);
#4439=EDGE_CURVE('',#3444,#3445,#70,.T.);
#4440=EDGE_CURVE('',#3445,#3446,#71,.T.);
#4441=EDGE_CURVE('',#3446,#3447,#1493,.T.);
#4442=EDGE_CURVE('',#3447,#3448,#72,.T.);
#4443=EDGE_CURVE('',#3448,#3449,#73,.T.);
#4444=EDGE_CURVE('',#3449,#3450,#74,.T.);
#4445=EDGE_CURVE('',#3450,#3451,#1494,.T.);
#4446=EDGE_CURVE('',#3451,#3452,#75,.T.);
#4447=EDGE_CURVE('',#3452,#3453,#76,.T.);
#4448=EDGE_CURVE('',#3453,#3454,#77,.T.);
#4449=EDGE_CURVE('',#3454,#3455,#1495,.T.);
#4450=EDGE_CURVE('',#3455,#3456,#78,.T.);
#4451=EDGE_CURVE('',#3456,#3457,#79,.T.);
#4452=EDGE_CURVE('',#3457,#3458,#80,.T.);
#4453=EDGE_CURVE('',#3458,#3459,#1496,.T.);
#4454=EDGE_CURVE('',#3459,#3460,#81,.T.);
#4455=EDGE_CURVE('',#3460,#3461,#82,.T.);
#4456=EDGE_CURVE('',#3461,#3462,#83,.T.);
#4457=EDGE_CURVE('',#3462,#3463,#1497,.T.);
#4458=EDGE_CURVE('',#3463,#3464,#84,.T.);
#4459=EDGE_CURVE('',#3464,#3465,#85,.T.);
#4460=EDGE_CURVE('',#3465,#3466,#86,.T.);
#4461=EDGE_CURVE('',#3466,#3467,#1498,.T.);
#4462=EDGE_CURVE('',#3467,#3468,#87,.T.);
#4463=EDGE_CURVE('',#3468,#3469,#88,.T.);
#4464=EDGE_CURVE('',#3469,#3470,#89,.T.);
#4465=EDGE_CURVE('',#3470,#3471,#1499,.T.);
#4466=EDGE_CURVE('',#3471,#3472,#90,.T.);
#4467=EDGE_CURVE('',#3472,#3473,#91,.T.);
#4468=EDGE_CURVE('',#3473,#3474,#92,.T.);
#4469=EDGE_CURVE('',#3474,#3475,#1500,.T.);
#4470=EDGE_CURVE('',#3475,#3476,#93,.T.);
#4471=EDGE_CURVE('',#3476,#3477,#94,.T.);
#4472=EDGE_CURVE('',#3477,#3478,#95,.T.);
#4473=EDGE_CURVE('',#3478,#3479,#1501,.T.);
#4474=EDGE_CURVE('',#3479,#3480,#96,.T.);
#4475=EDGE_CURVE('',#3480,#3481,#97,.T.);
#4476=EDGE_CURVE('',#3481,#3482,#98,.T.);
#4477=EDGE_CURVE('',#3482,#3483,#1502,.T.);
#4478=EDGE_CURVE('',#3484,#3483,#99,.T.);
#4479=EDGE_CURVE('',#3485,#3484,#100,.T.);
#4480=EDGE_CURVE('',#3486,#3485,#101,.T.);
#4481=EDGE_CURVE('',#3486,#3487,#1503,.T.);
#4482=EDGE_CURVE('',#3488,#3487,#102,.T.);
#4483=EDGE_CURVE('',#3489,#3488,#103,.T.);
#4484=EDGE_CURVE('',#3490,#3489,#104,.T.);
#4485=EDGE_CURVE('',#3490,#3491,#1504,.T.);
#4486=EDGE_CURVE('',#3492,#3491,#105,.T.);
#4487=EDGE_CURVE('',#3493,#3492,#106,.T.);
#4488=EDGE_CURVE('',#3494,#3493,#107,.T.);
#4489=EDGE_CURVE('',#3494,#3495,#1505,.T.);
#4490=EDGE_CURVE('',#3496,#3495,#108,.T.);
#4491=EDGE_CURVE('',#3497,#3496,#109,.T.);
#4492=EDGE_CURVE('',#3498,#3497,#110,.T.);
#4493=EDGE_CURVE('',#3498,#3499,#1506,.T.);
#4494=EDGE_CURVE('',#3499,#3500,#111,.T.);
#4495=EDGE_CURVE('',#3500,#3501,#112,.T.);
#4496=EDGE_CURVE('',#3501,#3502,#113,.T.);
#4497=EDGE_CURVE('',#3502,#3503,#1507,.T.);
#4498=EDGE_CURVE('',#3503,#3504,#114,.T.);
#4499=EDGE_CURVE('',#3504,#3505,#115,.T.);
#4500=EDGE_CURVE('',#3505,#3506,#116,.T.);
#4501=EDGE_CURVE('',#3506,#3507,#1508,.T.);
#4502=EDGE_CURVE('',#3507,#3508,#117,.T.);
#4503=EDGE_CURVE('',#3508,#3509,#118,.T.);
#4504=EDGE_CURVE('',#3509,#3510,#119,.T.);
#4505=EDGE_CURVE('',#3510,#3511,#1509,.T.);
#4506=EDGE_CURVE('',#3511,#3512,#120,.T.);
#4507=EDGE_CURVE('',#3512,#3513,#121,.T.);
#4508=EDGE_CURVE('',#3513,#3514,#122,.T.);
#4509=EDGE_CURVE('',#3514,#3515,#1510,.T.);
#4510=EDGE_CURVE('',#3515,#3516,#123,.T.);
#4511=EDGE_CURVE('',#3516,#3517,#124,.T.);
#4512=EDGE_CURVE('',#3517,#3518,#125,.T.);
#4513=EDGE_CURVE('',#3518,#3519,#1511,.T.);
#4514=EDGE_CURVE('',#3519,#3520,#126,.T.);
#4515=EDGE_CURVE('',#3520,#3521,#127,.T.);
#4516=EDGE_CURVE('',#3521,#3522,#128,.T.);
#4517=EDGE_CURVE('',#3522,#3523,#1512,.T.);
#4518=EDGE_CURVE('',#3523,#3524,#129,.T.);
#4519=EDGE_CURVE('',#3524,#3525,#130,.T.);
#4520=EDGE_CURVE('',#3525,#3526,#131,.T.);
#4521=EDGE_CURVE('',#3526,#3527,#1513,.T.);
#4522=EDGE_CURVE('',#3527,#3528,#132,.T.);
#4523=EDGE_CURVE('',#3528,#3529,#133,.T.);
#4524=EDGE_CURVE('',#3529,#3530,#134,.T.);
#4525=EDGE_CURVE('',#3530,#3531,#1514,.T.);
#4526=EDGE_CURVE('',#3531,#3532,#135,.T.);
#4527=EDGE_CURVE('',#3532,#3533,#136,.T.);
#4528=EDGE_CURVE('',#3533,#3534,#137,.T.);
#4529=EDGE_CURVE('',#3534,#3535,#1515,.T.);
#4530=EDGE_CURVE('',#3535,#3536,#138,.T.);
#4531=EDGE_CURVE('',#3536,#3537,#139,.T.);
#4532=EDGE_CURVE('',#3537,#3538,#140,.T.);
#4533=EDGE_CURVE('',#3538,#3383,#1516,.T.);
#4534=EDGE_CURVE('',#3393,#3539,#1517,.T.);
#4535=EDGE_CURVE('',#3539,#3540,#141,.T.);
#4536=EDGE_CURVE('',#3540,#3541,#142,.T.);
#4537=EDGE_CURVE('',#3541,#3542,#143,.T.);
#4538=EDGE_CURVE('',#3542,#3543,#1518,.T.);
#4539=EDGE_CURVE('',#3543,#3544,#144,.T.);
#4540=EDGE_CURVE('',#3544,#3545,#145,.T.);
#4541=EDGE_CURVE('',#3545,#3546,#146,.T.);
#4542=EDGE_CURVE('',#3546,#3547,#1519,.T.);
#4543=EDGE_CURVE('',#3547,#3548,#147,.T.);
#4544=EDGE_CURVE('',#3548,#3549,#148,.T.);
#4545=EDGE_CURVE('',#3549,#3550,#149,.T.);
#4546=EDGE_CURVE('',#3550,#3551,#1520,.T.);
#4547=EDGE_CURVE('',#3551,#3552,#150,.T.);
#4548=EDGE_CURVE('',#3552,#3553,#151,.T.);
#4549=EDGE_CURVE('',#3553,#3554,#152,.T.);
#4550=EDGE_CURVE('',#3554,#3555,#1521,.T.);
#4551=EDGE_CURVE('',#3555,#3556,#153,.T.);
#4552=EDGE_CURVE('',#3556,#3557,#154,.T.);
#4553=EDGE_CURVE('',#3557,#3558,#155,.T.);
#4554=EDGE_CURVE('',#3558,#3559,#1522,.T.);
#4555=EDGE_CURVE('',#3560,#3559,#156,.T.);
#4556=EDGE_CURVE('',#3561,#3560,#157,.T.);
#4557=EDGE_CURVE('',#3562,#3561,#158,.T.);
#4558=EDGE_CURVE('',#3562,#3563,#1523,.T.);
#4559=EDGE_CURVE('',#3564,#3563,#159,.T.);
#4560=EDGE_CURVE('',#3565,#3564,#160,.T.);
#4561=EDGE_CURVE('',#3566,#3565,#161,.T.);
#4562=EDGE_CURVE('',#3566,#3567,#1524,.T.);
#4563=EDGE_CURVE('',#3568,#3567,#162,.T.);
#4564=EDGE_CURVE('',#3569,#3568,#163,.T.);
#4565=EDGE_CURVE('',#3570,#3569,#164,.T.);
#4566=EDGE_CURVE('',#3570,#3571,#1525,.T.);
#4567=EDGE_CURVE('',#3572,#3571,#165,.T.);
#4568=EDGE_CURVE('',#3396,#3572,#166,.T.);
#4569=EDGE_CURVE('',#3573,#3394,#1526,.T.);
#4570=EDGE_CURVE('',#3573,#3539,#2157,.T.);
#4571=EDGE_CURVE('',#3574,#3574,#1527,.T.);
#4572=EDGE_CURVE('',#3574,#3575,#1528,.T.);
#4573=EDGE_CURVE('',#3575,#3576,#1529,.T.);
#4574=EDGE_CURVE('',#3577,#3576,#167,.T.);
#4575=EDGE_CURVE('',#3578,#3577,#168,.T.);
#4576=EDGE_CURVE('',#3579,#3578,#169,.T.);
#4577=EDGE_CURVE('',#3579,#3580,#1530,.T.);
#4578=EDGE_CURVE('',#3580,#3581,#170,.T.);
#4579=EDGE_CURVE('',#3581,#3582,#171,.T.);
#4580=EDGE_CURVE('',#3582,#3583,#172,.T.);
#4581=EDGE_CURVE('',#3583,#3584,#1531,.T.);
#4582=EDGE_CURVE('',#3584,#3585,#173,.T.);
#4583=EDGE_CURVE('',#3585,#3586,#174,.T.);
#4584=EDGE_CURVE('',#3586,#3587,#175,.T.);
#4585=EDGE_CURVE('',#3587,#3588,#1532,.T.);
#4586=EDGE_CURVE('',#3588,#3589,#176,.T.);
#4587=EDGE_CURVE('',#3589,#3590,#177,.T.);
#4588=EDGE_CURVE('',#3590,#3591,#178,.T.);
#4589=EDGE_CURVE('',#3591,#3592,#1533,.T.);
#4590=EDGE_CURVE('',#3592,#3593,#179,.T.);
#4591=EDGE_CURVE('',#3593,#3594,#180,.T.);
#4592=EDGE_CURVE('',#3594,#3595,#181,.T.);
#4593=EDGE_CURVE('',#3595,#3596,#1534,.T.);
#4594=EDGE_CURVE('',#3596,#3597,#182,.T.);
#4595=EDGE_CURVE('',#3597,#3598,#183,.T.);
#4596=EDGE_CURVE('',#3598,#3599,#184,.T.);
#4597=EDGE_CURVE('',#3599,#3600,#1535,.T.);
#4598=EDGE_CURVE('',#3600,#3601,#185,.T.);
#4599=EDGE_CURVE('',#3601,#3602,#186,.T.);
#4600=EDGE_CURVE('',#3602,#3603,#187,.T.);
#4601=EDGE_CURVE('',#3603,#3604,#1536,.T.);
#4602=EDGE_CURVE('',#3604,#3605,#188,.T.);
#4603=EDGE_CURVE('',#3605,#3606,#189,.T.);
#4604=EDGE_CURVE('',#3606,#3607,#190,.T.);
#4605=EDGE_CURVE('',#3607,#3608,#1537,.T.);
#4606=EDGE_CURVE('',#3608,#3609,#191,.T.);
#4607=EDGE_CURVE('',#3609,#3610,#192,.T.);
#4608=EDGE_CURVE('',#3610,#3611,#193,.T.);
#4609=EDGE_CURVE('',#3611,#3612,#1538,.T.);
#4610=EDGE_CURVE('',#3612,#3613,#194,.T.);
#4611=EDGE_CURVE('',#3613,#3614,#195,.T.);
#4612=EDGE_CURVE('',#3614,#3615,#196,.T.);
#4613=EDGE_CURVE('',#3615,#3616,#1539,.T.);
#4614=EDGE_CURVE('',#3616,#3617,#197,.T.);
#4615=EDGE_CURVE('',#3617,#3618,#198,.T.);
#4616=EDGE_CURVE('',#3618,#3619,#199,.T.);
#4617=EDGE_CURVE('',#3619,#3620,#1540,.T.);
#4618=EDGE_CURVE('',#3620,#3621,#200,.T.);
#4619=EDGE_CURVE('',#3621,#3622,#201,.T.);
#4620=EDGE_CURVE('',#3622,#3623,#202,.T.);
#4621=EDGE_CURVE('',#3623,#3624,#1541,.T.);
#4622=EDGE_CURVE('',#3624,#3625,#203,.T.);
#4623=EDGE_CURVE('',#3625,#3626,#204,.T.);
#4624=EDGE_CURVE('',#3626,#3627,#205,.T.);
#4625=EDGE_CURVE('',#3627,#3628,#1542,.T.);
#4626=EDGE_CURVE('',#3628,#3629,#206,.T.);
#4627=EDGE_CURVE('',#3629,#3630,#207,.T.);
#4628=EDGE_CURVE('',#3630,#3631,#208,.T.);
#4629=EDGE_CURVE('',#3631,#3632,#1543,.T.);
#4630=EDGE_CURVE('',#3632,#3633,#209,.T.);
#4631=EDGE_CURVE('',#3633,#3634,#210,.T.);
#4632=EDGE_CURVE('',#3634,#3635,#211,.T.);
#4633=EDGE_CURVE('',#3635,#3636,#1544,.T.);
#4634=EDGE_CURVE('',#3636,#3637,#212,.T.);
#4635=EDGE_CURVE('',#3637,#3638,#213,.T.);
#4636=EDGE_CURVE('',#3638,#3639,#214,.T.);
#4637=EDGE_CURVE('',#3639,#3640,#1545,.T.);
#4638=EDGE_CURVE('',#3640,#3641,#215,.T.);
#4639=EDGE_CURVE('',#3641,#3642,#216,.T.);
#4640=EDGE_CURVE('',#3642,#3643,#217,.T.);
#4641=EDGE_CURVE('',#3643,#3644,#1546,.T.);
#4642=EDGE_CURVE('',#3644,#3645,#218,.T.);
#4643=EDGE_CURVE('',#3645,#3646,#219,.T.);
#4644=EDGE_CURVE('',#3646,#3647,#220,.T.);
#4645=EDGE_CURVE('',#3647,#3648,#1547,.T.);
#4646=EDGE_CURVE('',#3648,#3649,#221,.T.);
#4647=EDGE_CURVE('',#3649,#3650,#222,.T.);
#4648=EDGE_CURVE('',#3650,#3651,#223,.T.);
#4649=EDGE_CURVE('',#3651,#3652,#1548,.T.);
#4650=EDGE_CURVE('',#3652,#3653,#224,.T.);
#4651=EDGE_CURVE('',#3653,#3654,#225,.T.);
#4652=EDGE_CURVE('',#3654,#3655,#226,.T.);
#4653=EDGE_CURVE('',#3655,#3656,#1549,.T.);
#4654=EDGE_CURVE('',#3656,#3657,#227,.T.);
#4655=EDGE_CURVE('',#3657,#3658,#228,.T.);
#4656=EDGE_CURVE('',#3658,#3659,#229,.T.);
#4657=EDGE_CURVE('',#3659,#3660,#1550,.T.);
#4658=EDGE_CURVE('',#3661,#3660,#230,.T.);
#4659=EDGE_CURVE('',#3662,#3661,#231,.T.);
#4660=EDGE_CURVE('',#3663,#3662,#232,.T.);
#4661=EDGE_CURVE('',#3663,#3664,#1551,.T.);
#4662=EDGE_CURVE('',#3665,#3664,#233,.T.);
#4663=EDGE_CURVE('',#3666,#3665,#234,.T.);
#4664=EDGE_CURVE('',#3667,#3666,#235,.T.);
#4665=EDGE_CURVE('',#3667,#3668,#1552,.T.);
#4666=EDGE_CURVE('',#3669,#3668,#236,.T.);
#4667=EDGE_CURVE('',#3670,#3669,#237,.T.);
#4668=EDGE_CURVE('',#3671,#3670,#238,.T.);
#4669=EDGE_CURVE('',#3671,#3672,#1553,.T.);
#4670=EDGE_CURVE('',#3673,#3672,#239,.T.);
#4671=EDGE_CURVE('',#3674,#3673,#240,.T.);
#4672=EDGE_CURVE('',#3675,#3674,#241,.T.);
#4673=EDGE_CURVE('',#3675,#3676,#1554,.T.);
#4674=EDGE_CURVE('',#3677,#3676,#242,.T.);
#4675=EDGE_CURVE('',#3678,#3677,#243,.T.);
#4676=EDGE_CURVE('',#3679,#3678,#244,.T.);
#4677=EDGE_CURVE('',#3679,#3680,#1555,.T.);
#4678=EDGE_CURVE('',#3680,#3681,#245,.T.);
#4679=EDGE_CURVE('',#3681,#3682,#246,.T.);
#4680=EDGE_CURVE('',#3682,#3683,#247,.T.);
#4681=EDGE_CURVE('',#3683,#3684,#1556,.T.);
#4682=EDGE_CURVE('',#3684,#3685,#248,.T.);
#4683=EDGE_CURVE('',#3685,#3686,#249,.T.);
#4684=EDGE_CURVE('',#3686,#3687,#250,.T.);
#4685=EDGE_CURVE('',#3687,#3688,#1557,.T.);
#4686=EDGE_CURVE('',#3688,#3689,#251,.T.);
#4687=EDGE_CURVE('',#3689,#3690,#252,.T.);
#4688=EDGE_CURVE('',#3690,#3691,#253,.T.);
#4689=EDGE_CURVE('',#3691,#3692,#1558,.T.);
#4690=EDGE_CURVE('',#3692,#3693,#254,.T.);
#4691=EDGE_CURVE('',#3693,#3694,#255,.T.);
#4692=EDGE_CURVE('',#3694,#3695,#256,.T.);
#4693=EDGE_CURVE('',#3695,#3696,#1559,.T.);
#4694=EDGE_CURVE('',#3696,#3697,#257,.T.);
#4695=EDGE_CURVE('',#3697,#3698,#258,.T.);
#4696=EDGE_CURVE('',#3698,#3573,#259,.T.);
#4697=EDGE_CURVE('',#3385,#3699,#1560,.T.);
#4698=EDGE_CURVE('',#3699,#3700,#260,.T.);
#4699=EDGE_CURVE('',#3700,#3701,#261,.T.);
#4700=EDGE_CURVE('',#3701,#3702,#262,.T.);
#4701=EDGE_CURVE('',#3702,#3703,#1561,.T.);
#4702=EDGE_CURVE('',#3703,#3704,#263,.T.);
#4703=EDGE_CURVE('',#3704,#3705,#264,.T.);
#4704=EDGE_CURVE('',#3705,#3706,#265,.T.);
#4705=EDGE_CURVE('',#3706,#3707,#1562,.T.);
#4706=EDGE_CURVE('',#3707,#3708,#266,.T.);
#4707=EDGE_CURVE('',#3708,#3709,#267,.T.);
#4708=EDGE_CURVE('',#3709,#3710,#268,.T.);
#4709=EDGE_CURVE('',#3710,#3711,#1563,.T.);
#4710=EDGE_CURVE('',#3711,#3712,#269,.T.);
#4711=EDGE_CURVE('',#3712,#3713,#270,.T.);
#4712=EDGE_CURVE('',#3713,#3714,#271,.T.);
#4713=EDGE_CURVE('',#3714,#3715,#1564,.T.);
#4714=EDGE_CURVE('',#3715,#3716,#272,.T.);
#4715=EDGE_CURVE('',#3716,#3717,#273,.T.);
#4716=EDGE_CURVE('',#3717,#3718,#274,.T.);
#4717=EDGE_CURVE('',#3718,#3719,#1565,.T.);
#4718=EDGE_CURVE('',#3719,#3720,#275,.T.);
#4719=EDGE_CURVE('',#3720,#3721,#276,.T.);
#4720=EDGE_CURVE('',#3721,#3722,#277,.T.);
#4721=EDGE_CURVE('',#3722,#3723,#1566,.T.);
#4722=EDGE_CURVE('',#3723,#3724,#278,.T.);
#4723=EDGE_CURVE('',#3724,#3725,#279,.T.);
#4724=EDGE_CURVE('',#3725,#3726,#280,.T.);
#4725=EDGE_CURVE('',#3726,#3727,#1567,.T.);
#4726=EDGE_CURVE('',#3727,#3728,#281,.T.);
#4727=EDGE_CURVE('',#3728,#3729,#282,.T.);
#4728=EDGE_CURVE('',#3729,#3730,#283,.T.);
#4729=EDGE_CURVE('',#3730,#3731,#1568,.T.);
#4730=EDGE_CURVE('',#3731,#3732,#284,.T.);
#4731=EDGE_CURVE('',#3732,#3733,#285,.T.);
#4732=EDGE_CURVE('',#3733,#3734,#286,.T.);
#4733=EDGE_CURVE('',#3734,#3735,#1569,.T.);
#4734=EDGE_CURVE('',#3735,#3736,#287,.T.);
#4735=EDGE_CURVE('',#3736,#3737,#288,.T.);
#4736=EDGE_CURVE('',#3737,#3738,#289,.T.);
#4737=EDGE_CURVE('',#3738,#3739,#1570,.T.);
#4738=EDGE_CURVE('',#3740,#3739,#290,.T.);
#4739=EDGE_CURVE('',#3741,#3740,#291,.T.);
#4740=EDGE_CURVE('',#3742,#3741,#292,.T.);
#4741=EDGE_CURVE('',#3742,#3743,#1571,.T.);
#4742=EDGE_CURVE('',#3744,#3743,#293,.T.);
#4743=EDGE_CURVE('',#3745,#3744,#294,.T.);
#4744=EDGE_CURVE('',#3746,#3745,#295,.T.);
#4745=EDGE_CURVE('',#3746,#3747,#1572,.T.);
#4746=EDGE_CURVE('',#3748,#3747,#296,.T.);
#4747=EDGE_CURVE('',#3749,#3748,#297,.T.);
#4748=EDGE_CURVE('',#3750,#3749,#298,.T.);
#4749=EDGE_CURVE('',#3750,#3575,#1573,.T.);
#4750=EDGE_CURVE('',#3691,#3547,#2158,.T.);
#4751=EDGE_CURVE('',#3751,#3690,#1574,.T.);
#4752=EDGE_CURVE('',#3751,#3752,#2159,.T.);
#4753=EDGE_CURVE('',#3548,#3752,#1575,.T.);
#4754=EDGE_CURVE('',#3689,#3753,#1576,.T.);
#4755=EDGE_CURVE('',#3753,#3751,#2160,.T.);
#4756=EDGE_CURVE('',#3752,#3754,#2161,.T.);
#4757=EDGE_CURVE('',#3754,#3549,#1577,.T.);
#4758=EDGE_CURVE('',#3753,#3754,#2162,.T.);
#4759=EDGE_CURVE('',#3550,#3688,#2163,.T.);
#4760=EDGE_CURVE('',#3687,#3551,#2164,.T.);
#4761=EDGE_CURVE('',#3755,#3686,#1578,.T.);
#4762=EDGE_CURVE('',#3755,#3756,#2165,.T.);
#4763=EDGE_CURVE('',#3552,#3756,#1579,.T.);
#4764=EDGE_CURVE('',#3685,#3757,#1580,.T.);
#4765=EDGE_CURVE('',#3757,#3755,#2166,.T.);
#4766=EDGE_CURVE('',#3756,#3758,#2167,.T.);
#4767=EDGE_CURVE('',#3758,#3553,#1581,.T.);
#4768=EDGE_CURVE('',#3757,#3758,#2168,.T.);
#4769=EDGE_CURVE('',#3554,#3684,#2169,.T.);
#4770=EDGE_CURVE('',#3683,#3555,#2170,.T.);
#4771=EDGE_CURVE('',#3706,#3531,#2171,.T.);
#4772=EDGE_CURVE('',#3759,#3705,#1582,.T.);
#4773=EDGE_CURVE('',#3759,#3760,#2172,.T.);
#4774=EDGE_CURVE('',#3532,#3760,#1583,.T.);
#4775=EDGE_CURVE('',#3704,#3761,#1584,.T.);
#4776=EDGE_CURVE('',#3761,#3759,#2173,.T.);
#4777=EDGE_CURVE('',#3760,#3762,#2174,.T.);
#4778=EDGE_CURVE('',#3762,#3533,#1585,.T.);
#4779=EDGE_CURVE('',#3761,#3762,#2175,.T.);
#4780=EDGE_CURVE('',#3534,#3703,#2176,.T.);
#4781=EDGE_CURVE('',#3702,#3535,#2177,.T.);
#4782=EDGE_CURVE('',#3763,#3701,#1586,.T.);
#4783=EDGE_CURVE('',#3763,#3764,#2178,.T.);
#4784=EDGE_CURVE('',#3536,#3764,#1587,.T.);
#4785=EDGE_CURVE('',#3700,#3765,#1588,.T.);
#4786=EDGE_CURVE('',#3765,#3763,#2179,.T.);
#4787=EDGE_CURVE('',#3764,#3766,#2180,.T.);
#4788=EDGE_CURVE('',#3766,#3537,#1589,.T.);
#4789=EDGE_CURVE('',#3765,#3766,#2181,.T.);
#4790=EDGE_CURVE('',#3538,#3699,#2182,.T.);
#4791=EDGE_CURVE('',#3695,#3543,#2183,.T.);
#4792=EDGE_CURVE('',#3767,#3694,#1590,.T.);
#4793=EDGE_CURVE('',#3767,#3768,#2184,.T.);
#4794=EDGE_CURVE('',#3544,#3768,#1591,.T.);
#4795=EDGE_CURVE('',#3693,#3769,#1592,.T.);
#4796=EDGE_CURVE('',#3769,#3767,#2185,.T.);
#4797=EDGE_CURVE('',#3768,#3770,#2186,.T.);
#4798=EDGE_CURVE('',#3770,#3545,#1593,.T.);
#4799=EDGE_CURVE('',#3769,#3770,#2187,.T.);
#4800=EDGE_CURVE('',#3546,#3692,#2188,.T.);
#4801=EDGE_CURVE('',#3771,#3698,#1594,.T.);
#4802=EDGE_CURVE('',#3771,#3772,#2189,.T.);
#4803=EDGE_CURVE('',#3540,#3772,#1595,.T.);
#4804=EDGE_CURVE('',#3697,#3773,#1596,.T.);
#4805=EDGE_CURVE('',#3773,#3771,#2190,.T.);
#4806=EDGE_CURVE('',#3772,#3774,#2191,.T.);
#4807=EDGE_CURVE('',#3774,#3541,#1597,.T.);
#4808=EDGE_CURVE('',#3773,#3774,#2192,.T.);
#4809=EDGE_CURVE('',#3542,#3696,#2193,.T.);
#4810=EDGE_CURVE('',#3775,#3682,#1598,.T.);
#4811=EDGE_CURVE('',#3775,#3776,#2194,.T.);
#4812=EDGE_CURVE('',#3556,#3776,#1599,.T.);
#4813=EDGE_CURVE('',#3681,#3777,#1600,.T.);
#4814=EDGE_CURVE('',#3777,#3775,#2195,.T.);
#4815=EDGE_CURVE('',#3776,#3778,#2196,.T.);
#4816=EDGE_CURVE('',#3778,#3557,#1601,.T.);
#4817=EDGE_CURVE('',#3777,#3778,#2197,.T.);
#4818=EDGE_CURVE('',#3558,#3680,#2198,.T.);
#4819=EDGE_CURVE('',#3559,#3679,#2199,.T.);
#4820=EDGE_CURVE('',#3599,#3463,#2200,.T.);
#4821=EDGE_CURVE('',#3779,#3598,#1602,.T.);
#4822=EDGE_CURVE('',#3779,#3780,#2201,.T.);
#4823=EDGE_CURVE('',#3464,#3780,#1603,.T.);
#4824=EDGE_CURVE('',#3597,#3781,#1604,.T.);
#4825=EDGE_CURVE('',#3781,#3779,#2202,.T.);
#4826=EDGE_CURVE('',#3780,#3782,#2203,.T.);
#4827=EDGE_CURVE('',#3782,#3465,#1605,.T.);
#4828=EDGE_CURVE('',#3781,#3782,#2204,.T.);
#4829=EDGE_CURVE('',#3466,#3596,#2205,.T.);
#4830=EDGE_CURVE('',#3595,#3467,#2206,.T.);
#4831=EDGE_CURVE('',#3603,#3459,#2207,.T.);
#4832=EDGE_CURVE('',#3783,#3602,#1606,.T.);
#4833=EDGE_CURVE('',#3783,#3784,#2208,.T.);
#4834=EDGE_CURVE('',#3460,#3784,#1607,.T.);
#4835=EDGE_CURVE('',#3601,#3785,#1608,.T.);
#4836=EDGE_CURVE('',#3785,#3783,#2209,.T.);
#4837=EDGE_CURVE('',#3784,#3786,#2210,.T.);
#4838=EDGE_CURVE('',#3786,#3461,#1609,.T.);
#4839=EDGE_CURVE('',#3785,#3786,#2211,.T.);
#4840=EDGE_CURVE('',#3462,#3600,#2212,.T.);
#4841=EDGE_CURVE('',#3607,#3455,#2213,.T.);
#4842=EDGE_CURVE('',#3787,#3606,#1610,.T.);
#4843=EDGE_CURVE('',#3787,#3788,#2214,.T.);
#4844=EDGE_CURVE('',#3456,#3788,#1611,.T.);
#4845=EDGE_CURVE('',#3605,#3789,#1612,.T.);
#4846=EDGE_CURVE('',#3789,#3787,#2215,.T.);
#4847=EDGE_CURVE('',#3788,#3790,#2216,.T.);
#4848=EDGE_CURVE('',#3790,#3457,#1613,.T.);
#4849=EDGE_CURVE('',#3789,#3790,#2217,.T.);
#4850=EDGE_CURVE('',#3458,#3604,#2218,.T.);
#4851=EDGE_CURVE('',#3611,#3451,#2219,.T.);
#4852=EDGE_CURVE('',#3791,#3610,#1614,.T.);
#4853=EDGE_CURVE('',#3791,#3792,#2220,.T.);
#4854=EDGE_CURVE('',#3452,#3792,#1615,.T.);
#4855=EDGE_CURVE('',#3609,#3793,#1616,.T.);
#4856=EDGE_CURVE('',#3793,#3791,#2221,.T.);
#4857=EDGE_CURVE('',#3792,#3794,#2222,.T.);
#4858=EDGE_CURVE('',#3794,#3453,#1617,.T.);
#4859=EDGE_CURVE('',#3793,#3794,#2223,.T.);
#4860=EDGE_CURVE('',#3454,#3608,#2224,.T.);
#4861=EDGE_CURVE('',#3718,#3519,#2225,.T.);
#4862=EDGE_CURVE('',#3795,#3717,#1618,.T.);
#4863=EDGE_CURVE('',#3795,#3796,#2226,.T.);
#4864=EDGE_CURVE('',#3520,#3796,#1619,.T.);
#4865=EDGE_CURVE('',#3716,#3797,#1620,.T.);
#4866=EDGE_CURVE('',#3797,#3795,#2227,.T.);
#4867=EDGE_CURVE('',#3796,#3798,#2228,.T.);
#4868=EDGE_CURVE('',#3798,#3521,#1621,.T.);
#4869=EDGE_CURVE('',#3797,#3798,#2229,.T.);
#4870=EDGE_CURVE('',#3522,#3715,#2230,.T.);
#4871=EDGE_CURVE('',#3714,#3523,#2231,.T.);
#4872=EDGE_CURVE('',#3722,#3515,#2232,.T.);
#4873=EDGE_CURVE('',#3799,#3721,#1622,.T.);
#4874=EDGE_CURVE('',#3799,#3800,#2233,.T.);
#4875=EDGE_CURVE('',#3516,#3800,#1623,.T.);
#4876=EDGE_CURVE('',#3720,#3801,#1624,.T.);
#4877=EDGE_CURVE('',#3801,#3799,#2234,.T.);
#4878=EDGE_CURVE('',#3800,#3802,#2235,.T.);
#4879=EDGE_CURVE('',#3802,#3517,#1625,.T.);
#4880=EDGE_CURVE('',#3801,#3802,#2236,.T.);
#4881=EDGE_CURVE('',#3518,#3719,#2237,.T.);
#4882=EDGE_CURVE('',#3738,#3499,#2238,.T.);
#4883=EDGE_CURVE('',#3803,#3737,#1626,.T.);
#4884=EDGE_CURVE('',#3803,#3804,#2239,.T.);
#4885=EDGE_CURVE('',#3500,#3804,#1627,.T.);
#4886=EDGE_CURVE('',#3736,#3805,#1628,.T.);
#4887=EDGE_CURVE('',#3805,#3803,#2240,.T.);
#4888=EDGE_CURVE('',#3804,#3806,#2241,.T.);
#4889=EDGE_CURVE('',#3806,#3501,#1629,.T.);
#4890=EDGE_CURVE('',#3805,#3806,#2242,.T.);
#4891=EDGE_CURVE('',#3502,#3735,#2243,.T.);
#4892=EDGE_CURVE('',#3734,#3503,#2244,.T.);
#4893=EDGE_CURVE('',#3726,#3511,#2245,.T.);
#4894=EDGE_CURVE('',#3807,#3725,#1630,.T.);
#4895=EDGE_CURVE('',#3807,#3808,#2246,.T.);
#4896=EDGE_CURVE('',#3512,#3808,#1631,.T.);
#4897=EDGE_CURVE('',#3724,#3809,#1632,.T.);
#4898=EDGE_CURVE('',#3809,#3807,#2247,.T.);
#4899=EDGE_CURVE('',#3808,#3810,#2248,.T.);
#4900=EDGE_CURVE('',#3810,#3513,#1633,.T.);
#4901=EDGE_CURVE('',#3809,#3810,#2249,.T.);
#4902=EDGE_CURVE('',#3514,#3723,#2250,.T.);
#4903=EDGE_CURVE('',#3811,#3733,#1634,.T.);
#4904=EDGE_CURVE('',#3811,#3812,#2251,.T.);
#4905=EDGE_CURVE('',#3504,#3812,#1635,.T.);
#4906=EDGE_CURVE('',#3732,#3813,#1636,.T.);
#4907=EDGE_CURVE('',#3813,#3811,#2252,.T.);
#4908=EDGE_CURVE('',#3812,#3814,#2253,.T.);
#4909=EDGE_CURVE('',#3814,#3505,#1637,.T.);
#4910=EDGE_CURVE('',#3813,#3814,#2254,.T.);
#4911=EDGE_CURVE('',#3506,#3731,#2255,.T.);
#4912=EDGE_CURVE('',#3730,#3507,#2256,.T.);
#4913=EDGE_CURVE('',#3815,#3729,#1638,.T.);
#4914=EDGE_CURVE('',#3815,#3816,#2257,.T.);
#4915=EDGE_CURVE('',#3508,#3816,#1639,.T.);
#4916=EDGE_CURVE('',#3728,#3817,#1640,.T.);
#4917=EDGE_CURVE('',#3817,#3815,#2258,.T.);
#4918=EDGE_CURVE('',#3816,#3818,#2259,.T.);
#4919=EDGE_CURVE('',#3818,#3509,#1641,.T.);
#4920=EDGE_CURVE('',#3817,#3818,#2260,.T.);
#4921=EDGE_CURVE('',#3510,#3727,#2261,.T.);
#4922=EDGE_CURVE('',#3819,#3713,#1642,.T.);
#4923=EDGE_CURVE('',#3819,#3820,#2262,.T.);
#4924=EDGE_CURVE('',#3524,#3820,#1643,.T.);
#4925=EDGE_CURVE('',#3712,#3821,#1644,.T.);
#4926=EDGE_CURVE('',#3821,#3819,#2263,.T.);
#4927=EDGE_CURVE('',#3820,#3822,#2264,.T.);
#4928=EDGE_CURVE('',#3822,#3525,#1645,.T.);
#4929=EDGE_CURVE('',#3821,#3822,#2265,.T.);
#4930=EDGE_CURVE('',#3526,#3711,#2266,.T.);
#4931=EDGE_CURVE('',#3710,#3527,#2267,.T.);
#4932=EDGE_CURVE('',#3823,#3709,#1646,.T.);
#4933=EDGE_CURVE('',#3823,#3824,#2268,.T.);
#4934=EDGE_CURVE('',#3528,#3824,#1647,.T.);
#4935=EDGE_CURVE('',#3708,#3825,#1648,.T.);
#4936=EDGE_CURVE('',#3825,#3823,#2269,.T.);
#4937=EDGE_CURVE('',#3824,#3826,#2270,.T.);
#4938=EDGE_CURVE('',#3826,#3529,#1649,.T.);
#4939=EDGE_CURVE('',#3825,#3826,#2271,.T.);
#4940=EDGE_CURVE('',#3530,#3707,#2272,.T.);
#4941=EDGE_CURVE('',#3583,#3479,#2273,.T.);
#4942=EDGE_CURVE('',#3827,#3582,#1650,.T.);
#4943=EDGE_CURVE('',#3827,#3828,#2274,.T.);
#4944=EDGE_CURVE('',#3480,#3828,#1651,.T.);
#4945=EDGE_CURVE('',#3581,#3829,#1652,.T.);
#4946=EDGE_CURVE('',#3829,#3827,#2275,.T.);
#4947=EDGE_CURVE('',#3828,#3830,#2276,.T.);
#4948=EDGE_CURVE('',#3830,#3481,#1653,.T.);
#4949=EDGE_CURVE('',#3829,#3830,#2277,.T.);
#4950=EDGE_CURVE('',#3482,#3580,#2278,.T.);
#4951=EDGE_CURVE('',#3483,#3579,#2279,.T.);
#4952=EDGE_CURVE('',#3831,#3594,#1654,.T.);
#4953=EDGE_CURVE('',#3831,#3832,#2280,.T.);
#4954=EDGE_CURVE('',#3468,#3832,#1655,.T.);
#4955=EDGE_CURVE('',#3593,#3833,#1656,.T.);
#4956=EDGE_CURVE('',#3833,#3831,#2281,.T.);
#4957=EDGE_CURVE('',#3832,#3834,#2282,.T.);
#4958=EDGE_CURVE('',#3834,#3469,#1657,.T.);
#4959=EDGE_CURVE('',#3833,#3834,#2283,.T.);
#4960=EDGE_CURVE('',#3470,#3592,#2284,.T.);
#4961=EDGE_CURVE('',#3591,#3471,#2285,.T.);
#4962=EDGE_CURVE('',#3835,#3590,#1658,.T.);
#4963=EDGE_CURVE('',#3835,#3836,#2286,.T.);
#4964=EDGE_CURVE('',#3472,#3836,#1659,.T.);
#4965=EDGE_CURVE('',#3589,#3837,#1660,.T.);
#4966=EDGE_CURVE('',#3837,#3835,#2287,.T.);
#4967=EDGE_CURVE('',#3836,#3838,#2288,.T.);
#4968=EDGE_CURVE('',#3838,#3473,#1661,.T.);
#4969=EDGE_CURVE('',#3837,#3838,#2289,.T.);
#4970=EDGE_CURVE('',#3474,#3588,#2290,.T.);
#4971=EDGE_CURVE('',#3587,#3475,#2291,.T.);
#4972=EDGE_CURVE('',#3839,#3586,#1662,.T.);
#4973=EDGE_CURVE('',#3839,#3840,#2292,.T.);
#4974=EDGE_CURVE('',#3476,#3840,#1663,.T.);
#4975=EDGE_CURVE('',#3585,#3841,#1664,.T.);
#4976=EDGE_CURVE('',#3841,#3839,#2293,.T.);
#4977=EDGE_CURVE('',#3840,#3842,#2294,.T.);
#4978=EDGE_CURVE('',#3842,#3477,#1665,.T.);
#4979=EDGE_CURVE('',#3841,#3842,#2295,.T.);
#4980=EDGE_CURVE('',#3478,#3584,#2296,.T.);
#4981=EDGE_CURVE('',#3639,#3423,#2297,.T.);
#4982=EDGE_CURVE('',#3843,#3638,#1666,.T.);
#4983=EDGE_CURVE('',#3843,#3844,#2298,.T.);
#4984=EDGE_CURVE('',#3424,#3844,#1667,.T.);
#4985=EDGE_CURVE('',#3637,#3845,#1668,.T.);
#4986=EDGE_CURVE('',#3845,#3843,#2299,.T.);
#4987=EDGE_CURVE('',#3844,#3846,#2300,.T.);
#4988=EDGE_CURVE('',#3846,#3425,#1669,.T.);
#4989=EDGE_CURVE('',#3845,#3846,#2301,.T.);
#4990=EDGE_CURVE('',#3426,#3636,#2302,.T.);
#4991=EDGE_CURVE('',#3635,#3427,#2303,.T.);
#4992=EDGE_CURVE('',#3847,#3634,#1670,.T.);
#4993=EDGE_CURVE('',#3847,#3848,#2304,.T.);
#4994=EDGE_CURVE('',#3428,#3848,#1671,.T.);
#4995=EDGE_CURVE('',#3633,#3849,#1672,.T.);
#4996=EDGE_CURVE('',#3849,#3847,#2305,.T.);
#4997=EDGE_CURVE('',#3848,#3850,#2306,.T.);
#4998=EDGE_CURVE('',#3850,#3429,#1673,.T.);
#4999=EDGE_CURVE('',#3849,#3850,#2307,.T.);
#5000=EDGE_CURVE('',#3430,#3632,#2308,.T.);
#5001=EDGE_CURVE('',#3631,#3431,#2309,.T.);
#5002=EDGE_CURVE('',#3851,#3630,#1674,.T.);
#5003=EDGE_CURVE('',#3851,#3852,#2310,.T.);
#5004=EDGE_CURVE('',#3432,#3852,#1675,.T.);
#5005=EDGE_CURVE('',#3629,#3853,#1676,.T.);
#5006=EDGE_CURVE('',#3853,#3851,#2311,.T.);
#5007=EDGE_CURVE('',#3852,#3854,#2312,.T.);
#5008=EDGE_CURVE('',#3854,#3433,#1677,.T.);
#5009=EDGE_CURVE('',#3853,#3854,#2313,.T.);
#5010=EDGE_CURVE('',#3434,#3628,#2314,.T.);
#5011=EDGE_CURVE('',#3627,#3435,#2315,.T.);
#5012=EDGE_CURVE('',#3643,#3419,#2316,.T.);
#5013=EDGE_CURVE('',#3855,#3642,#1678,.T.);
#5014=EDGE_CURVE('',#3855,#3856,#2317,.T.);
#5015=EDGE_CURVE('',#3420,#3856,#1679,.T.);
#5016=EDGE_CURVE('',#3641,#3857,#1680,.T.);
#5017=EDGE_CURVE('',#3857,#3855,#2318,.T.);
#5018=EDGE_CURVE('',#3856,#3858,#2319,.T.);
#5019=EDGE_CURVE('',#3858,#3421,#1681,.T.);
#5020=EDGE_CURVE('',#3857,#3858,#2320,.T.);
#5021=EDGE_CURVE('',#3422,#3640,#2321,.T.);
#5022=EDGE_CURVE('',#3647,#3415,#2322,.T.);
#5023=EDGE_CURVE('',#3859,#3646,#1682,.T.);
#5024=EDGE_CURVE('',#3859,#3860,#2323,.T.);
#5025=EDGE_CURVE('',#3416,#3860,#1683,.T.);
#5026=EDGE_CURVE('',#3645,#3861,#1684,.T.);
#5027=EDGE_CURVE('',#3861,#3859,#2324,.T.);
#5028=EDGE_CURVE('',#3860,#3862,#2325,.T.);
#5029=EDGE_CURVE('',#3862,#3417,#1685,.T.);
#5030=EDGE_CURVE('',#3861,#3862,#2326,.T.);
#5031=EDGE_CURVE('',#3418,#3644,#2327,.T.);
#5032=EDGE_CURVE('',#3651,#3411,#2328,.T.);
#5033=EDGE_CURVE('',#3863,#3650,#1686,.T.);
#5034=EDGE_CURVE('',#3863,#3864,#2329,.T.);
#5035=EDGE_CURVE('',#3412,#3864,#1687,.T.);
#5036=EDGE_CURVE('',#3649,#3865,#1688,.T.);
#5037=EDGE_CURVE('',#3865,#3863,#2330,.T.);
#5038=EDGE_CURVE('',#3864,#3866,#2331,.T.);
#5039=EDGE_CURVE('',#3866,#3413,#1689,.T.);
#5040=EDGE_CURVE('',#3865,#3866,#2332,.T.);
#5041=EDGE_CURVE('',#3414,#3648,#2333,.T.);
#5042=EDGE_CURVE('',#3659,#3403,#2334,.T.);
#5043=EDGE_CURVE('',#3867,#3658,#1690,.T.);
#5044=EDGE_CURVE('',#3867,#3868,#2335,.T.);
#5045=EDGE_CURVE('',#3404,#3868,#1691,.T.);
#5046=EDGE_CURVE('',#3657,#3869,#1692,.T.);
#5047=EDGE_CURVE('',#3869,#3867,#2336,.T.);
#5048=EDGE_CURVE('',#3868,#3870,#2337,.T.);
#5049=EDGE_CURVE('',#3870,#3405,#1693,.T.);
#5050=EDGE_CURVE('',#3869,#3870,#2338,.T.);
#5051=EDGE_CURVE('',#3406,#3656,#2339,.T.);
#5052=EDGE_CURVE('',#3655,#3407,#2340,.T.);
#5053=EDGE_CURVE('',#3871,#3654,#1694,.T.);
#5054=EDGE_CURVE('',#3871,#3872,#2341,.T.);
#5055=EDGE_CURVE('',#3408,#3872,#1695,.T.);
#5056=EDGE_CURVE('',#3653,#3873,#1696,.T.);
#5057=EDGE_CURVE('',#3873,#3871,#2342,.T.);
#5058=EDGE_CURVE('',#3872,#3874,#2343,.T.);
#5059=EDGE_CURVE('',#3874,#3409,#1697,.T.);
#5060=EDGE_CURVE('',#3873,#3874,#2344,.T.);
#5061=EDGE_CURVE('',#3410,#3652,#2345,.T.);
#5062=EDGE_CURVE('',#3623,#3439,#2346,.T.);
#5063=EDGE_CURVE('',#3875,#3622,#1698,.T.);
#5064=EDGE_CURVE('',#3875,#3876,#2347,.T.);
#5065=EDGE_CURVE('',#3440,#3876,#1699,.T.);
#5066=EDGE_CURVE('',#3621,#3877,#1700,.T.);
#5067=EDGE_CURVE('',#3877,#3875,#2348,.T.);
#5068=EDGE_CURVE('',#3876,#3878,#2349,.T.);
#5069=EDGE_CURVE('',#3878,#3441,#1701,.T.);
#5070=EDGE_CURVE('',#3877,#3878,#2350,.T.);
#5071=EDGE_CURVE('',#3442,#3620,#2351,.T.);
#5072=EDGE_CURVE('',#3619,#3443,#2352,.T.);
#5073=EDGE_CURVE('',#3879,#3618,#1702,.T.);
#5074=EDGE_CURVE('',#3879,#3880,#2353,.T.);
#5075=EDGE_CURVE('',#3444,#3880,#1703,.T.);
#5076=EDGE_CURVE('',#3617,#3881,#1704,.T.);
#5077=EDGE_CURVE('',#3881,#3879,#2354,.T.);
#5078=EDGE_CURVE('',#3880,#3882,#2355,.T.);
#5079=EDGE_CURVE('',#3882,#3445,#1705,.T.);
#5080=EDGE_CURVE('',#3881,#3882,#2356,.T.);
#5081=EDGE_CURVE('',#3446,#3616,#2357,.T.);
#5082=EDGE_CURVE('',#3615,#3447,#2358,.T.);
#5083=EDGE_CURVE('',#3883,#3626,#1706,.T.);
#5084=EDGE_CURVE('',#3883,#3884,#2359,.T.);
#5085=EDGE_CURVE('',#3436,#3884,#1707,.T.);
#5086=EDGE_CURVE('',#3625,#3885,#1708,.T.);
#5087=EDGE_CURVE('',#3885,#3883,#2360,.T.);
#5088=EDGE_CURVE('',#3884,#3886,#2361,.T.);
#5089=EDGE_CURVE('',#3886,#3437,#1709,.T.);
#5090=EDGE_CURVE('',#3885,#3886,#2362,.T.);
#5091=EDGE_CURVE('',#3438,#3624,#2363,.T.);
#5092=EDGE_CURVE('',#3887,#3614,#1710,.T.);
#5093=EDGE_CURVE('',#3887,#3888,#2364,.T.);
#5094=EDGE_CURVE('',#3448,#3888,#1711,.T.);
#5095=EDGE_CURVE('',#3613,#3889,#1712,.T.);
#5096=EDGE_CURVE('',#3889,#3887,#2365,.T.);
#5097=EDGE_CURVE('',#3888,#3890,#2366,.T.);
#5098=EDGE_CURVE('',#3890,#3449,#1713,.T.);
#5099=EDGE_CURVE('',#3889,#3890,#2367,.T.);
#5100=EDGE_CURVE('',#3450,#3612,#2368,.T.);
#5101=EDGE_CURVE('',#3563,#3675,#2369,.T.);
#5102=EDGE_CURVE('',#3676,#3562,#2370,.T.);
#5103=EDGE_CURVE('',#3664,#3398,#2371,.T.);
#5104=EDGE_CURVE('',#3399,#3663,#2372,.T.);
#5105=EDGE_CURVE('',#3668,#3570,#2373,.T.);
#5106=EDGE_CURVE('',#3571,#3667,#2374,.T.);
#5107=EDGE_CURVE('',#3672,#3566,#2375,.T.);
#5108=EDGE_CURVE('',#3567,#3671,#2376,.T.);
#5109=EDGE_CURVE('',#3660,#3402,#2377,.T.);
#5110=EDGE_CURVE('',#3487,#3750,#2378,.T.);
#5111=EDGE_CURVE('',#3576,#3486,#2379,.T.);
#5112=EDGE_CURVE('',#3739,#3498,#2380,.T.);
#5113=EDGE_CURVE('',#3743,#3494,#2381,.T.);
#5114=EDGE_CURVE('',#3495,#3742,#2382,.T.);
#5115=EDGE_CURVE('',#3747,#3490,#2383,.T.);
#5116=EDGE_CURVE('',#3491,#3746,#2384,.T.);
#5117=EDGE_CURVE('',#3891,#3892,#1714,.T.);
#5118=EDGE_CURVE('',#3892,#3893,#1715,.T.);
#5119=EDGE_CURVE('',#3893,#3891,#2385,.T.);
#5120=EDGE_CURVE('',#3574,#3892,#2386,.T.);
#5121=EDGE_CURVE('',#3894,#3891,#2387,.T.);
#5122=EDGE_CURVE('',#3894,#3895,#1716,.T.);
#5123=EDGE_CURVE('',#3895,#3893,#2388,.T.);
#5124=EDGE_CURVE('',#3894,#3895,#2389,.T.);
#5125=EDGE_CURVE('',#3896,#3565,#1717,.T.);
#5126=EDGE_CURVE('',#3897,#3896,#2390,.T.);
#5127=EDGE_CURVE('',#3673,#3897,#1718,.T.);
#5128=EDGE_CURVE('',#3564,#3898,#1719,.T.);
#5129=EDGE_CURVE('',#3898,#3896,#2391,.T.);
#5130=EDGE_CURVE('',#3899,#3569,#1720,.T.);
#5131=EDGE_CURVE('',#3900,#3899,#2392,.T.);
#5132=EDGE_CURVE('',#3669,#3900,#1721,.T.);
#5133=EDGE_CURVE('',#3568,#3901,#1722,.T.);
#5134=EDGE_CURVE('',#3901,#3899,#2393,.T.);
#5135=EDGE_CURVE('',#3902,#3397,#1723,.T.);
#5136=EDGE_CURVE('',#3903,#3902,#2394,.T.);
#5137=EDGE_CURVE('',#3665,#3903,#1724,.T.);
#5138=EDGE_CURVE('',#3572,#3904,#1725,.T.);
#5139=EDGE_CURVE('',#3904,#3902,#2395,.T.);
#5140=EDGE_CURVE('',#3905,#3401,#1726,.T.);
#5141=EDGE_CURVE('',#3906,#3905,#2396,.T.);
#5142=EDGE_CURVE('',#3661,#3906,#1727,.T.);
#5143=EDGE_CURVE('',#3400,#3907,#1728,.T.);
#5144=EDGE_CURVE('',#3907,#3905,#2397,.T.);
#5145=EDGE_CURVE('',#3560,#3908,#1729,.T.);
#5146=EDGE_CURVE('',#3908,#3909,#2398,.T.);
#5147=EDGE_CURVE('',#3909,#3561,#1730,.T.);
#5148=EDGE_CURVE('',#3910,#3678,#1731,.T.);
#5149=EDGE_CURVE('',#3910,#3908,#2399,.T.);
#5150=EDGE_CURVE('',#3677,#3911,#1732,.T.);
#5151=EDGE_CURVE('',#3911,#3910,#2400,.T.);
#5152=EDGE_CURVE('',#3911,#3909,#2401,.T.);
#5153=EDGE_CURVE('',#3912,#3674,#1733,.T.);
#5154=EDGE_CURVE('',#3912,#3898,#2402,.T.);
#5155=EDGE_CURVE('',#3897,#3912,#2403,.T.);
#5156=EDGE_CURVE('',#3913,#3670,#1734,.T.);
#5157=EDGE_CURVE('',#3913,#3901,#2404,.T.);
#5158=EDGE_CURVE('',#3900,#3913,#2405,.T.);
#5159=EDGE_CURVE('',#3914,#3666,#1735,.T.);
#5160=EDGE_CURVE('',#3914,#3904,#2406,.T.);
#5161=EDGE_CURVE('',#3903,#3914,#2407,.T.);
#5162=EDGE_CURVE('',#3915,#3662,#1736,.T.);
#5163=EDGE_CURVE('',#3915,#3907,#2408,.T.);
#5164=EDGE_CURVE('',#3906,#3915,#2409,.T.);
#5165=EDGE_CURVE('',#3916,#3489,#1737,.T.);
#5166=EDGE_CURVE('',#3917,#3916,#2410,.T.);
#5167=EDGE_CURVE('',#3748,#3917,#1738,.T.);
#5168=EDGE_CURVE('',#3488,#3918,#1739,.T.);
#5169=EDGE_CURVE('',#3918,#3916,#2411,.T.);
#5170=EDGE_CURVE('',#3919,#3493,#1740,.T.);
#5171=EDGE_CURVE('',#3920,#3919,#2412,.T.);
#5172=EDGE_CURVE('',#3744,#3920,#1741,.T.);
#5173=EDGE_CURVE('',#3492,#3921,#1742,.T.);
#5174=EDGE_CURVE('',#3921,#3919,#2413,.T.);
#5175=EDGE_CURVE('',#3922,#3497,#1743,.T.);
#5176=EDGE_CURVE('',#3923,#3922,#2414,.T.);
#5177=EDGE_CURVE('',#3740,#3923,#1744,.T.);
#5178=EDGE_CURVE('',#3496,#3924,#1745,.T.);
#5179=EDGE_CURVE('',#3924,#3922,#2415,.T.);
#5180=EDGE_CURVE('',#3484,#3925,#1746,.T.);
#5181=EDGE_CURVE('',#3925,#3926,#2416,.T.);
#5182=EDGE_CURVE('',#3926,#3485,#1747,.T.);
#5183=EDGE_CURVE('',#3927,#3578,#1748,.T.);
#5184=EDGE_CURVE('',#3927,#3925,#2417,.T.);
#5185=EDGE_CURVE('',#3577,#3928,#1749,.T.);
#5186=EDGE_CURVE('',#3928,#3927,#2418,.T.);
#5187=EDGE_CURVE('',#3928,#3926,#2419,.T.);
#5188=EDGE_CURVE('',#3929,#3749,#1750,.T.);
#5189=EDGE_CURVE('',#3929,#3918,#2420,.T.);
#5190=EDGE_CURVE('',#3930,#3745,#1751,.T.);
#5191=EDGE_CURVE('',#3930,#3921,#2421,.T.);
#5192=EDGE_CURVE('',#3920,#3930,#2422,.T.);
#5193=EDGE_CURVE('',#3931,#3741,#1752,.T.);
#5194=EDGE_CURVE('',#3931,#3924,#2423,.T.);
#5195=EDGE_CURVE('',#3923,#3931,#2424,.T.);
#5196=EDGE_CURVE('',#3917,#3929,#2425,.T.);
#5197=ORIENTED_EDGE('',*,*,#3932,.T.);
#5198=ORIENTED_EDGE('',*,*,#3933,.T.);
#5199=ORIENTED_EDGE('',*,*,#3934,.T.);
#5200=ORIENTED_EDGE('',*,*,#3935,.T.);
#5201=ORIENTED_EDGE('',*,*,#3936,.T.);
#5202=ORIENTED_EDGE('',*,*,#3937,.T.);
#5203=ORIENTED_EDGE('',*,*,#3938,.T.);
#5204=ORIENTED_EDGE('',*,*,#3939,.T.);
#5205=ORIENTED_EDGE('',*,*,#3940,.T.);
#5206=ORIENTED_EDGE('',*,*,#3941,.T.);
#5207=ORIENTED_EDGE('',*,*,#3942,.T.);
#5208=ORIENTED_EDGE('',*,*,#3943,.T.);
#5209=ORIENTED_EDGE('',*,*,#3944,.T.);
#5210=ORIENTED_EDGE('',*,*,#3945,.T.);
#5211=ORIENTED_EDGE('',*,*,#3946,.T.);
#5212=ORIENTED_EDGE('',*,*,#3947,.T.);
#5213=ORIENTED_EDGE('',*,*,#3948,.T.);
#5214=ORIENTED_EDGE('',*,*,#3949,.T.);
#5215=ORIENTED_EDGE('',*,*,#3950,.F.);
#5216=ORIENTED_EDGE('',*,*,#3951,.F.);
#5217=ORIENTED_EDGE('',*,*,#3952,.F.);
#5218=ORIENTED_EDGE('',*,*,#3953,.F.);
#5219=ORIENTED_EDGE('',*,*,#3954,.F.);
#5220=ORIENTED_EDGE('',*,*,#3955,.F.);
#5221=ORIENTED_EDGE('',*,*,#3956,.F.);
#5222=ORIENTED_EDGE('',*,*,#3957,.F.);
#5223=ORIENTED_EDGE('',*,*,#3958,.F.);
#5224=ORIENTED_EDGE('',*,*,#3959,.F.);
#5225=ORIENTED_EDGE('',*,*,#3960,.F.);
#5226=ORIENTED_EDGE('',*,*,#3961,.F.);
#5227=ORIENTED_EDGE('',*,*,#3962,.F.);
#5228=ORIENTED_EDGE('',*,*,#3963,.F.);
#5229=ORIENTED_EDGE('',*,*,#3964,.F.);
#5230=ORIENTED_EDGE('',*,*,#3965,.F.);
#5231=ORIENTED_EDGE('',*,*,#3966,.F.);
#5232=ORIENTED_EDGE('',*,*,#3967,.T.);
#5233=ORIENTED_EDGE('',*,*,#3968,.T.);
#5234=ORIENTED_EDGE('',*,*,#3967,.F.);
#5235=ORIENTED_EDGE('',*,*,#3968,.F.);
#5236=ORIENTED_EDGE('',*,*,#3969,.F.);
#5237=ORIENTED_EDGE('',*,*,#3970,.T.);
#5238=ORIENTED_EDGE('',*,*,#3971,.T.);
#5239=ORIENTED_EDGE('',*,*,#3970,.F.);
#5240=ORIENTED_EDGE('',*,*,#3971,.F.);
#5241=ORIENTED_EDGE('',*,*,#3972,.T.);
#5242=ORIENTED_EDGE('',*,*,#3973,.T.);
#5243=ORIENTED_EDGE('',*,*,#3974,.T.);
#5244=ORIENTED_EDGE('',*,*,#3975,.T.);
#5245=ORIENTED_EDGE('',*,*,#3976,.T.);
#5246=ORIENTED_EDGE('',*,*,#3977,.T.);
#5247=ORIENTED_EDGE('',*,*,#3978,.T.);
#5248=ORIENTED_EDGE('',*,*,#3979,.T.);
#5249=ORIENTED_EDGE('',*,*,#3978,.F.);
#5250=ORIENTED_EDGE('',*,*,#3980,.T.);
#5251=ORIENTED_EDGE('',*,*,#3940,.F.);
#5252=ORIENTED_EDGE('',*,*,#3981,.F.);
#5253=ORIENTED_EDGE('',*,*,#3980,.F.);
#5254=ORIENTED_EDGE('',*,*,#3977,.F.);
#5255=ORIENTED_EDGE('',*,*,#3982,.T.);
#5256=ORIENTED_EDGE('',*,*,#3935,.F.);
#5257=ORIENTED_EDGE('',*,*,#3983,.F.);
#5258=ORIENTED_EDGE('',*,*,#3984,.F.);
#5259=ORIENTED_EDGE('',*,*,#3985,.T.);
#5260=ORIENTED_EDGE('',*,*,#3938,.F.);
#5261=ORIENTED_EDGE('',*,*,#3986,.F.);
#5262=ORIENTED_EDGE('',*,*,#3987,.F.);
#5263=ORIENTED_EDGE('',*,*,#3988,.F.);
#5264=ORIENTED_EDGE('',*,*,#3989,.F.);
#5265=ORIENTED_EDGE('',*,*,#3990,.T.);
#5266=ORIENTED_EDGE('',*,*,#3933,.F.);
#5267=ORIENTED_EDGE('',*,*,#3988,.T.);
#5268=ORIENTED_EDGE('',*,*,#3991,.F.);
#5269=ORIENTED_EDGE('',*,*,#3984,.T.);
#5270=ORIENTED_EDGE('',*,*,#3992,.F.);
#5271=ORIENTED_EDGE('',*,*,#3993,.T.);
#5272=ORIENTED_EDGE('',*,*,#3994,.T.);
#5273=ORIENTED_EDGE('',*,*,#3995,.T.);
#5274=ORIENTED_EDGE('',*,*,#3996,.T.);
#5275=ORIENTED_EDGE('',*,*,#3997,.T.);
#5276=ORIENTED_EDGE('',*,*,#3998,.T.);
#5277=ORIENTED_EDGE('',*,*,#3999,.T.);
#5278=ORIENTED_EDGE('',*,*,#4000,.F.);
#5279=ORIENTED_EDGE('',*,*,#4001,.T.);
#5280=ORIENTED_EDGE('',*,*,#4002,.T.);
#5281=ORIENTED_EDGE('',*,*,#4003,.T.);
#5282=ORIENTED_EDGE('',*,*,#4004,.F.);
#5283=ORIENTED_EDGE('',*,*,#3991,.T.);
#5284=ORIENTED_EDGE('',*,*,#3987,.T.);
#5285=ORIENTED_EDGE('',*,*,#4005,.F.);
#5286=ORIENTED_EDGE('',*,*,#3944,.F.);
#5287=ORIENTED_EDGE('',*,*,#4006,.T.);
#5288=ORIENTED_EDGE('',*,*,#3936,.F.);
#5289=ORIENTED_EDGE('',*,*,#3982,.F.);
#5290=ORIENTED_EDGE('',*,*,#3976,.F.);
#5291=ORIENTED_EDGE('',*,*,#4007,.F.);
#5292=ORIENTED_EDGE('',*,*,#3973,.F.);
#5293=ORIENTED_EDGE('',*,*,#3964,.T.);
#5294=ORIENTED_EDGE('',*,*,#4008,.T.);
#5295=ORIENTED_EDGE('',*,*,#4009,.F.);
#5296=ORIENTED_EDGE('',*,*,#4008,.F.);
#5297=ORIENTED_EDGE('',*,*,#4009,.T.);
#5298=ORIENTED_EDGE('',*,*,#3969,.T.);
#5299=ORIENTED_EDGE('',*,*,#3965,.T.);
#5300=ORIENTED_EDGE('',*,*,#4010,.T.);
#5301=ORIENTED_EDGE('',*,*,#4011,.F.);
#5302=ORIENTED_EDGE('',*,*,#4010,.F.);
#5303=ORIENTED_EDGE('',*,*,#4011,.T.);
#5304=ORIENTED_EDGE('',*,*,#3966,.T.);
#5305=ORIENTED_EDGE('',*,*,#3953,.T.);
#5306=ORIENTED_EDGE('',*,*,#4012,.T.);
#5307=ORIENTED_EDGE('',*,*,#4013,.F.);
#5308=ORIENTED_EDGE('',*,*,#4014,.F.);
#5309=ORIENTED_EDGE('',*,*,#3952,.T.);
#5310=ORIENTED_EDGE('',*,*,#4015,.F.);
#5311=ORIENTED_EDGE('',*,*,#4016,.F.);
#5312=ORIENTED_EDGE('',*,*,#4012,.F.);
#5313=ORIENTED_EDGE('',*,*,#4016,.T.);
#5314=ORIENTED_EDGE('',*,*,#4017,.F.);
#5315=ORIENTED_EDGE('',*,*,#4013,.T.);
#5316=ORIENTED_EDGE('',*,*,#3957,.T.);
#5317=ORIENTED_EDGE('',*,*,#4018,.T.);
#5318=ORIENTED_EDGE('',*,*,#4019,.F.);
#5319=ORIENTED_EDGE('',*,*,#4020,.F.);
#5320=ORIENTED_EDGE('',*,*,#3956,.T.);
#5321=ORIENTED_EDGE('',*,*,#4021,.F.);
#5322=ORIENTED_EDGE('',*,*,#4022,.F.);
#5323=ORIENTED_EDGE('',*,*,#4018,.F.);
#5324=ORIENTED_EDGE('',*,*,#4022,.T.);
#5325=ORIENTED_EDGE('',*,*,#4023,.F.);
#5326=ORIENTED_EDGE('',*,*,#4024,.F.);
#5327=ORIENTED_EDGE('',*,*,#4019,.T.);
#5328=ORIENTED_EDGE('',*,*,#4004,.T.);
#5329=ORIENTED_EDGE('',*,*,#4025,.F.);
#5330=ORIENTED_EDGE('',*,*,#3958,.T.);
#5331=ORIENTED_EDGE('',*,*,#4020,.T.);
#5332=ORIENTED_EDGE('',*,*,#4024,.T.);
#5333=ORIENTED_EDGE('',*,*,#4026,.T.);
#5334=ORIENTED_EDGE('',*,*,#3934,.F.);
#5335=ORIENTED_EDGE('',*,*,#3990,.F.);
#5336=ORIENTED_EDGE('',*,*,#4015,.T.);
#5337=ORIENTED_EDGE('',*,*,#3951,.T.);
#5338=ORIENTED_EDGE('',*,*,#4027,.T.);
#5339=ORIENTED_EDGE('',*,*,#3994,.F.);
#5340=ORIENTED_EDGE('',*,*,#4028,.T.);
#5341=ORIENTED_EDGE('',*,*,#4029,.F.);
#5342=ORIENTED_EDGE('',*,*,#4030,.F.);
#5343=ORIENTED_EDGE('',*,*,#3954,.T.);
#5344=ORIENTED_EDGE('',*,*,#4014,.T.);
#5345=ORIENTED_EDGE('',*,*,#4017,.T.);
#5346=ORIENTED_EDGE('',*,*,#4026,.F.);
#5347=ORIENTED_EDGE('',*,*,#4023,.T.);
#5348=ORIENTED_EDGE('',*,*,#4021,.T.);
#5349=ORIENTED_EDGE('',*,*,#3955,.T.);
#5350=ORIENTED_EDGE('',*,*,#4030,.T.);
#5351=ORIENTED_EDGE('',*,*,#4031,.F.);
#5352=ORIENTED_EDGE('',*,*,#3959,.T.);
#5353=ORIENTED_EDGE('',*,*,#4025,.T.);
#5354=ORIENTED_EDGE('',*,*,#4003,.F.);
#5355=ORIENTED_EDGE('',*,*,#4032,.F.);
#5356=ORIENTED_EDGE('',*,*,#3960,.T.);
#5357=ORIENTED_EDGE('',*,*,#4032,.T.);
#5358=ORIENTED_EDGE('',*,*,#4002,.F.);
#5359=ORIENTED_EDGE('',*,*,#4033,.F.);
#5360=ORIENTED_EDGE('',*,*,#3962,.T.);
#5361=ORIENTED_EDGE('',*,*,#4034,.T.);
#5362=ORIENTED_EDGE('',*,*,#3997,.F.);
#5363=ORIENTED_EDGE('',*,*,#4035,.F.);
#5364=ORIENTED_EDGE('',*,*,#3963,.T.);
#5365=ORIENTED_EDGE('',*,*,#4035,.T.);
#5366=ORIENTED_EDGE('',*,*,#3996,.F.);
#5367=ORIENTED_EDGE('',*,*,#4036,.F.);
#5368=ORIENTED_EDGE('',*,*,#3950,.T.);
#5369=ORIENTED_EDGE('',*,*,#4036,.T.);
#5370=ORIENTED_EDGE('',*,*,#3995,.F.);
#5371=ORIENTED_EDGE('',*,*,#4027,.F.);
#5372=ORIENTED_EDGE('',*,*,#3945,.F.);
#5373=ORIENTED_EDGE('',*,*,#4005,.T.);
#5374=ORIENTED_EDGE('',*,*,#3972,.F.);
#5375=ORIENTED_EDGE('',*,*,#4037,.F.);
#5376=ORIENTED_EDGE('',*,*,#3946,.F.);
#5377=ORIENTED_EDGE('',*,*,#4037,.T.);
#5378=ORIENTED_EDGE('',*,*,#3975,.F.);
#5379=ORIENTED_EDGE('',*,*,#4038,.F.);
#5380=ORIENTED_EDGE('',*,*,#4039,.T.);
#5381=ORIENTED_EDGE('',*,*,#3989,.T.);
#5382=ORIENTED_EDGE('',*,*,#4040,.T.);
#5383=ORIENTED_EDGE('',*,*,#4041,.T.);
#5384=ORIENTED_EDGE('',*,*,#4042,.T.);
#5385=ORIENTED_EDGE('',*,*,#4043,.F.);
#5386=ORIENTED_EDGE('',*,*,#4044,.F.);
#5387=ORIENTED_EDGE('',*,*,#3941,.F.);
#5388=ORIENTED_EDGE('',*,*,#4040,.F.);
#5389=ORIENTED_EDGE('',*,*,#4045,.T.);
#5390=ORIENTED_EDGE('',*,*,#4046,.F.);
#5391=ORIENTED_EDGE('',*,*,#4047,.F.);
#5392=ORIENTED_EDGE('',*,*,#4041,.F.);
#5393=ORIENTED_EDGE('',*,*,#4047,.T.);
#5394=ORIENTED_EDGE('',*,*,#4048,.F.);
#5395=ORIENTED_EDGE('',*,*,#4049,.F.);
#5396=ORIENTED_EDGE('',*,*,#4049,.T.);
#5397=ORIENTED_EDGE('',*,*,#4050,.F.);
#5398=ORIENTED_EDGE('',*,*,#4051,.F.);
#5399=ORIENTED_EDGE('',*,*,#3998,.F.);
#5400=ORIENTED_EDGE('',*,*,#4034,.F.);
#5401=ORIENTED_EDGE('',*,*,#3961,.T.);
#5402=ORIENTED_EDGE('',*,*,#4033,.T.);
#5403=ORIENTED_EDGE('',*,*,#4001,.F.);
#5404=ORIENTED_EDGE('',*,*,#3986,.T.);
#5405=ORIENTED_EDGE('',*,*,#4039,.F.);
#5406=ORIENTED_EDGE('',*,*,#4051,.T.);
#5407=ORIENTED_EDGE('',*,*,#4052,.F.);
#5408=ORIENTED_EDGE('',*,*,#4053,.F.);
#5409=ORIENTED_EDGE('',*,*,#3999,.F.);
#5410=ORIENTED_EDGE('',*,*,#4053,.T.);
#5411=ORIENTED_EDGE('',*,*,#4054,.F.);
#5412=ORIENTED_EDGE('',*,*,#4055,.F.);
#5413=ORIENTED_EDGE('',*,*,#3947,.F.);
#5414=ORIENTED_EDGE('',*,*,#4038,.T.);
#5415=ORIENTED_EDGE('',*,*,#3974,.F.);
#5416=ORIENTED_EDGE('',*,*,#4007,.T.);
#5417=ORIENTED_EDGE('',*,*,#3979,.F.);
#5418=ORIENTED_EDGE('',*,*,#3981,.T.);
#5419=ORIENTED_EDGE('',*,*,#3939,.F.);
#5420=ORIENTED_EDGE('',*,*,#3985,.F.);
#5421=ORIENTED_EDGE('',*,*,#4000,.T.);
#5422=ORIENTED_EDGE('',*,*,#4055,.T.);
#5423=ORIENTED_EDGE('',*,*,#4056,.F.);
#5424=ORIENTED_EDGE('',*,*,#4057,.F.);
#5425=ORIENTED_EDGE('',*,*,#3948,.F.);
#5426=ORIENTED_EDGE('',*,*,#4057,.T.);
#5427=ORIENTED_EDGE('',*,*,#4058,.F.);
#5428=ORIENTED_EDGE('',*,*,#4042,.F.);
#5429=ORIENTED_EDGE('',*,*,#3949,.F.);
#5430=ORIENTED_EDGE('',*,*,#4044,.T.);
#5431=ORIENTED_EDGE('',*,*,#4059,.F.);
#5432=ORIENTED_EDGE('',*,*,#4060,.F.);
#5433=ORIENTED_EDGE('',*,*,#3942,.F.);
#5434=ORIENTED_EDGE('',*,*,#4060,.T.);
#5435=ORIENTED_EDGE('',*,*,#4061,.F.);
#5436=ORIENTED_EDGE('',*,*,#4062,.F.);
#5437=ORIENTED_EDGE('',*,*,#3992,.T.);
#5438=ORIENTED_EDGE('',*,*,#3983,.T.);
#5439=ORIENTED_EDGE('',*,*,#3937,.F.);
#5440=ORIENTED_EDGE('',*,*,#4006,.F.);
#5441=ORIENTED_EDGE('',*,*,#3943,.F.);
#5442=ORIENTED_EDGE('',*,*,#4063,.T.);
#5443=ORIENTED_EDGE('',*,*,#4028,.F.);
#5444=ORIENTED_EDGE('',*,*,#3993,.F.);
#5445=ORIENTED_EDGE('',*,*,#4062,.T.);
#5446=ORIENTED_EDGE('',*,*,#4064,.F.);
#5447=ORIENTED_EDGE('',*,*,#4065,.F.);
#5448=ORIENTED_EDGE('',*,*,#4066,.T.);
#5449=ORIENTED_EDGE('',*,*,#4065,.T.);
#5450=ORIENTED_EDGE('',*,*,#4067,.F.);
#5451=ORIENTED_EDGE('',*,*,#4068,.F.);
#5452=ORIENTED_EDGE('',*,*,#4069,.T.);
#5453=ORIENTED_EDGE('',*,*,#4068,.T.);
#5454=ORIENTED_EDGE('',*,*,#4070,.F.);
#5455=ORIENTED_EDGE('',*,*,#4071,.F.);
#5456=ORIENTED_EDGE('',*,*,#4072,.F.);
#5457=ORIENTED_EDGE('',*,*,#4071,.T.);
#5458=ORIENTED_EDGE('',*,*,#4073,.F.);
#5459=ORIENTED_EDGE('',*,*,#4074,.F.);
#5460=ORIENTED_EDGE('',*,*,#4075,.F.);
#5461=ORIENTED_EDGE('',*,*,#4074,.T.);
#5462=ORIENTED_EDGE('',*,*,#4076,.F.);
#5463=ORIENTED_EDGE('',*,*,#4077,.F.);
#5464=ORIENTED_EDGE('',*,*,#3932,.F.);
#5465=ORIENTED_EDGE('',*,*,#4077,.T.);
#5466=ORIENTED_EDGE('',*,*,#4078,.F.);
#5467=ORIENTED_EDGE('',*,*,#4045,.F.);
#5468=ORIENTED_EDGE('',*,*,#4043,.T.);
#5469=ORIENTED_EDGE('',*,*,#4058,.T.);
#5470=ORIENTED_EDGE('',*,*,#4056,.T.);
#5471=ORIENTED_EDGE('',*,*,#4054,.T.);
#5472=ORIENTED_EDGE('',*,*,#4052,.T.);
#5473=ORIENTED_EDGE('',*,*,#4050,.T.);
#5474=ORIENTED_EDGE('',*,*,#4048,.T.);
#5475=ORIENTED_EDGE('',*,*,#4046,.T.);
#5476=ORIENTED_EDGE('',*,*,#4078,.T.);
#5477=ORIENTED_EDGE('',*,*,#4076,.T.);
#5478=ORIENTED_EDGE('',*,*,#4073,.T.);
#5479=ORIENTED_EDGE('',*,*,#4070,.T.);
#5480=ORIENTED_EDGE('',*,*,#4067,.T.);
#5481=ORIENTED_EDGE('',*,*,#4064,.T.);
#5482=ORIENTED_EDGE('',*,*,#4061,.T.);
#5483=ORIENTED_EDGE('',*,*,#4059,.T.);
#5484=ORIENTED_EDGE('',*,*,#4029,.T.);
#5485=ORIENTED_EDGE('',*,*,#4063,.F.);
#5486=ORIENTED_EDGE('',*,*,#4066,.F.);
#5487=ORIENTED_EDGE('',*,*,#4069,.F.);
#5488=ORIENTED_EDGE('',*,*,#4072,.T.);
#5489=ORIENTED_EDGE('',*,*,#4075,.T.);
#5490=ORIENTED_EDGE('',*,*,#4031,.T.);
#5491=ORIENTED_EDGE('',*,*,#4079,.T.);
#5492=ORIENTED_EDGE('',*,*,#4080,.T.);
#5493=ORIENTED_EDGE('',*,*,#4081,.T.);
#5494=ORIENTED_EDGE('',*,*,#4082,.T.);
#5495=ORIENTED_EDGE('',*,*,#4080,.F.);
#5496=ORIENTED_EDGE('',*,*,#4083,.F.);
#5497=ORIENTED_EDGE('',*,*,#4084,.F.);
#5498=ORIENTED_EDGE('',*,*,#4085,.F.);
#5499=ORIENTED_EDGE('',*,*,#4086,.T.);
#5500=ORIENTED_EDGE('',*,*,#4084,.T.);
#5501=ORIENTED_EDGE('',*,*,#4087,.T.);
#5502=ORIENTED_EDGE('',*,*,#4088,.T.);
#5503=ORIENTED_EDGE('',*,*,#4089,.T.);
#5504=ORIENTED_EDGE('',*,*,#4090,.T.);
#5505=ORIENTED_EDGE('',*,*,#4091,.T.);
#5506=ORIENTED_EDGE('',*,*,#4092,.T.);
#5507=ORIENTED_EDGE('',*,*,#4090,.F.);
#5508=ORIENTED_EDGE('',*,*,#4093,.F.);
#5509=ORIENTED_EDGE('',*,*,#4094,.F.);
#5510=ORIENTED_EDGE('',*,*,#4095,.F.);
#5511=ORIENTED_EDGE('',*,*,#4096,.T.);
#5512=ORIENTED_EDGE('',*,*,#4097,.T.);
#5513=ORIENTED_EDGE('',*,*,#4098,.T.);
#5514=ORIENTED_EDGE('',*,*,#4094,.T.);
#5515=ORIENTED_EDGE('',*,*,#4082,.F.);
#5516=ORIENTED_EDGE('',*,*,#4099,.F.);
#5517=ORIENTED_EDGE('',*,*,#4097,.F.);
#5518=ORIENTED_EDGE('',*,*,#4100,.F.);
#5519=ORIENTED_EDGE('',*,*,#4101,.F.);
#5520=ORIENTED_EDGE('',*,*,#4102,.T.);
#5521=ORIENTED_EDGE('',*,*,#4103,.F.);
#5522=ORIENTED_EDGE('',*,*,#4102,.F.);
#5523=ORIENTED_EDGE('',*,*,#4101,.T.);
#5524=ORIENTED_EDGE('',*,*,#4104,.F.);
#5525=ORIENTED_EDGE('',*,*,#4105,.T.);
#5526=ORIENTED_EDGE('',*,*,#4106,.T.);
#5527=ORIENTED_EDGE('',*,*,#4105,.F.);
#5528=ORIENTED_EDGE('',*,*,#4106,.F.);
#5529=ORIENTED_EDGE('',*,*,#4103,.T.);
#5530=ORIENTED_EDGE('',*,*,#4107,.F.);
#5531=ORIENTED_EDGE('',*,*,#4108,.T.);
#5532=ORIENTED_EDGE('',*,*,#4109,.F.);
#5533=ORIENTED_EDGE('',*,*,#4108,.F.);
#5534=ORIENTED_EDGE('',*,*,#4107,.T.);
#5535=ORIENTED_EDGE('',*,*,#4110,.F.);
#5536=ORIENTED_EDGE('',*,*,#4111,.T.);
#5537=ORIENTED_EDGE('',*,*,#4112,.T.);
#5538=ORIENTED_EDGE('',*,*,#4111,.F.);
#5539=ORIENTED_EDGE('',*,*,#4112,.F.);
#5540=ORIENTED_EDGE('',*,*,#4109,.T.);
#5541=ORIENTED_EDGE('',*,*,#4113,.T.);
#5542=ORIENTED_EDGE('',*,*,#4114,.T.);
#5543=ORIENTED_EDGE('',*,*,#4115,.T.);
#5544=ORIENTED_EDGE('',*,*,#4116,.T.);
#5545=ORIENTED_EDGE('',*,*,#4117,.T.);
#5546=ORIENTED_EDGE('',*,*,#4118,.T.);
#5547=ORIENTED_EDGE('',*,*,#4119,.T.);
#5548=ORIENTED_EDGE('',*,*,#4115,.F.);
#5549=ORIENTED_EDGE('',*,*,#4120,.T.);
#5550=ORIENTED_EDGE('',*,*,#4121,.T.);
#5551=ORIENTED_EDGE('',*,*,#4122,.T.);
#5552=ORIENTED_EDGE('',*,*,#4123,.T.);
#5553=ORIENTED_EDGE('',*,*,#4124,.T.);
#5554=ORIENTED_EDGE('',*,*,#4125,.T.);
#5555=ORIENTED_EDGE('',*,*,#4126,.T.);
#5556=ORIENTED_EDGE('',*,*,#4122,.F.);
#5557=ORIENTED_EDGE('',*,*,#4127,.T.);
#5558=ORIENTED_EDGE('',*,*,#4125,.F.);
#5559=ORIENTED_EDGE('',*,*,#4128,.T.);
#5560=ORIENTED_EDGE('',*,*,#4129,.T.);
#5561=ORIENTED_EDGE('',*,*,#4130,.T.);
#5562=ORIENTED_EDGE('',*,*,#4131,.T.);
#5563=ORIENTED_EDGE('',*,*,#4120,.F.);
#5564=ORIENTED_EDGE('',*,*,#4132,.T.);
#5565=ORIENTED_EDGE('',*,*,#4133,.T.);
#5566=ORIENTED_EDGE('',*,*,#4130,.F.);
#5567=ORIENTED_EDGE('',*,*,#4134,.T.);
#5568=ORIENTED_EDGE('',*,*,#4118,.F.);
#5569=ORIENTED_EDGE('',*,*,#4135,.T.);
#5570=ORIENTED_EDGE('',*,*,#4129,.F.);
#5571=ORIENTED_EDGE('',*,*,#4136,.T.);
#5572=ORIENTED_EDGE('',*,*,#4137,.T.);
#5573=ORIENTED_EDGE('',*,*,#4138,.T.);
#5574=ORIENTED_EDGE('',*,*,#4113,.F.);
#5575=ORIENTED_EDGE('',*,*,#4139,.T.);
#5576=ORIENTED_EDGE('',*,*,#4137,.F.);
#5577=ORIENTED_EDGE('',*,*,#4116,.F.);
#5578=ORIENTED_EDGE('',*,*,#4140,.F.);
#5579=ORIENTED_EDGE('',*,*,#4141,.T.);
#5580=ORIENTED_EDGE('',*,*,#4142,.T.);
#5581=ORIENTED_EDGE('',*,*,#4119,.F.);
#5582=ORIENTED_EDGE('',*,*,#4143,.F.);
#5583=ORIENTED_EDGE('',*,*,#4144,.T.);
#5584=ORIENTED_EDGE('',*,*,#4140,.T.);
#5585=ORIENTED_EDGE('',*,*,#4134,.F.);
#5586=ORIENTED_EDGE('',*,*,#4145,.F.);
#5587=ORIENTED_EDGE('',*,*,#4146,.T.);
#5588=ORIENTED_EDGE('',*,*,#4143,.T.);
#5589=ORIENTED_EDGE('',*,*,#4132,.F.);
#5590=ORIENTED_EDGE('',*,*,#4147,.F.);
#5591=ORIENTED_EDGE('',*,*,#4148,.T.);
#5592=ORIENTED_EDGE('',*,*,#4145,.T.);
#5593=ORIENTED_EDGE('',*,*,#4123,.F.);
#5594=ORIENTED_EDGE('',*,*,#4149,.F.);
#5595=ORIENTED_EDGE('',*,*,#4150,.F.);
#5596=ORIENTED_EDGE('',*,*,#4147,.T.);
#5597=ORIENTED_EDGE('',*,*,#4121,.F.);
#5598=ORIENTED_EDGE('',*,*,#4131,.F.);
#5599=ORIENTED_EDGE('',*,*,#4133,.F.);
#5600=ORIENTED_EDGE('',*,*,#4117,.F.);
#5601=ORIENTED_EDGE('',*,*,#4114,.F.);
#5602=ORIENTED_EDGE('',*,*,#4138,.F.);
#5603=ORIENTED_EDGE('',*,*,#4136,.F.);
#5604=ORIENTED_EDGE('',*,*,#4128,.F.);
#5605=ORIENTED_EDGE('',*,*,#4124,.F.);
#5606=ORIENTED_EDGE('',*,*,#4151,.T.);
#5607=ORIENTED_EDGE('',*,*,#4152,.T.);
#5608=ORIENTED_EDGE('',*,*,#4153,.T.);
#5609=ORIENTED_EDGE('',*,*,#4154,.T.);
#5610=ORIENTED_EDGE('',*,*,#4155,.T.);
#5611=ORIENTED_EDGE('',*,*,#4156,.T.);
#5612=ORIENTED_EDGE('',*,*,#4157,.T.);
#5613=ORIENTED_EDGE('',*,*,#4158,.T.);
#5614=ORIENTED_EDGE('',*,*,#4159,.T.);
#5615=ORIENTED_EDGE('',*,*,#4160,.T.);
#5616=ORIENTED_EDGE('',*,*,#4161,.T.);
#5617=ORIENTED_EDGE('',*,*,#4162,.T.);
#5618=ORIENTED_EDGE('',*,*,#4163,.T.);
#5619=ORIENTED_EDGE('',*,*,#4164,.T.);
#5620=ORIENTED_EDGE('',*,*,#4165,.T.);
#5621=ORIENTED_EDGE('',*,*,#4166,.T.);
#5622=ORIENTED_EDGE('',*,*,#4167,.T.);
#5623=ORIENTED_EDGE('',*,*,#4168,.T.);
#5624=ORIENTED_EDGE('',*,*,#4169,.T.);
#5625=ORIENTED_EDGE('',*,*,#4170,.T.);
#5626=ORIENTED_EDGE('',*,*,#4171,.T.);
#5627=ORIENTED_EDGE('',*,*,#4172,.T.);
#5628=ORIENTED_EDGE('',*,*,#4173,.T.);
#5629=ORIENTED_EDGE('',*,*,#4174,.T.);
#5630=ORIENTED_EDGE('',*,*,#4175,.T.);
#5631=ORIENTED_EDGE('',*,*,#4176,.T.);
#5632=ORIENTED_EDGE('',*,*,#4177,.T.);
#5633=ORIENTED_EDGE('',*,*,#4178,.T.);
#5634=ORIENTED_EDGE('',*,*,#4179,.T.);
#5635=ORIENTED_EDGE('',*,*,#4180,.T.);
#5636=ORIENTED_EDGE('',*,*,#4181,.T.);
#5637=ORIENTED_EDGE('',*,*,#4182,.T.);
#5638=ORIENTED_EDGE('',*,*,#4183,.T.);
#5639=ORIENTED_EDGE('',*,*,#4184,.T.);
#5640=ORIENTED_EDGE('',*,*,#4185,.T.);
#5641=ORIENTED_EDGE('',*,*,#4186,.T.);
#5642=ORIENTED_EDGE('',*,*,#4187,.T.);
#5643=ORIENTED_EDGE('',*,*,#4188,.T.);
#5644=ORIENTED_EDGE('',*,*,#4189,.T.);
#5645=ORIENTED_EDGE('',*,*,#4190,.T.);
#5646=ORIENTED_EDGE('',*,*,#4191,.T.);
#5647=ORIENTED_EDGE('',*,*,#4192,.T.);
#5648=ORIENTED_EDGE('',*,*,#4193,.T.);
#5649=ORIENTED_EDGE('',*,*,#4194,.T.);
#5650=ORIENTED_EDGE('',*,*,#4195,.T.);
#5651=ORIENTED_EDGE('',*,*,#4196,.T.);
#5652=ORIENTED_EDGE('',*,*,#4197,.T.);
#5653=ORIENTED_EDGE('',*,*,#4198,.T.);
#5654=ORIENTED_EDGE('',*,*,#4199,.T.);
#5655=ORIENTED_EDGE('',*,*,#4200,.T.);
#5656=ORIENTED_EDGE('',*,*,#4201,.T.);
#5657=ORIENTED_EDGE('',*,*,#4202,.T.);
#5658=ORIENTED_EDGE('',*,*,#4203,.T.);
#5659=ORIENTED_EDGE('',*,*,#4204,.T.);
#5660=ORIENTED_EDGE('',*,*,#4205,.T.);
#5661=ORIENTED_EDGE('',*,*,#4206,.T.);
#5662=ORIENTED_EDGE('',*,*,#4207,.T.);
#5663=ORIENTED_EDGE('',*,*,#4208,.T.);
#5664=ORIENTED_EDGE('',*,*,#4209,.T.);
#5665=ORIENTED_EDGE('',*,*,#4210,.T.);
#5666=ORIENTED_EDGE('',*,*,#4211,.T.);
#5667=ORIENTED_EDGE('',*,*,#4212,.T.);
#5668=ORIENTED_EDGE('',*,*,#4213,.T.);
#5669=ORIENTED_EDGE('',*,*,#4214,.T.);
#5670=ORIENTED_EDGE('',*,*,#4215,.T.);
#5671=ORIENTED_EDGE('',*,*,#4088,.F.);
#5672=ORIENTED_EDGE('',*,*,#4216,.F.);
#5673=ORIENTED_EDGE('',*,*,#4092,.F.);
#5674=ORIENTED_EDGE('',*,*,#4217,.F.);
#5675=ORIENTED_EDGE('',*,*,#4218,.F.);
#5676=ORIENTED_EDGE('',*,*,#4219,.T.);
#5677=ORIENTED_EDGE('',*,*,#4215,.F.);
#5678=ORIENTED_EDGE('',*,*,#4219,.F.);
#5679=ORIENTED_EDGE('',*,*,#4220,.F.);
#5680=ORIENTED_EDGE('',*,*,#4221,.T.);
#5681=ORIENTED_EDGE('',*,*,#4213,.F.);
#5682=ORIENTED_EDGE('',*,*,#4222,.F.);
#5683=ORIENTED_EDGE('',*,*,#4223,.F.);
#5684=ORIENTED_EDGE('',*,*,#4222,.T.);
#5685=ORIENTED_EDGE('',*,*,#4212,.F.);
#5686=ORIENTED_EDGE('',*,*,#4224,.F.);
#5687=ORIENTED_EDGE('',*,*,#4225,.F.);
#5688=ORIENTED_EDGE('',*,*,#4224,.T.);
#5689=ORIENTED_EDGE('',*,*,#4211,.F.);
#5690=ORIENTED_EDGE('',*,*,#4226,.F.);
#5691=ORIENTED_EDGE('',*,*,#4227,.F.);
#5692=ORIENTED_EDGE('',*,*,#4226,.T.);
#5693=ORIENTED_EDGE('',*,*,#4214,.F.);
#5694=ORIENTED_EDGE('',*,*,#4221,.F.);
#5695=ORIENTED_EDGE('',*,*,#4228,.F.);
#5696=ORIENTED_EDGE('',*,*,#4229,.T.);
#5697=ORIENTED_EDGE('',*,*,#4209,.F.);
#5698=ORIENTED_EDGE('',*,*,#4230,.F.);
#5699=ORIENTED_EDGE('',*,*,#4231,.F.);
#5700=ORIENTED_EDGE('',*,*,#4230,.T.);
#5701=ORIENTED_EDGE('',*,*,#4208,.F.);
#5702=ORIENTED_EDGE('',*,*,#4232,.F.);
#5703=ORIENTED_EDGE('',*,*,#4233,.F.);
#5704=ORIENTED_EDGE('',*,*,#4232,.T.);
#5705=ORIENTED_EDGE('',*,*,#4207,.F.);
#5706=ORIENTED_EDGE('',*,*,#4234,.F.);
#5707=ORIENTED_EDGE('',*,*,#4235,.F.);
#5708=ORIENTED_EDGE('',*,*,#4234,.T.);
#5709=ORIENTED_EDGE('',*,*,#4210,.F.);
#5710=ORIENTED_EDGE('',*,*,#4229,.F.);
#5711=ORIENTED_EDGE('',*,*,#4236,.F.);
#5712=ORIENTED_EDGE('',*,*,#4237,.T.);
#5713=ORIENTED_EDGE('',*,*,#4205,.F.);
#5714=ORIENTED_EDGE('',*,*,#4238,.F.);
#5715=ORIENTED_EDGE('',*,*,#4239,.F.);
#5716=ORIENTED_EDGE('',*,*,#4238,.T.);
#5717=ORIENTED_EDGE('',*,*,#4204,.F.);
#5718=ORIENTED_EDGE('',*,*,#4240,.F.);
#5719=ORIENTED_EDGE('',*,*,#4241,.F.);
#5720=ORIENTED_EDGE('',*,*,#4240,.T.);
#5721=ORIENTED_EDGE('',*,*,#4203,.F.);
#5722=ORIENTED_EDGE('',*,*,#4242,.F.);
#5723=ORIENTED_EDGE('',*,*,#4243,.F.);
#5724=ORIENTED_EDGE('',*,*,#4242,.T.);
#5725=ORIENTED_EDGE('',*,*,#4206,.F.);
#5726=ORIENTED_EDGE('',*,*,#4237,.F.);
#5727=ORIENTED_EDGE('',*,*,#4244,.F.);
#5728=ORIENTED_EDGE('',*,*,#4245,.T.);
#5729=ORIENTED_EDGE('',*,*,#4201,.F.);
#5730=ORIENTED_EDGE('',*,*,#4246,.F.);
#5731=ORIENTED_EDGE('',*,*,#4247,.F.);
#5732=ORIENTED_EDGE('',*,*,#4246,.T.);
#5733=ORIENTED_EDGE('',*,*,#4200,.F.);
#5734=ORIENTED_EDGE('',*,*,#4248,.F.);
#5735=ORIENTED_EDGE('',*,*,#4249,.F.);
#5736=ORIENTED_EDGE('',*,*,#4248,.T.);
#5737=ORIENTED_EDGE('',*,*,#4199,.F.);
#5738=ORIENTED_EDGE('',*,*,#4250,.F.);
#5739=ORIENTED_EDGE('',*,*,#4251,.F.);
#5740=ORIENTED_EDGE('',*,*,#4250,.T.);
#5741=ORIENTED_EDGE('',*,*,#4202,.F.);
#5742=ORIENTED_EDGE('',*,*,#4245,.F.);
#5743=ORIENTED_EDGE('',*,*,#4252,.F.);
#5744=ORIENTED_EDGE('',*,*,#4253,.T.);
#5745=ORIENTED_EDGE('',*,*,#4197,.F.);
#5746=ORIENTED_EDGE('',*,*,#4254,.F.);
#5747=ORIENTED_EDGE('',*,*,#4255,.F.);
#5748=ORIENTED_EDGE('',*,*,#4254,.T.);
#5749=ORIENTED_EDGE('',*,*,#4196,.F.);
#5750=ORIENTED_EDGE('',*,*,#4256,.F.);
#5751=ORIENTED_EDGE('',*,*,#4257,.F.);
#5752=ORIENTED_EDGE('',*,*,#4256,.T.);
#5753=ORIENTED_EDGE('',*,*,#4195,.F.);
#5754=ORIENTED_EDGE('',*,*,#4258,.F.);
#5755=ORIENTED_EDGE('',*,*,#4259,.F.);
#5756=ORIENTED_EDGE('',*,*,#4258,.T.);
#5757=ORIENTED_EDGE('',*,*,#4198,.F.);
#5758=ORIENTED_EDGE('',*,*,#4253,.F.);
#5759=ORIENTED_EDGE('',*,*,#4260,.F.);
#5760=ORIENTED_EDGE('',*,*,#4261,.T.);
#5761=ORIENTED_EDGE('',*,*,#4193,.F.);
#5762=ORIENTED_EDGE('',*,*,#4262,.F.);
#5763=ORIENTED_EDGE('',*,*,#4263,.F.);
#5764=ORIENTED_EDGE('',*,*,#4262,.T.);
#5765=ORIENTED_EDGE('',*,*,#4192,.F.);
#5766=ORIENTED_EDGE('',*,*,#4264,.F.);
#5767=ORIENTED_EDGE('',*,*,#4265,.F.);
#5768=ORIENTED_EDGE('',*,*,#4264,.T.);
#5769=ORIENTED_EDGE('',*,*,#4191,.F.);
#5770=ORIENTED_EDGE('',*,*,#4266,.F.);
#5771=ORIENTED_EDGE('',*,*,#4267,.F.);
#5772=ORIENTED_EDGE('',*,*,#4266,.T.);
#5773=ORIENTED_EDGE('',*,*,#4194,.F.);
#5774=ORIENTED_EDGE('',*,*,#4261,.F.);
#5775=ORIENTED_EDGE('',*,*,#4268,.F.);
#5776=ORIENTED_EDGE('',*,*,#4269,.T.);
#5777=ORIENTED_EDGE('',*,*,#4189,.F.);
#5778=ORIENTED_EDGE('',*,*,#4270,.F.);
#5779=ORIENTED_EDGE('',*,*,#4271,.F.);
#5780=ORIENTED_EDGE('',*,*,#4270,.T.);
#5781=ORIENTED_EDGE('',*,*,#4188,.F.);
#5782=ORIENTED_EDGE('',*,*,#4272,.F.);
#5783=ORIENTED_EDGE('',*,*,#4273,.F.);
#5784=ORIENTED_EDGE('',*,*,#4272,.T.);
#5785=ORIENTED_EDGE('',*,*,#4187,.F.);
#5786=ORIENTED_EDGE('',*,*,#4274,.F.);
#5787=ORIENTED_EDGE('',*,*,#4275,.F.);
#5788=ORIENTED_EDGE('',*,*,#4274,.T.);
#5789=ORIENTED_EDGE('',*,*,#4190,.F.);
#5790=ORIENTED_EDGE('',*,*,#4269,.F.);
#5791=ORIENTED_EDGE('',*,*,#4276,.F.);
#5792=ORIENTED_EDGE('',*,*,#4277,.T.);
#5793=ORIENTED_EDGE('',*,*,#4185,.F.);
#5794=ORIENTED_EDGE('',*,*,#4278,.F.);
#5795=ORIENTED_EDGE('',*,*,#4279,.F.);
#5796=ORIENTED_EDGE('',*,*,#4278,.T.);
#5797=ORIENTED_EDGE('',*,*,#4184,.F.);
#5798=ORIENTED_EDGE('',*,*,#4280,.F.);
#5799=ORIENTED_EDGE('',*,*,#4281,.F.);
#5800=ORIENTED_EDGE('',*,*,#4280,.T.);
#5801=ORIENTED_EDGE('',*,*,#4183,.F.);
#5802=ORIENTED_EDGE('',*,*,#4282,.F.);
#5803=ORIENTED_EDGE('',*,*,#4283,.F.);
#5804=ORIENTED_EDGE('',*,*,#4282,.T.);
#5805=ORIENTED_EDGE('',*,*,#4186,.F.);
#5806=ORIENTED_EDGE('',*,*,#4277,.F.);
#5807=ORIENTED_EDGE('',*,*,#4284,.F.);
#5808=ORIENTED_EDGE('',*,*,#4285,.T.);
#5809=ORIENTED_EDGE('',*,*,#4181,.F.);
#5810=ORIENTED_EDGE('',*,*,#4286,.F.);
#5811=ORIENTED_EDGE('',*,*,#4287,.F.);
#5812=ORIENTED_EDGE('',*,*,#4286,.T.);
#5813=ORIENTED_EDGE('',*,*,#4180,.F.);
#5814=ORIENTED_EDGE('',*,*,#4288,.F.);
#5815=ORIENTED_EDGE('',*,*,#4289,.F.);
#5816=ORIENTED_EDGE('',*,*,#4288,.T.);
#5817=ORIENTED_EDGE('',*,*,#4179,.F.);
#5818=ORIENTED_EDGE('',*,*,#4290,.F.);
#5819=ORIENTED_EDGE('',*,*,#4291,.F.);
#5820=ORIENTED_EDGE('',*,*,#4290,.T.);
#5821=ORIENTED_EDGE('',*,*,#4182,.F.);
#5822=ORIENTED_EDGE('',*,*,#4285,.F.);
#5823=ORIENTED_EDGE('',*,*,#4292,.F.);
#5824=ORIENTED_EDGE('',*,*,#4293,.T.);
#5825=ORIENTED_EDGE('',*,*,#4177,.F.);
#5826=ORIENTED_EDGE('',*,*,#4294,.F.);
#5827=ORIENTED_EDGE('',*,*,#4295,.F.);
#5828=ORIENTED_EDGE('',*,*,#4294,.T.);
#5829=ORIENTED_EDGE('',*,*,#4176,.F.);
#5830=ORIENTED_EDGE('',*,*,#4296,.F.);
#5831=ORIENTED_EDGE('',*,*,#4297,.F.);
#5832=ORIENTED_EDGE('',*,*,#4296,.T.);
#5833=ORIENTED_EDGE('',*,*,#4175,.F.);
#5834=ORIENTED_EDGE('',*,*,#4298,.F.);
#5835=ORIENTED_EDGE('',*,*,#4299,.F.);
#5836=ORIENTED_EDGE('',*,*,#4298,.T.);
#5837=ORIENTED_EDGE('',*,*,#4178,.F.);
#5838=ORIENTED_EDGE('',*,*,#4293,.F.);
#5839=ORIENTED_EDGE('',*,*,#4300,.F.);
#5840=ORIENTED_EDGE('',*,*,#4301,.T.);
#5841=ORIENTED_EDGE('',*,*,#4173,.F.);
#5842=ORIENTED_EDGE('',*,*,#4302,.F.);
#5843=ORIENTED_EDGE('',*,*,#4303,.F.);
#5844=ORIENTED_EDGE('',*,*,#4302,.T.);
#5845=ORIENTED_EDGE('',*,*,#4172,.F.);
#5846=ORIENTED_EDGE('',*,*,#4304,.F.);
#5847=ORIENTED_EDGE('',*,*,#4305,.F.);
#5848=ORIENTED_EDGE('',*,*,#4304,.T.);
#5849=ORIENTED_EDGE('',*,*,#4171,.F.);
#5850=ORIENTED_EDGE('',*,*,#4306,.F.);
#5851=ORIENTED_EDGE('',*,*,#4307,.F.);
#5852=ORIENTED_EDGE('',*,*,#4306,.T.);
#5853=ORIENTED_EDGE('',*,*,#4174,.F.);
#5854=ORIENTED_EDGE('',*,*,#4301,.F.);
#5855=ORIENTED_EDGE('',*,*,#4308,.F.);
#5856=ORIENTED_EDGE('',*,*,#4309,.T.);
#5857=ORIENTED_EDGE('',*,*,#4169,.F.);
#5858=ORIENTED_EDGE('',*,*,#4310,.F.);
#5859=ORIENTED_EDGE('',*,*,#4311,.F.);
#5860=ORIENTED_EDGE('',*,*,#4310,.T.);
#5861=ORIENTED_EDGE('',*,*,#4168,.F.);
#5862=ORIENTED_EDGE('',*,*,#4312,.F.);
#5863=ORIENTED_EDGE('',*,*,#4313,.F.);
#5864=ORIENTED_EDGE('',*,*,#4312,.T.);
#5865=ORIENTED_EDGE('',*,*,#4167,.F.);
#5866=ORIENTED_EDGE('',*,*,#4314,.F.);
#5867=ORIENTED_EDGE('',*,*,#4315,.F.);
#5868=ORIENTED_EDGE('',*,*,#4314,.T.);
#5869=ORIENTED_EDGE('',*,*,#4170,.F.);
#5870=ORIENTED_EDGE('',*,*,#4309,.F.);
#5871=ORIENTED_EDGE('',*,*,#4316,.F.);
#5872=ORIENTED_EDGE('',*,*,#4317,.T.);
#5873=ORIENTED_EDGE('',*,*,#4165,.F.);
#5874=ORIENTED_EDGE('',*,*,#4318,.F.);
#5875=ORIENTED_EDGE('',*,*,#4319,.F.);
#5876=ORIENTED_EDGE('',*,*,#4318,.T.);
#5877=ORIENTED_EDGE('',*,*,#4164,.F.);
#5878=ORIENTED_EDGE('',*,*,#4320,.F.);
#5879=ORIENTED_EDGE('',*,*,#4321,.F.);
#5880=ORIENTED_EDGE('',*,*,#4320,.T.);
#5881=ORIENTED_EDGE('',*,*,#4163,.F.);
#5882=ORIENTED_EDGE('',*,*,#4322,.F.);
#5883=ORIENTED_EDGE('',*,*,#4323,.F.);
#5884=ORIENTED_EDGE('',*,*,#4322,.T.);
#5885=ORIENTED_EDGE('',*,*,#4166,.F.);
#5886=ORIENTED_EDGE('',*,*,#4317,.F.);
#5887=ORIENTED_EDGE('',*,*,#4324,.F.);
#5888=ORIENTED_EDGE('',*,*,#4325,.T.);
#5889=ORIENTED_EDGE('',*,*,#4161,.F.);
#5890=ORIENTED_EDGE('',*,*,#4326,.F.);
#5891=ORIENTED_EDGE('',*,*,#4327,.F.);
#5892=ORIENTED_EDGE('',*,*,#4326,.T.);
#5893=ORIENTED_EDGE('',*,*,#4160,.F.);
#5894=ORIENTED_EDGE('',*,*,#4328,.F.);
#5895=ORIENTED_EDGE('',*,*,#4329,.F.);
#5896=ORIENTED_EDGE('',*,*,#4328,.T.);
#5897=ORIENTED_EDGE('',*,*,#4159,.F.);
#5898=ORIENTED_EDGE('',*,*,#4330,.F.);
#5899=ORIENTED_EDGE('',*,*,#4331,.F.);
#5900=ORIENTED_EDGE('',*,*,#4330,.T.);
#5901=ORIENTED_EDGE('',*,*,#4162,.F.);
#5902=ORIENTED_EDGE('',*,*,#4325,.F.);
#5903=ORIENTED_EDGE('',*,*,#4332,.F.);
#5904=ORIENTED_EDGE('',*,*,#4333,.T.);
#5905=ORIENTED_EDGE('',*,*,#4157,.F.);
#5906=ORIENTED_EDGE('',*,*,#4334,.F.);
#5907=ORIENTED_EDGE('',*,*,#4335,.F.);
#5908=ORIENTED_EDGE('',*,*,#4334,.T.);
#5909=ORIENTED_EDGE('',*,*,#4156,.F.);
#5910=ORIENTED_EDGE('',*,*,#4336,.F.);
#5911=ORIENTED_EDGE('',*,*,#4337,.F.);
#5912=ORIENTED_EDGE('',*,*,#4336,.T.);
#5913=ORIENTED_EDGE('',*,*,#4155,.F.);
#5914=ORIENTED_EDGE('',*,*,#4338,.F.);
#5915=ORIENTED_EDGE('',*,*,#4339,.F.);
#5916=ORIENTED_EDGE('',*,*,#4338,.T.);
#5917=ORIENTED_EDGE('',*,*,#4158,.F.);
#5918=ORIENTED_EDGE('',*,*,#4333,.F.);
#5919=ORIENTED_EDGE('',*,*,#4340,.F.);
#5920=ORIENTED_EDGE('',*,*,#4341,.T.);
#5921=ORIENTED_EDGE('',*,*,#4153,.F.);
#5922=ORIENTED_EDGE('',*,*,#4342,.F.);
#5923=ORIENTED_EDGE('',*,*,#4343,.F.);
#5924=ORIENTED_EDGE('',*,*,#4342,.T.);
#5925=ORIENTED_EDGE('',*,*,#4152,.F.);
#5926=ORIENTED_EDGE('',*,*,#4344,.F.);
#5927=ORIENTED_EDGE('',*,*,#4345,.F.);
#5928=ORIENTED_EDGE('',*,*,#4344,.T.);
#5929=ORIENTED_EDGE('',*,*,#4151,.F.);
#5930=ORIENTED_EDGE('',*,*,#4346,.F.);
#5931=ORIENTED_EDGE('',*,*,#4347,.F.);
#5932=ORIENTED_EDGE('',*,*,#4346,.T.);
#5933=ORIENTED_EDGE('',*,*,#4154,.F.);
#5934=ORIENTED_EDGE('',*,*,#4341,.F.);
#5935=ORIENTED_EDGE('',*,*,#4348,.T.);
#5936=ORIENTED_EDGE('',*,*,#4349,.T.);
#5937=ORIENTED_EDGE('',*,*,#4350,.T.);
#5938=ORIENTED_EDGE('',*,*,#4351,.T.);
#5939=ORIENTED_EDGE('',*,*,#4352,.T.);
#5940=ORIENTED_EDGE('',*,*,#4353,.T.);
#5941=ORIENTED_EDGE('',*,*,#4104,.T.);
#5942=ORIENTED_EDGE('',*,*,#4110,.T.);
#5943=ORIENTED_EDGE('',*,*,#4218,.T.);
#5944=ORIENTED_EDGE('',*,*,#4225,.T.);
#5945=ORIENTED_EDGE('',*,*,#4227,.T.);
#5946=ORIENTED_EDGE('',*,*,#4220,.T.);
#5947=ORIENTED_EDGE('',*,*,#4223,.T.);
#5948=ORIENTED_EDGE('',*,*,#4233,.T.);
#5949=ORIENTED_EDGE('',*,*,#4235,.T.);
#5950=ORIENTED_EDGE('',*,*,#4228,.T.);
#5951=ORIENTED_EDGE('',*,*,#4231,.T.);
#5952=ORIENTED_EDGE('',*,*,#4241,.T.);
#5953=ORIENTED_EDGE('',*,*,#4243,.T.);
#5954=ORIENTED_EDGE('',*,*,#4236,.T.);
#5955=ORIENTED_EDGE('',*,*,#4239,.T.);
#5956=ORIENTED_EDGE('',*,*,#4249,.T.);
#5957=ORIENTED_EDGE('',*,*,#4251,.T.);
#5958=ORIENTED_EDGE('',*,*,#4244,.T.);
#5959=ORIENTED_EDGE('',*,*,#4247,.T.);
#5960=ORIENTED_EDGE('',*,*,#4257,.T.);
#5961=ORIENTED_EDGE('',*,*,#4259,.T.);
#5962=ORIENTED_EDGE('',*,*,#4252,.T.);
#5963=ORIENTED_EDGE('',*,*,#4255,.T.);
#5964=ORIENTED_EDGE('',*,*,#4265,.T.);
#5965=ORIENTED_EDGE('',*,*,#4267,.T.);
#5966=ORIENTED_EDGE('',*,*,#4260,.T.);
#5967=ORIENTED_EDGE('',*,*,#4263,.T.);
#5968=ORIENTED_EDGE('',*,*,#4273,.T.);
#5969=ORIENTED_EDGE('',*,*,#4275,.T.);
#5970=ORIENTED_EDGE('',*,*,#4268,.T.);
#5971=ORIENTED_EDGE('',*,*,#4271,.T.);
#5972=ORIENTED_EDGE('',*,*,#4281,.T.);
#5973=ORIENTED_EDGE('',*,*,#4283,.T.);
#5974=ORIENTED_EDGE('',*,*,#4276,.T.);
#5975=ORIENTED_EDGE('',*,*,#4279,.T.);
#5976=ORIENTED_EDGE('',*,*,#4289,.T.);
#5977=ORIENTED_EDGE('',*,*,#4291,.T.);
#5978=ORIENTED_EDGE('',*,*,#4284,.T.);
#5979=ORIENTED_EDGE('',*,*,#4287,.T.);
#5980=ORIENTED_EDGE('',*,*,#4297,.T.);
#5981=ORIENTED_EDGE('',*,*,#4299,.T.);
#5982=ORIENTED_EDGE('',*,*,#4292,.T.);
#5983=ORIENTED_EDGE('',*,*,#4295,.T.);
#5984=ORIENTED_EDGE('',*,*,#4305,.T.);
#5985=ORIENTED_EDGE('',*,*,#4307,.T.);
#5986=ORIENTED_EDGE('',*,*,#4300,.T.);
#5987=ORIENTED_EDGE('',*,*,#4303,.T.);
#5988=ORIENTED_EDGE('',*,*,#4313,.T.);
#5989=ORIENTED_EDGE('',*,*,#4315,.T.);
#5990=ORIENTED_EDGE('',*,*,#4308,.T.);
#5991=ORIENTED_EDGE('',*,*,#4311,.T.);
#5992=ORIENTED_EDGE('',*,*,#4321,.T.);
#5993=ORIENTED_EDGE('',*,*,#4323,.T.);
#5994=ORIENTED_EDGE('',*,*,#4316,.T.);
#5995=ORIENTED_EDGE('',*,*,#4319,.T.);
#5996=ORIENTED_EDGE('',*,*,#4329,.T.);
#5997=ORIENTED_EDGE('',*,*,#4331,.T.);
#5998=ORIENTED_EDGE('',*,*,#4324,.T.);
#5999=ORIENTED_EDGE('',*,*,#4327,.T.);
#6000=ORIENTED_EDGE('',*,*,#4337,.T.);
#6001=ORIENTED_EDGE('',*,*,#4339,.T.);
#6002=ORIENTED_EDGE('',*,*,#4332,.T.);
#6003=ORIENTED_EDGE('',*,*,#4335,.T.);
#6004=ORIENTED_EDGE('',*,*,#4345,.T.);
#6005=ORIENTED_EDGE('',*,*,#4347,.T.);
#6006=ORIENTED_EDGE('',*,*,#4340,.T.);
#6007=ORIENTED_EDGE('',*,*,#4343,.T.);
#6008=ORIENTED_EDGE('',*,*,#4354,.T.);
#6009=ORIENTED_EDGE('',*,*,#4355,.T.);
#6010=ORIENTED_EDGE('',*,*,#4348,.F.);
#6011=ORIENTED_EDGE('',*,*,#4356,.F.);
#6012=ORIENTED_EDGE('',*,*,#4357,.T.);
#6013=ORIENTED_EDGE('',*,*,#4356,.T.);
#6014=ORIENTED_EDGE('',*,*,#4353,.F.);
#6015=ORIENTED_EDGE('',*,*,#4358,.F.);
#6016=ORIENTED_EDGE('',*,*,#4359,.T.);
#6017=ORIENTED_EDGE('',*,*,#4358,.T.);
#6018=ORIENTED_EDGE('',*,*,#4352,.F.);
#6019=ORIENTED_EDGE('',*,*,#4360,.F.);
#6020=ORIENTED_EDGE('',*,*,#4100,.T.);
#6021=ORIENTED_EDGE('',*,*,#4096,.F.);
#6022=ORIENTED_EDGE('',*,*,#4093,.T.);
#6023=ORIENTED_EDGE('',*,*,#4089,.F.);
#6024=ORIENTED_EDGE('',*,*,#4216,.T.);
#6025=ORIENTED_EDGE('',*,*,#4087,.F.);
#6026=ORIENTED_EDGE('',*,*,#4083,.T.);
#6027=ORIENTED_EDGE('',*,*,#4079,.F.);
#6028=ORIENTED_EDGE('',*,*,#4361,.T.);
#6029=ORIENTED_EDGE('',*,*,#4360,.T.);
#6030=ORIENTED_EDGE('',*,*,#4351,.F.);
#6031=ORIENTED_EDGE('',*,*,#4362,.F.);
#6032=ORIENTED_EDGE('',*,*,#4363,.T.);
#6033=ORIENTED_EDGE('',*,*,#4362,.T.);
#6034=ORIENTED_EDGE('',*,*,#4350,.F.);
#6035=ORIENTED_EDGE('',*,*,#4364,.F.);
#6036=ORIENTED_EDGE('',*,*,#4365,.T.);
#6037=ORIENTED_EDGE('',*,*,#4364,.T.);
#6038=ORIENTED_EDGE('',*,*,#4349,.F.);
#6039=ORIENTED_EDGE('',*,*,#4355,.F.);
#6040=ORIENTED_EDGE('',*,*,#4126,.F.);
#6041=ORIENTED_EDGE('',*,*,#4366,.F.);
#6042=ORIENTED_EDGE('',*,*,#4367,.F.);
#6043=ORIENTED_EDGE('',*,*,#4149,.T.);
#6044=ORIENTED_EDGE('',*,*,#4127,.F.);
#6045=ORIENTED_EDGE('',*,*,#4368,.F.);
#6046=ORIENTED_EDGE('',*,*,#4369,.T.);
#6047=ORIENTED_EDGE('',*,*,#4366,.T.);
#6048=ORIENTED_EDGE('',*,*,#4095,.T.);
#6049=ORIENTED_EDGE('',*,*,#4098,.F.);
#6050=ORIENTED_EDGE('',*,*,#4099,.T.);
#6051=ORIENTED_EDGE('',*,*,#4081,.F.);
#6052=ORIENTED_EDGE('',*,*,#4085,.T.);
#6053=ORIENTED_EDGE('',*,*,#4086,.F.);
#6054=ORIENTED_EDGE('',*,*,#4217,.T.);
#6055=ORIENTED_EDGE('',*,*,#4091,.F.);
#6056=ORIENTED_EDGE('',*,*,#4135,.F.);
#6057=ORIENTED_EDGE('',*,*,#4370,.F.);
#6058=ORIENTED_EDGE('',*,*,#4371,.T.);
#6059=ORIENTED_EDGE('',*,*,#4368,.T.);
#6060=ORIENTED_EDGE('',*,*,#4139,.F.);
#6061=ORIENTED_EDGE('',*,*,#4142,.F.);
#6062=ORIENTED_EDGE('',*,*,#4372,.T.);
#6063=ORIENTED_EDGE('',*,*,#4370,.T.);
#6064=ORIENTED_EDGE('',*,*,#4141,.F.);
#6065=ORIENTED_EDGE('',*,*,#4144,.F.);
#6066=ORIENTED_EDGE('',*,*,#4146,.F.);
#6067=ORIENTED_EDGE('',*,*,#4148,.F.);
#6068=ORIENTED_EDGE('',*,*,#4150,.T.);
#6069=ORIENTED_EDGE('',*,*,#4367,.T.);
#6070=ORIENTED_EDGE('',*,*,#4369,.F.);
#6071=ORIENTED_EDGE('',*,*,#4371,.F.);
#6072=ORIENTED_EDGE('',*,*,#4372,.F.);
#6073=ORIENTED_EDGE('',*,*,#4365,.F.);
#6074=ORIENTED_EDGE('',*,*,#4354,.F.);
#6075=ORIENTED_EDGE('',*,*,#4357,.F.);
#6076=ORIENTED_EDGE('',*,*,#4359,.F.);
#6077=ORIENTED_EDGE('',*,*,#4361,.F.);
#6078=ORIENTED_EDGE('',*,*,#4363,.F.);
#6079=ORIENTED_EDGE('',*,*,#4373,.F.);
#6080=ORIENTED_EDGE('',*,*,#4374,.F.);
#6081=ORIENTED_EDGE('',*,*,#4375,.F.);
#6082=ORIENTED_EDGE('',*,*,#4376,.F.);
#6083=ORIENTED_EDGE('',*,*,#4377,.T.);
#6084=ORIENTED_EDGE('',*,*,#4378,.F.);
#6085=ORIENTED_EDGE('',*,*,#4379,.F.);
#6086=ORIENTED_EDGE('',*,*,#4380,.T.);
#6087=ORIENTED_EDGE('',*,*,#4381,.T.);
#6088=ORIENTED_EDGE('',*,*,#4376,.T.);
#6089=ORIENTED_EDGE('',*,*,#4382,.F.);
#6090=ORIENTED_EDGE('',*,*,#4378,.T.);
#6091=ORIENTED_EDGE('',*,*,#4383,.T.);
#6092=ORIENTED_EDGE('',*,*,#4384,.T.);
#6093=ORIENTED_EDGE('',*,*,#4385,.F.);
#6094=ORIENTED_EDGE('',*,*,#4384,.F.);
#6095=ORIENTED_EDGE('',*,*,#4386,.F.);
#6096=ORIENTED_EDGE('',*,*,#4380,.F.);
#6097=ORIENTED_EDGE('',*,*,#4387,.F.);
#6098=ORIENTED_EDGE('',*,*,#4388,.F.);
#6099=ORIENTED_EDGE('',*,*,#4381,.F.);
#6100=ORIENTED_EDGE('',*,*,#4386,.T.);
#6101=ORIENTED_EDGE('',*,*,#4383,.F.);
#6102=ORIENTED_EDGE('',*,*,#4377,.F.);
#6103=ORIENTED_EDGE('',*,*,#4389,.T.);
#6104=ORIENTED_EDGE('',*,*,#4390,.T.);
#6105=ORIENTED_EDGE('',*,*,#4391,.F.);
#6106=ORIENTED_EDGE('',*,*,#4392,.F.);
#6107=ORIENTED_EDGE('',*,*,#4393,.T.);
#6108=ORIENTED_EDGE('',*,*,#4394,.F.);
#6109=ORIENTED_EDGE('',*,*,#4395,.F.);
#6110=ORIENTED_EDGE('',*,*,#4396,.F.);
#6111=ORIENTED_EDGE('',*,*,#4397,.T.);
#6112=ORIENTED_EDGE('',*,*,#4398,.T.);
#6113=ORIENTED_EDGE('',*,*,#4399,.T.);
#6114=ORIENTED_EDGE('',*,*,#4400,.T.);
#6115=ORIENTED_EDGE('',*,*,#4401,.T.);
#6116=ORIENTED_EDGE('',*,*,#4402,.T.);
#6117=ORIENTED_EDGE('',*,*,#4403,.T.);
#6118=ORIENTED_EDGE('',*,*,#4404,.T.);
#6119=ORIENTED_EDGE('',*,*,#4405,.T.);
#6120=ORIENTED_EDGE('',*,*,#4406,.T.);
#6121=ORIENTED_EDGE('',*,*,#4407,.T.);
#6122=ORIENTED_EDGE('',*,*,#4408,.T.);
#6123=ORIENTED_EDGE('',*,*,#4409,.T.);
#6124=ORIENTED_EDGE('',*,*,#4410,.T.);
#6125=ORIENTED_EDGE('',*,*,#4411,.T.);
#6126=ORIENTED_EDGE('',*,*,#4412,.T.);
#6127=ORIENTED_EDGE('',*,*,#4413,.T.);
#6128=ORIENTED_EDGE('',*,*,#4414,.T.);
#6129=ORIENTED_EDGE('',*,*,#4415,.T.);
#6130=ORIENTED_EDGE('',*,*,#4416,.T.);
#6131=ORIENTED_EDGE('',*,*,#4417,.T.);
#6132=ORIENTED_EDGE('',*,*,#4418,.T.);
#6133=ORIENTED_EDGE('',*,*,#4419,.T.);
#6134=ORIENTED_EDGE('',*,*,#4420,.T.);
#6135=ORIENTED_EDGE('',*,*,#4421,.T.);
#6136=ORIENTED_EDGE('',*,*,#4422,.T.);
#6137=ORIENTED_EDGE('',*,*,#4423,.T.);
#6138=ORIENTED_EDGE('',*,*,#4424,.T.);
#6139=ORIENTED_EDGE('',*,*,#4425,.T.);
#6140=ORIENTED_EDGE('',*,*,#4426,.T.);
#6141=ORIENTED_EDGE('',*,*,#4427,.T.);
#6142=ORIENTED_EDGE('',*,*,#4428,.T.);
#6143=ORIENTED_EDGE('',*,*,#4429,.T.);
#6144=ORIENTED_EDGE('',*,*,#4430,.T.);
#6145=ORIENTED_EDGE('',*,*,#4431,.T.);
#6146=ORIENTED_EDGE('',*,*,#4432,.T.);
#6147=ORIENTED_EDGE('',*,*,#4433,.T.);
#6148=ORIENTED_EDGE('',*,*,#4434,.T.);
#6149=ORIENTED_EDGE('',*,*,#4435,.T.);
#6150=ORIENTED_EDGE('',*,*,#4436,.T.);
#6151=ORIENTED_EDGE('',*,*,#4437,.T.);
#6152=ORIENTED_EDGE('',*,*,#4438,.T.);
#6153=ORIENTED_EDGE('',*,*,#4439,.T.);
#6154=ORIENTED_EDGE('',*,*,#4440,.T.);
#6155=ORIENTED_EDGE('',*,*,#4441,.T.);
#6156=ORIENTED_EDGE('',*,*,#4442,.T.);
#6157=ORIENTED_EDGE('',*,*,#4443,.T.);
#6158=ORIENTED_EDGE('',*,*,#4444,.T.);
#6159=ORIENTED_EDGE('',*,*,#4445,.T.);
#6160=ORIENTED_EDGE('',*,*,#4446,.T.);
#6161=ORIENTED_EDGE('',*,*,#4447,.T.);
#6162=ORIENTED_EDGE('',*,*,#4448,.T.);
#6163=ORIENTED_EDGE('',*,*,#4449,.T.);
#6164=ORIENTED_EDGE('',*,*,#4450,.T.);
#6165=ORIENTED_EDGE('',*,*,#4451,.T.);
#6166=ORIENTED_EDGE('',*,*,#4452,.T.);
#6167=ORIENTED_EDGE('',*,*,#4453,.T.);
#6168=ORIENTED_EDGE('',*,*,#4454,.T.);
#6169=ORIENTED_EDGE('',*,*,#4455,.T.);
#6170=ORIENTED_EDGE('',*,*,#4456,.T.);
#6171=ORIENTED_EDGE('',*,*,#4457,.T.);
#6172=ORIENTED_EDGE('',*,*,#4458,.T.);
#6173=ORIENTED_EDGE('',*,*,#4459,.T.);
#6174=ORIENTED_EDGE('',*,*,#4460,.T.);
#6175=ORIENTED_EDGE('',*,*,#4461,.T.);
#6176=ORIENTED_EDGE('',*,*,#4462,.T.);
#6177=ORIENTED_EDGE('',*,*,#4463,.T.);
#6178=ORIENTED_EDGE('',*,*,#4464,.T.);
#6179=ORIENTED_EDGE('',*,*,#4465,.T.);
#6180=ORIENTED_EDGE('',*,*,#4466,.T.);
#6181=ORIENTED_EDGE('',*,*,#4467,.T.);
#6182=ORIENTED_EDGE('',*,*,#4468,.T.);
#6183=ORIENTED_EDGE('',*,*,#4469,.T.);
#6184=ORIENTED_EDGE('',*,*,#4470,.T.);
#6185=ORIENTED_EDGE('',*,*,#4471,.T.);
#6186=ORIENTED_EDGE('',*,*,#4472,.T.);
#6187=ORIENTED_EDGE('',*,*,#4473,.T.);
#6188=ORIENTED_EDGE('',*,*,#4474,.T.);
#6189=ORIENTED_EDGE('',*,*,#4475,.T.);
#6190=ORIENTED_EDGE('',*,*,#4476,.T.);
#6191=ORIENTED_EDGE('',*,*,#4477,.T.);
#6192=ORIENTED_EDGE('',*,*,#4478,.F.);
#6193=ORIENTED_EDGE('',*,*,#4479,.F.);
#6194=ORIENTED_EDGE('',*,*,#4480,.F.);
#6195=ORIENTED_EDGE('',*,*,#4481,.T.);
#6196=ORIENTED_EDGE('',*,*,#4482,.F.);
#6197=ORIENTED_EDGE('',*,*,#4483,.F.);
#6198=ORIENTED_EDGE('',*,*,#4484,.F.);
#6199=ORIENTED_EDGE('',*,*,#4485,.T.);
#6200=ORIENTED_EDGE('',*,*,#4486,.F.);
#6201=ORIENTED_EDGE('',*,*,#4487,.F.);
#6202=ORIENTED_EDGE('',*,*,#4488,.F.);
#6203=ORIENTED_EDGE('',*,*,#4489,.T.);
#6204=ORIENTED_EDGE('',*,*,#4490,.F.);
#6205=ORIENTED_EDGE('',*,*,#4491,.F.);
#6206=ORIENTED_EDGE('',*,*,#4492,.F.);
#6207=ORIENTED_EDGE('',*,*,#4493,.T.);
#6208=ORIENTED_EDGE('',*,*,#4494,.T.);
#6209=ORIENTED_EDGE('',*,*,#4495,.T.);
#6210=ORIENTED_EDGE('',*,*,#4496,.T.);
#6211=ORIENTED_EDGE('',*,*,#4497,.T.);
#6212=ORIENTED_EDGE('',*,*,#4498,.T.);
#6213=ORIENTED_EDGE('',*,*,#4499,.T.);
#6214=ORIENTED_EDGE('',*,*,#4500,.T.);
#6215=ORIENTED_EDGE('',*,*,#4501,.T.);
#6216=ORIENTED_EDGE('',*,*,#4502,.T.);
#6217=ORIENTED_EDGE('',*,*,#4503,.T.);
#6218=ORIENTED_EDGE('',*,*,#4504,.T.);
#6219=ORIENTED_EDGE('',*,*,#4505,.T.);
#6220=ORIENTED_EDGE('',*,*,#4506,.T.);
#6221=ORIENTED_EDGE('',*,*,#4507,.T.);
#6222=ORIENTED_EDGE('',*,*,#4508,.T.);
#6223=ORIENTED_EDGE('',*,*,#4509,.T.);
#6224=ORIENTED_EDGE('',*,*,#4510,.T.);
#6225=ORIENTED_EDGE('',*,*,#4511,.T.);
#6226=ORIENTED_EDGE('',*,*,#4512,.T.);
#6227=ORIENTED_EDGE('',*,*,#4513,.T.);
#6228=ORIENTED_EDGE('',*,*,#4514,.T.);
#6229=ORIENTED_EDGE('',*,*,#4515,.T.);
#6230=ORIENTED_EDGE('',*,*,#4516,.T.);
#6231=ORIENTED_EDGE('',*,*,#4517,.T.);
#6232=ORIENTED_EDGE('',*,*,#4518,.T.);
#6233=ORIENTED_EDGE('',*,*,#4519,.T.);
#6234=ORIENTED_EDGE('',*,*,#4520,.T.);
#6235=ORIENTED_EDGE('',*,*,#4521,.T.);
#6236=ORIENTED_EDGE('',*,*,#4522,.T.);
#6237=ORIENTED_EDGE('',*,*,#4523,.T.);
#6238=ORIENTED_EDGE('',*,*,#4524,.T.);
#6239=ORIENTED_EDGE('',*,*,#4525,.T.);
#6240=ORIENTED_EDGE('',*,*,#4526,.T.);
#6241=ORIENTED_EDGE('',*,*,#4527,.T.);
#6242=ORIENTED_EDGE('',*,*,#4528,.T.);
#6243=ORIENTED_EDGE('',*,*,#4529,.T.);
#6244=ORIENTED_EDGE('',*,*,#4530,.T.);
#6245=ORIENTED_EDGE('',*,*,#4531,.T.);
#6246=ORIENTED_EDGE('',*,*,#4532,.T.);
#6247=ORIENTED_EDGE('',*,*,#4533,.T.);
#6248=ORIENTED_EDGE('',*,*,#4373,.T.);
#6249=ORIENTED_EDGE('',*,*,#4382,.T.);
#6250=ORIENTED_EDGE('',*,*,#4385,.T.);
#6251=ORIENTED_EDGE('',*,*,#4534,.T.);
#6252=ORIENTED_EDGE('',*,*,#4535,.T.);
#6253=ORIENTED_EDGE('',*,*,#4536,.T.);
#6254=ORIENTED_EDGE('',*,*,#4537,.T.);
#6255=ORIENTED_EDGE('',*,*,#4538,.T.);
#6256=ORIENTED_EDGE('',*,*,#4539,.T.);
#6257=ORIENTED_EDGE('',*,*,#4540,.T.);
#6258=ORIENTED_EDGE('',*,*,#4541,.T.);
#6259=ORIENTED_EDGE('',*,*,#4542,.T.);
#6260=ORIENTED_EDGE('',*,*,#4543,.T.);
#6261=ORIENTED_EDGE('',*,*,#4544,.T.);
#6262=ORIENTED_EDGE('',*,*,#4545,.T.);
#6263=ORIENTED_EDGE('',*,*,#4546,.T.);
#6264=ORIENTED_EDGE('',*,*,#4547,.T.);
#6265=ORIENTED_EDGE('',*,*,#4548,.T.);
#6266=ORIENTED_EDGE('',*,*,#4549,.T.);
#6267=ORIENTED_EDGE('',*,*,#4550,.T.);
#6268=ORIENTED_EDGE('',*,*,#4551,.T.);
#6269=ORIENTED_EDGE('',*,*,#4552,.T.);
#6270=ORIENTED_EDGE('',*,*,#4553,.T.);
#6271=ORIENTED_EDGE('',*,*,#4554,.T.);
#6272=ORIENTED_EDGE('',*,*,#4555,.F.);
#6273=ORIENTED_EDGE('',*,*,#4556,.F.);
#6274=ORIENTED_EDGE('',*,*,#4557,.F.);
#6275=ORIENTED_EDGE('',*,*,#4558,.T.);
#6276=ORIENTED_EDGE('',*,*,#4559,.F.);
#6277=ORIENTED_EDGE('',*,*,#4560,.F.);
#6278=ORIENTED_EDGE('',*,*,#4561,.F.);
#6279=ORIENTED_EDGE('',*,*,#4562,.T.);
#6280=ORIENTED_EDGE('',*,*,#4563,.F.);
#6281=ORIENTED_EDGE('',*,*,#4564,.F.);
#6282=ORIENTED_EDGE('',*,*,#4565,.F.);
#6283=ORIENTED_EDGE('',*,*,#4566,.T.);
#6284=ORIENTED_EDGE('',*,*,#4567,.F.);
#6285=ORIENTED_EDGE('',*,*,#4568,.F.);
#6286=ORIENTED_EDGE('',*,*,#4390,.F.);
#6287=ORIENTED_EDGE('',*,*,#4388,.T.);
#6288=ORIENTED_EDGE('',*,*,#4569,.F.);
#6289=ORIENTED_EDGE('',*,*,#4570,.T.);
#6290=ORIENTED_EDGE('',*,*,#4534,.F.);
#6291=ORIENTED_EDGE('',*,*,#4571,.T.);
#6292=ORIENTED_EDGE('',*,*,#4572,.T.);
#6293=ORIENTED_EDGE('',*,*,#4573,.T.);
#6294=ORIENTED_EDGE('',*,*,#4574,.F.);
#6295=ORIENTED_EDGE('',*,*,#4575,.F.);
#6296=ORIENTED_EDGE('',*,*,#4576,.F.);
#6297=ORIENTED_EDGE('',*,*,#4577,.T.);
#6298=ORIENTED_EDGE('',*,*,#4578,.T.);
#6299=ORIENTED_EDGE('',*,*,#4579,.T.);
#6300=ORIENTED_EDGE('',*,*,#4580,.T.);
#6301=ORIENTED_EDGE('',*,*,#4581,.T.);
#6302=ORIENTED_EDGE('',*,*,#4582,.T.);
#6303=ORIENTED_EDGE('',*,*,#4583,.T.);
#6304=ORIENTED_EDGE('',*,*,#4584,.T.);
#6305=ORIENTED_EDGE('',*,*,#4585,.T.);
#6306=ORIENTED_EDGE('',*,*,#4586,.T.);
#6307=ORIENTED_EDGE('',*,*,#4587,.T.);
#6308=ORIENTED_EDGE('',*,*,#4588,.T.);
#6309=ORIENTED_EDGE('',*,*,#4589,.T.);
#6310=ORIENTED_EDGE('',*,*,#4590,.T.);
#6311=ORIENTED_EDGE('',*,*,#4591,.T.);
#6312=ORIENTED_EDGE('',*,*,#4592,.T.);
#6313=ORIENTED_EDGE('',*,*,#4593,.T.);
#6314=ORIENTED_EDGE('',*,*,#4594,.T.);
#6315=ORIENTED_EDGE('',*,*,#4595,.T.);
#6316=ORIENTED_EDGE('',*,*,#4596,.T.);
#6317=ORIENTED_EDGE('',*,*,#4597,.T.);
#6318=ORIENTED_EDGE('',*,*,#4598,.T.);
#6319=ORIENTED_EDGE('',*,*,#4599,.T.);
#6320=ORIENTED_EDGE('',*,*,#4600,.T.);
#6321=ORIENTED_EDGE('',*,*,#4601,.T.);
#6322=ORIENTED_EDGE('',*,*,#4602,.T.);
#6323=ORIENTED_EDGE('',*,*,#4603,.T.);
#6324=ORIENTED_EDGE('',*,*,#4604,.T.);
#6325=ORIENTED_EDGE('',*,*,#4605,.T.);
#6326=ORIENTED_EDGE('',*,*,#4606,.T.);
#6327=ORIENTED_EDGE('',*,*,#4607,.T.);
#6328=ORIENTED_EDGE('',*,*,#4608,.T.);
#6329=ORIENTED_EDGE('',*,*,#4609,.T.);
#6330=ORIENTED_EDGE('',*,*,#4610,.T.);
#6331=ORIENTED_EDGE('',*,*,#4611,.T.);
#6332=ORIENTED_EDGE('',*,*,#4612,.T.);
#6333=ORIENTED_EDGE('',*,*,#4613,.T.);
#6334=ORIENTED_EDGE('',*,*,#4614,.T.);
#6335=ORIENTED_EDGE('',*,*,#4615,.T.);
#6336=ORIENTED_EDGE('',*,*,#4616,.T.);
#6337=ORIENTED_EDGE('',*,*,#4617,.T.);
#6338=ORIENTED_EDGE('',*,*,#4618,.T.);
#6339=ORIENTED_EDGE('',*,*,#4619,.T.);
#6340=ORIENTED_EDGE('',*,*,#4620,.T.);
#6341=ORIENTED_EDGE('',*,*,#4621,.T.);
#6342=ORIENTED_EDGE('',*,*,#4622,.T.);
#6343=ORIENTED_EDGE('',*,*,#4623,.T.);
#6344=ORIENTED_EDGE('',*,*,#4624,.T.);
#6345=ORIENTED_EDGE('',*,*,#4625,.T.);
#6346=ORIENTED_EDGE('',*,*,#4626,.T.);
#6347=ORIENTED_EDGE('',*,*,#4627,.T.);
#6348=ORIENTED_EDGE('',*,*,#4628,.T.);
#6349=ORIENTED_EDGE('',*,*,#4629,.T.);
#6350=ORIENTED_EDGE('',*,*,#4630,.T.);
#6351=ORIENTED_EDGE('',*,*,#4631,.T.);
#6352=ORIENTED_EDGE('',*,*,#4632,.T.);
#6353=ORIENTED_EDGE('',*,*,#4633,.T.);
#6354=ORIENTED_EDGE('',*,*,#4634,.T.);
#6355=ORIENTED_EDGE('',*,*,#4635,.T.);
#6356=ORIENTED_EDGE('',*,*,#4636,.T.);
#6357=ORIENTED_EDGE('',*,*,#4637,.T.);
#6358=ORIENTED_EDGE('',*,*,#4638,.T.);
#6359=ORIENTED_EDGE('',*,*,#4639,.T.);
#6360=ORIENTED_EDGE('',*,*,#4640,.T.);
#6361=ORIENTED_EDGE('',*,*,#4641,.T.);
#6362=ORIENTED_EDGE('',*,*,#4642,.T.);
#6363=ORIENTED_EDGE('',*,*,#4643,.T.);
#6364=ORIENTED_EDGE('',*,*,#4644,.T.);
#6365=ORIENTED_EDGE('',*,*,#4645,.T.);
#6366=ORIENTED_EDGE('',*,*,#4646,.T.);
#6367=ORIENTED_EDGE('',*,*,#4647,.T.);
#6368=ORIENTED_EDGE('',*,*,#4648,.T.);
#6369=ORIENTED_EDGE('',*,*,#4649,.T.);
#6370=ORIENTED_EDGE('',*,*,#4650,.T.);
#6371=ORIENTED_EDGE('',*,*,#4651,.T.);
#6372=ORIENTED_EDGE('',*,*,#4652,.T.);
#6373=ORIENTED_EDGE('',*,*,#4653,.T.);
#6374=ORIENTED_EDGE('',*,*,#4654,.T.);
#6375=ORIENTED_EDGE('',*,*,#4655,.T.);
#6376=ORIENTED_EDGE('',*,*,#4656,.T.);
#6377=ORIENTED_EDGE('',*,*,#4657,.T.);
#6378=ORIENTED_EDGE('',*,*,#4658,.F.);
#6379=ORIENTED_EDGE('',*,*,#4659,.F.);
#6380=ORIENTED_EDGE('',*,*,#4660,.F.);
#6381=ORIENTED_EDGE('',*,*,#4661,.T.);
#6382=ORIENTED_EDGE('',*,*,#4662,.F.);
#6383=ORIENTED_EDGE('',*,*,#4663,.F.);
#6384=ORIENTED_EDGE('',*,*,#4664,.F.);
#6385=ORIENTED_EDGE('',*,*,#4665,.T.);
#6386=ORIENTED_EDGE('',*,*,#4666,.F.);
#6387=ORIENTED_EDGE('',*,*,#4667,.F.);
#6388=ORIENTED_EDGE('',*,*,#4668,.F.);
#6389=ORIENTED_EDGE('',*,*,#4669,.T.);
#6390=ORIENTED_EDGE('',*,*,#4670,.F.);
#6391=ORIENTED_EDGE('',*,*,#4671,.F.);
#6392=ORIENTED_EDGE('',*,*,#4672,.F.);
#6393=ORIENTED_EDGE('',*,*,#4673,.T.);
#6394=ORIENTED_EDGE('',*,*,#4674,.F.);
#6395=ORIENTED_EDGE('',*,*,#4675,.F.);
#6396=ORIENTED_EDGE('',*,*,#4676,.F.);
#6397=ORIENTED_EDGE('',*,*,#4677,.T.);
#6398=ORIENTED_EDGE('',*,*,#4678,.T.);
#6399=ORIENTED_EDGE('',*,*,#4679,.T.);
#6400=ORIENTED_EDGE('',*,*,#4680,.T.);
#6401=ORIENTED_EDGE('',*,*,#4681,.T.);
#6402=ORIENTED_EDGE('',*,*,#4682,.T.);
#6403=ORIENTED_EDGE('',*,*,#4683,.T.);
#6404=ORIENTED_EDGE('',*,*,#4684,.T.);
#6405=ORIENTED_EDGE('',*,*,#4685,.T.);
#6406=ORIENTED_EDGE('',*,*,#4686,.T.);
#6407=ORIENTED_EDGE('',*,*,#4687,.T.);
#6408=ORIENTED_EDGE('',*,*,#4688,.T.);
#6409=ORIENTED_EDGE('',*,*,#4689,.T.);
#6410=ORIENTED_EDGE('',*,*,#4690,.T.);
#6411=ORIENTED_EDGE('',*,*,#4691,.T.);
#6412=ORIENTED_EDGE('',*,*,#4692,.T.);
#6413=ORIENTED_EDGE('',*,*,#4693,.T.);
#6414=ORIENTED_EDGE('',*,*,#4694,.T.);
#6415=ORIENTED_EDGE('',*,*,#4695,.T.);
#6416=ORIENTED_EDGE('',*,*,#4696,.T.);
#6417=ORIENTED_EDGE('',*,*,#4569,.T.);
#6418=ORIENTED_EDGE('',*,*,#4387,.T.);
#6419=ORIENTED_EDGE('',*,*,#4379,.T.);
#6420=ORIENTED_EDGE('',*,*,#4375,.T.);
#6421=ORIENTED_EDGE('',*,*,#4697,.T.);
#6422=ORIENTED_EDGE('',*,*,#4698,.T.);
#6423=ORIENTED_EDGE('',*,*,#4699,.T.);
#6424=ORIENTED_EDGE('',*,*,#4700,.T.);
#6425=ORIENTED_EDGE('',*,*,#4701,.T.);
#6426=ORIENTED_EDGE('',*,*,#4702,.T.);
#6427=ORIENTED_EDGE('',*,*,#4703,.T.);
#6428=ORIENTED_EDGE('',*,*,#4704,.T.);
#6429=ORIENTED_EDGE('',*,*,#4705,.T.);
#6430=ORIENTED_EDGE('',*,*,#4706,.T.);
#6431=ORIENTED_EDGE('',*,*,#4707,.T.);
#6432=ORIENTED_EDGE('',*,*,#4708,.T.);
#6433=ORIENTED_EDGE('',*,*,#4709,.T.);
#6434=ORIENTED_EDGE('',*,*,#4710,.T.);
#6435=ORIENTED_EDGE('',*,*,#4711,.T.);
#6436=ORIENTED_EDGE('',*,*,#4712,.T.);
#6437=ORIENTED_EDGE('',*,*,#4713,.T.);
#6438=ORIENTED_EDGE('',*,*,#4714,.T.);
#6439=ORIENTED_EDGE('',*,*,#4715,.T.);
#6440=ORIENTED_EDGE('',*,*,#4716,.T.);
#6441=ORIENTED_EDGE('',*,*,#4717,.T.);
#6442=ORIENTED_EDGE('',*,*,#4718,.T.);
#6443=ORIENTED_EDGE('',*,*,#4719,.T.);
#6444=ORIENTED_EDGE('',*,*,#4720,.T.);
#6445=ORIENTED_EDGE('',*,*,#4721,.T.);
#6446=ORIENTED_EDGE('',*,*,#4722,.T.);
#6447=ORIENTED_EDGE('',*,*,#4723,.T.);
#6448=ORIENTED_EDGE('',*,*,#4724,.T.);
#6449=ORIENTED_EDGE('',*,*,#4725,.T.);
#6450=ORIENTED_EDGE('',*,*,#4726,.T.);
#6451=ORIENTED_EDGE('',*,*,#4727,.T.);
#6452=ORIENTED_EDGE('',*,*,#4728,.T.);
#6453=ORIENTED_EDGE('',*,*,#4729,.T.);
#6454=ORIENTED_EDGE('',*,*,#4730,.T.);
#6455=ORIENTED_EDGE('',*,*,#4731,.T.);
#6456=ORIENTED_EDGE('',*,*,#4732,.T.);
#6457=ORIENTED_EDGE('',*,*,#4733,.T.);
#6458=ORIENTED_EDGE('',*,*,#4734,.T.);
#6459=ORIENTED_EDGE('',*,*,#4735,.T.);
#6460=ORIENTED_EDGE('',*,*,#4736,.T.);
#6461=ORIENTED_EDGE('',*,*,#4737,.T.);
#6462=ORIENTED_EDGE('',*,*,#4738,.F.);
#6463=ORIENTED_EDGE('',*,*,#4739,.F.);
#6464=ORIENTED_EDGE('',*,*,#4740,.F.);
#6465=ORIENTED_EDGE('',*,*,#4741,.T.);
#6466=ORIENTED_EDGE('',*,*,#4742,.F.);
#6467=ORIENTED_EDGE('',*,*,#4743,.F.);
#6468=ORIENTED_EDGE('',*,*,#4744,.F.);
#6469=ORIENTED_EDGE('',*,*,#4745,.T.);
#6470=ORIENTED_EDGE('',*,*,#4746,.F.);
#6471=ORIENTED_EDGE('',*,*,#4747,.F.);
#6472=ORIENTED_EDGE('',*,*,#4748,.F.);
#6473=ORIENTED_EDGE('',*,*,#4749,.T.);
#6474=ORIENTED_EDGE('',*,*,#4572,.F.);
#6475=ORIENTED_EDGE('',*,*,#4543,.F.);
#6476=ORIENTED_EDGE('',*,*,#4750,.F.);
#6477=ORIENTED_EDGE('',*,*,#4688,.F.);
#6478=ORIENTED_EDGE('',*,*,#4751,.F.);
#6479=ORIENTED_EDGE('',*,*,#4752,.T.);
#6480=ORIENTED_EDGE('',*,*,#4753,.F.);
#6481=ORIENTED_EDGE('',*,*,#4687,.F.);
#6482=ORIENTED_EDGE('',*,*,#4754,.T.);
#6483=ORIENTED_EDGE('',*,*,#4755,.T.);
#6484=ORIENTED_EDGE('',*,*,#4751,.T.);
#6485=ORIENTED_EDGE('',*,*,#4544,.F.);
#6486=ORIENTED_EDGE('',*,*,#4753,.T.);
#6487=ORIENTED_EDGE('',*,*,#4756,.T.);
#6488=ORIENTED_EDGE('',*,*,#4757,.T.);
#6489=ORIENTED_EDGE('',*,*,#4545,.F.);
#6490=ORIENTED_EDGE('',*,*,#4757,.F.);
#6491=ORIENTED_EDGE('',*,*,#4758,.F.);
#6492=ORIENTED_EDGE('',*,*,#4754,.F.);
#6493=ORIENTED_EDGE('',*,*,#4686,.F.);
#6494=ORIENTED_EDGE('',*,*,#4759,.F.);
#6495=ORIENTED_EDGE('',*,*,#4755,.F.);
#6496=ORIENTED_EDGE('',*,*,#4758,.T.);
#6497=ORIENTED_EDGE('',*,*,#4756,.F.);
#6498=ORIENTED_EDGE('',*,*,#4752,.F.);
#6499=ORIENTED_EDGE('',*,*,#4759,.T.);
#6500=ORIENTED_EDGE('',*,*,#4685,.F.);
#6501=ORIENTED_EDGE('',*,*,#4760,.T.);
#6502=ORIENTED_EDGE('',*,*,#4546,.F.);
#6503=ORIENTED_EDGE('',*,*,#4547,.F.);
#6504=ORIENTED_EDGE('',*,*,#4760,.F.);
#6505=ORIENTED_EDGE('',*,*,#4684,.F.);
#6506=ORIENTED_EDGE('',*,*,#4761,.F.);
#6507=ORIENTED_EDGE('',*,*,#4762,.T.);
#6508=ORIENTED_EDGE('',*,*,#4763,.F.);
#6509=ORIENTED_EDGE('',*,*,#4683,.F.);
#6510=ORIENTED_EDGE('',*,*,#4764,.T.);
#6511=ORIENTED_EDGE('',*,*,#4765,.T.);
#6512=ORIENTED_EDGE('',*,*,#4761,.T.);
#6513=ORIENTED_EDGE('',*,*,#4548,.F.);
#6514=ORIENTED_EDGE('',*,*,#4763,.T.);
#6515=ORIENTED_EDGE('',*,*,#4766,.T.);
#6516=ORIENTED_EDGE('',*,*,#4767,.T.);
#6517=ORIENTED_EDGE('',*,*,#4549,.F.);
#6518=ORIENTED_EDGE('',*,*,#4767,.F.);
#6519=ORIENTED_EDGE('',*,*,#4768,.F.);
#6520=ORIENTED_EDGE('',*,*,#4764,.F.);
#6521=ORIENTED_EDGE('',*,*,#4682,.F.);
#6522=ORIENTED_EDGE('',*,*,#4769,.F.);
#6523=ORIENTED_EDGE('',*,*,#4765,.F.);
#6524=ORIENTED_EDGE('',*,*,#4768,.T.);
#6525=ORIENTED_EDGE('',*,*,#4766,.F.);
#6526=ORIENTED_EDGE('',*,*,#4762,.F.);
#6527=ORIENTED_EDGE('',*,*,#4769,.T.);
#6528=ORIENTED_EDGE('',*,*,#4681,.F.);
#6529=ORIENTED_EDGE('',*,*,#4770,.T.);
#6530=ORIENTED_EDGE('',*,*,#4550,.F.);
#6531=ORIENTED_EDGE('',*,*,#4526,.F.);
#6532=ORIENTED_EDGE('',*,*,#4771,.F.);
#6533=ORIENTED_EDGE('',*,*,#4704,.F.);
#6534=ORIENTED_EDGE('',*,*,#4772,.F.);
#6535=ORIENTED_EDGE('',*,*,#4773,.T.);
#6536=ORIENTED_EDGE('',*,*,#4774,.F.);
#6537=ORIENTED_EDGE('',*,*,#4703,.F.);
#6538=ORIENTED_EDGE('',*,*,#4775,.T.);
#6539=ORIENTED_EDGE('',*,*,#4776,.T.);
#6540=ORIENTED_EDGE('',*,*,#4772,.T.);
#6541=ORIENTED_EDGE('',*,*,#4527,.F.);
#6542=ORIENTED_EDGE('',*,*,#4774,.T.);
#6543=ORIENTED_EDGE('',*,*,#4777,.T.);
#6544=ORIENTED_EDGE('',*,*,#4778,.T.);
#6545=ORIENTED_EDGE('',*,*,#4528,.F.);
#6546=ORIENTED_EDGE('',*,*,#4778,.F.);
#6547=ORIENTED_EDGE('',*,*,#4779,.F.);
#6548=ORIENTED_EDGE('',*,*,#4775,.F.);
#6549=ORIENTED_EDGE('',*,*,#4702,.F.);
#6550=ORIENTED_EDGE('',*,*,#4780,.F.);
#6551=ORIENTED_EDGE('',*,*,#4776,.F.);
#6552=ORIENTED_EDGE('',*,*,#4779,.T.);
#6553=ORIENTED_EDGE('',*,*,#4777,.F.);
#6554=ORIENTED_EDGE('',*,*,#4773,.F.);
#6555=ORIENTED_EDGE('',*,*,#4780,.T.);
#6556=ORIENTED_EDGE('',*,*,#4701,.F.);
#6557=ORIENTED_EDGE('',*,*,#4781,.T.);
#6558=ORIENTED_EDGE('',*,*,#4529,.F.);
#6559=ORIENTED_EDGE('',*,*,#4530,.F.);
#6560=ORIENTED_EDGE('',*,*,#4781,.F.);
#6561=ORIENTED_EDGE('',*,*,#4700,.F.);
#6562=ORIENTED_EDGE('',*,*,#4782,.F.);
#6563=ORIENTED_EDGE('',*,*,#4783,.T.);
#6564=ORIENTED_EDGE('',*,*,#4784,.F.);
#6565=ORIENTED_EDGE('',*,*,#4699,.F.);
#6566=ORIENTED_EDGE('',*,*,#4785,.T.);
#6567=ORIENTED_EDGE('',*,*,#4786,.T.);
#6568=ORIENTED_EDGE('',*,*,#4782,.T.);
#6569=ORIENTED_EDGE('',*,*,#4531,.F.);
#6570=ORIENTED_EDGE('',*,*,#4784,.T.);
#6571=ORIENTED_EDGE('',*,*,#4787,.T.);
#6572=ORIENTED_EDGE('',*,*,#4788,.T.);
#6573=ORIENTED_EDGE('',*,*,#4532,.F.);
#6574=ORIENTED_EDGE('',*,*,#4788,.F.);
#6575=ORIENTED_EDGE('',*,*,#4789,.F.);
#6576=ORIENTED_EDGE('',*,*,#4785,.F.);
#6577=ORIENTED_EDGE('',*,*,#4698,.F.);
#6578=ORIENTED_EDGE('',*,*,#4790,.F.);
#6579=ORIENTED_EDGE('',*,*,#4786,.F.);
#6580=ORIENTED_EDGE('',*,*,#4789,.T.);
#6581=ORIENTED_EDGE('',*,*,#4787,.F.);
#6582=ORIENTED_EDGE('',*,*,#4783,.F.);
#6583=ORIENTED_EDGE('',*,*,#4374,.T.);
#6584=ORIENTED_EDGE('',*,*,#4533,.F.);
#6585=ORIENTED_EDGE('',*,*,#4790,.T.);
#6586=ORIENTED_EDGE('',*,*,#4697,.F.);
#6587=ORIENTED_EDGE('',*,*,#4539,.F.);
#6588=ORIENTED_EDGE('',*,*,#4791,.F.);
#6589=ORIENTED_EDGE('',*,*,#4692,.F.);
#6590=ORIENTED_EDGE('',*,*,#4792,.F.);
#6591=ORIENTED_EDGE('',*,*,#4793,.T.);
#6592=ORIENTED_EDGE('',*,*,#4794,.F.);
#6593=ORIENTED_EDGE('',*,*,#4691,.F.);
#6594=ORIENTED_EDGE('',*,*,#4795,.T.);
#6595=ORIENTED_EDGE('',*,*,#4796,.T.);
#6596=ORIENTED_EDGE('',*,*,#4792,.T.);
#6597=ORIENTED_EDGE('',*,*,#4540,.F.);
#6598=ORIENTED_EDGE('',*,*,#4794,.T.);
#6599=ORIENTED_EDGE('',*,*,#4797,.T.);
#6600=ORIENTED_EDGE('',*,*,#4798,.T.);
#6601=ORIENTED_EDGE('',*,*,#4541,.F.);
#6602=ORIENTED_EDGE('',*,*,#4798,.F.);
#6603=ORIENTED_EDGE('',*,*,#4799,.F.);
#6604=ORIENTED_EDGE('',*,*,#4795,.F.);
#6605=ORIENTED_EDGE('',*,*,#4690,.F.);
#6606=ORIENTED_EDGE('',*,*,#4800,.F.);
#6607=ORIENTED_EDGE('',*,*,#4796,.F.);
#6608=ORIENTED_EDGE('',*,*,#4799,.T.);
#6609=ORIENTED_EDGE('',*,*,#4797,.F.);
#6610=ORIENTED_EDGE('',*,*,#4793,.F.);
#6611=ORIENTED_EDGE('',*,*,#4750,.T.);
#6612=ORIENTED_EDGE('',*,*,#4542,.F.);
#6613=ORIENTED_EDGE('',*,*,#4800,.T.);
#6614=ORIENTED_EDGE('',*,*,#4689,.F.);
#6615=ORIENTED_EDGE('',*,*,#4535,.F.);
#6616=ORIENTED_EDGE('',*,*,#4570,.F.);
#6617=ORIENTED_EDGE('',*,*,#4696,.F.);
#6618=ORIENTED_EDGE('',*,*,#4801,.F.);
#6619=ORIENTED_EDGE('',*,*,#4802,.T.);
#6620=ORIENTED_EDGE('',*,*,#4803,.F.);
#6621=ORIENTED_EDGE('',*,*,#4695,.F.);
#6622=ORIENTED_EDGE('',*,*,#4804,.T.);
#6623=ORIENTED_EDGE('',*,*,#4805,.T.);
#6624=ORIENTED_EDGE('',*,*,#4801,.T.);
#6625=ORIENTED_EDGE('',*,*,#4536,.F.);
#6626=ORIENTED_EDGE('',*,*,#4803,.T.);
#6627=ORIENTED_EDGE('',*,*,#4806,.T.);
#6628=ORIENTED_EDGE('',*,*,#4807,.T.);
#6629=ORIENTED_EDGE('',*,*,#4537,.F.);
#6630=ORIENTED_EDGE('',*,*,#4807,.F.);
#6631=ORIENTED_EDGE('',*,*,#4808,.F.);
#6632=ORIENTED_EDGE('',*,*,#4804,.F.);
#6633=ORIENTED_EDGE('',*,*,#4694,.F.);
#6634=ORIENTED_EDGE('',*,*,#4809,.F.);
#6635=ORIENTED_EDGE('',*,*,#4805,.F.);
#6636=ORIENTED_EDGE('',*,*,#4808,.T.);
#6637=ORIENTED_EDGE('',*,*,#4806,.F.);
#6638=ORIENTED_EDGE('',*,*,#4802,.F.);
#6639=ORIENTED_EDGE('',*,*,#4791,.T.);
#6640=ORIENTED_EDGE('',*,*,#4538,.F.);
#6641=ORIENTED_EDGE('',*,*,#4809,.T.);
#6642=ORIENTED_EDGE('',*,*,#4693,.F.);
#6643=ORIENTED_EDGE('',*,*,#4551,.F.);
#6644=ORIENTED_EDGE('',*,*,#4770,.F.);
#6645=ORIENTED_EDGE('',*,*,#4680,.F.);
#6646=ORIENTED_EDGE('',*,*,#4810,.F.);
#6647=ORIENTED_EDGE('',*,*,#4811,.T.);
#6648=ORIENTED_EDGE('',*,*,#4812,.F.);
#6649=ORIENTED_EDGE('',*,*,#4679,.F.);
#6650=ORIENTED_EDGE('',*,*,#4813,.T.);
#6651=ORIENTED_EDGE('',*,*,#4814,.T.);
#6652=ORIENTED_EDGE('',*,*,#4810,.T.);
#6653=ORIENTED_EDGE('',*,*,#4552,.F.);
#6654=ORIENTED_EDGE('',*,*,#4812,.T.);
#6655=ORIENTED_EDGE('',*,*,#4815,.T.);
#6656=ORIENTED_EDGE('',*,*,#4816,.T.);
#6657=ORIENTED_EDGE('',*,*,#4553,.F.);
#6658=ORIENTED_EDGE('',*,*,#4816,.F.);
#6659=ORIENTED_EDGE('',*,*,#4817,.F.);
#6660=ORIENTED_EDGE('',*,*,#4813,.F.);
#6661=ORIENTED_EDGE('',*,*,#4678,.F.);
#6662=ORIENTED_EDGE('',*,*,#4818,.F.);
#6663=ORIENTED_EDGE('',*,*,#4814,.F.);
#6664=ORIENTED_EDGE('',*,*,#4817,.T.);
#6665=ORIENTED_EDGE('',*,*,#4815,.F.);
#6666=ORIENTED_EDGE('',*,*,#4811,.F.);
#6667=ORIENTED_EDGE('',*,*,#4818,.T.);
#6668=ORIENTED_EDGE('',*,*,#4677,.F.);
#6669=ORIENTED_EDGE('',*,*,#4819,.F.);
#6670=ORIENTED_EDGE('',*,*,#4554,.F.);
#6671=ORIENTED_EDGE('',*,*,#4458,.F.);
#6672=ORIENTED_EDGE('',*,*,#4820,.F.);
#6673=ORIENTED_EDGE('',*,*,#4596,.F.);
#6674=ORIENTED_EDGE('',*,*,#4821,.F.);
#6675=ORIENTED_EDGE('',*,*,#4822,.T.);
#6676=ORIENTED_EDGE('',*,*,#4823,.F.);
#6677=ORIENTED_EDGE('',*,*,#4595,.F.);
#6678=ORIENTED_EDGE('',*,*,#4824,.T.);
#6679=ORIENTED_EDGE('',*,*,#4825,.T.);
#6680=ORIENTED_EDGE('',*,*,#4821,.T.);
#6681=ORIENTED_EDGE('',*,*,#4459,.F.);
#6682=ORIENTED_EDGE('',*,*,#4823,.T.);
#6683=ORIENTED_EDGE('',*,*,#4826,.T.);
#6684=ORIENTED_EDGE('',*,*,#4827,.T.);
#6685=ORIENTED_EDGE('',*,*,#4460,.F.);
#6686=ORIENTED_EDGE('',*,*,#4827,.F.);
#6687=ORIENTED_EDGE('',*,*,#4828,.F.);
#6688=ORIENTED_EDGE('',*,*,#4824,.F.);
#6689=ORIENTED_EDGE('',*,*,#4594,.F.);
#6690=ORIENTED_EDGE('',*,*,#4829,.F.);
#6691=ORIENTED_EDGE('',*,*,#4825,.F.);
#6692=ORIENTED_EDGE('',*,*,#4828,.T.);
#6693=ORIENTED_EDGE('',*,*,#4826,.F.);
#6694=ORIENTED_EDGE('',*,*,#4822,.F.);
#6695=ORIENTED_EDGE('',*,*,#4829,.T.);
#6696=ORIENTED_EDGE('',*,*,#4593,.F.);
#6697=ORIENTED_EDGE('',*,*,#4830,.T.);
#6698=ORIENTED_EDGE('',*,*,#4461,.F.);
#6699=ORIENTED_EDGE('',*,*,#4454,.F.);
#6700=ORIENTED_EDGE('',*,*,#4831,.F.);
#6701=ORIENTED_EDGE('',*,*,#4600,.F.);
#6702=ORIENTED_EDGE('',*,*,#4832,.F.);
#6703=ORIENTED_EDGE('',*,*,#4833,.T.);
#6704=ORIENTED_EDGE('',*,*,#4834,.F.);
#6705=ORIENTED_EDGE('',*,*,#4599,.F.);
#6706=ORIENTED_EDGE('',*,*,#4835,.T.);
#6707=ORIENTED_EDGE('',*,*,#4836,.T.);
#6708=ORIENTED_EDGE('',*,*,#4832,.T.);
#6709=ORIENTED_EDGE('',*,*,#4455,.F.);
#6710=ORIENTED_EDGE('',*,*,#4834,.T.);
#6711=ORIENTED_EDGE('',*,*,#4837,.T.);
#6712=ORIENTED_EDGE('',*,*,#4838,.T.);
#6713=ORIENTED_EDGE('',*,*,#4456,.F.);
#6714=ORIENTED_EDGE('',*,*,#4838,.F.);
#6715=ORIENTED_EDGE('',*,*,#4839,.F.);
#6716=ORIENTED_EDGE('',*,*,#4835,.F.);
#6717=ORIENTED_EDGE('',*,*,#4598,.F.);
#6718=ORIENTED_EDGE('',*,*,#4840,.F.);
#6719=ORIENTED_EDGE('',*,*,#4836,.F.);
#6720=ORIENTED_EDGE('',*,*,#4839,.T.);
#6721=ORIENTED_EDGE('',*,*,#4837,.F.);
#6722=ORIENTED_EDGE('',*,*,#4833,.F.);
#6723=ORIENTED_EDGE('',*,*,#4820,.T.);
#6724=ORIENTED_EDGE('',*,*,#4457,.F.);
#6725=ORIENTED_EDGE('',*,*,#4840,.T.);
#6726=ORIENTED_EDGE('',*,*,#4597,.F.);
#6727=ORIENTED_EDGE('',*,*,#4450,.F.);
#6728=ORIENTED_EDGE('',*,*,#4841,.F.);
#6729=ORIENTED_EDGE('',*,*,#4604,.F.);
#6730=ORIENTED_EDGE('',*,*,#4842,.F.);
#6731=ORIENTED_EDGE('',*,*,#4843,.T.);
#6732=ORIENTED_EDGE('',*,*,#4844,.F.);
#6733=ORIENTED_EDGE('',*,*,#4603,.F.);
#6734=ORIENTED_EDGE('',*,*,#4845,.T.);
#6735=ORIENTED_EDGE('',*,*,#4846,.T.);
#6736=ORIENTED_EDGE('',*,*,#4842,.T.);
#6737=ORIENTED_EDGE('',*,*,#4451,.F.);
#6738=ORIENTED_EDGE('',*,*,#4844,.T.);
#6739=ORIENTED_EDGE('',*,*,#4847,.T.);
#6740=ORIENTED_EDGE('',*,*,#4848,.T.);
#6741=ORIENTED_EDGE('',*,*,#4452,.F.);
#6742=ORIENTED_EDGE('',*,*,#4848,.F.);
#6743=ORIENTED_EDGE('',*,*,#4849,.F.);
#6744=ORIENTED_EDGE('',*,*,#4845,.F.);
#6745=ORIENTED_EDGE('',*,*,#4602,.F.);
#6746=ORIENTED_EDGE('',*,*,#4850,.F.);
#6747=ORIENTED_EDGE('',*,*,#4846,.F.);
#6748=ORIENTED_EDGE('',*,*,#4849,.T.);
#6749=ORIENTED_EDGE('',*,*,#4847,.F.);
#6750=ORIENTED_EDGE('',*,*,#4843,.F.);
#6751=ORIENTED_EDGE('',*,*,#4831,.T.);
#6752=ORIENTED_EDGE('',*,*,#4453,.F.);
#6753=ORIENTED_EDGE('',*,*,#4850,.T.);
#6754=ORIENTED_EDGE('',*,*,#4601,.F.);
#6755=ORIENTED_EDGE('',*,*,#4446,.F.);
#6756=ORIENTED_EDGE('',*,*,#4851,.F.);
#6757=ORIENTED_EDGE('',*,*,#4608,.F.);
#6758=ORIENTED_EDGE('',*,*,#4852,.F.);
#6759=ORIENTED_EDGE('',*,*,#4853,.T.);
#6760=ORIENTED_EDGE('',*,*,#4854,.F.);
#6761=ORIENTED_EDGE('',*,*,#4607,.F.);
#6762=ORIENTED_EDGE('',*,*,#4855,.T.);
#6763=ORIENTED_EDGE('',*,*,#4856,.T.);
#6764=ORIENTED_EDGE('',*,*,#4852,.T.);
#6765=ORIENTED_EDGE('',*,*,#4447,.F.);
#6766=ORIENTED_EDGE('',*,*,#4854,.T.);
#6767=ORIENTED_EDGE('',*,*,#4857,.T.);
#6768=ORIENTED_EDGE('',*,*,#4858,.T.);
#6769=ORIENTED_EDGE('',*,*,#4448,.F.);
#6770=ORIENTED_EDGE('',*,*,#4858,.F.);
#6771=ORIENTED_EDGE('',*,*,#4859,.F.);
#6772=ORIENTED_EDGE('',*,*,#4855,.F.);
#6773=ORIENTED_EDGE('',*,*,#4606,.F.);
#6774=ORIENTED_EDGE('',*,*,#4860,.F.);
#6775=ORIENTED_EDGE('',*,*,#4856,.F.);
#6776=ORIENTED_EDGE('',*,*,#4859,.T.);
#6777=ORIENTED_EDGE('',*,*,#4857,.F.);
#6778=ORIENTED_EDGE('',*,*,#4853,.F.);
#6779=ORIENTED_EDGE('',*,*,#4841,.T.);
#6780=ORIENTED_EDGE('',*,*,#4449,.F.);
#6781=ORIENTED_EDGE('',*,*,#4860,.T.);
#6782=ORIENTED_EDGE('',*,*,#4605,.F.);
#6783=ORIENTED_EDGE('',*,*,#4514,.F.);
#6784=ORIENTED_EDGE('',*,*,#4861,.F.);
#6785=ORIENTED_EDGE('',*,*,#4716,.F.);
#6786=ORIENTED_EDGE('',*,*,#4862,.F.);
#6787=ORIENTED_EDGE('',*,*,#4863,.T.);
#6788=ORIENTED_EDGE('',*,*,#4864,.F.);
#6789=ORIENTED_EDGE('',*,*,#4715,.F.);
#6790=ORIENTED_EDGE('',*,*,#4865,.T.);
#6791=ORIENTED_EDGE('',*,*,#4866,.T.);
#6792=ORIENTED_EDGE('',*,*,#4862,.T.);
#6793=ORIENTED_EDGE('',*,*,#4515,.F.);
#6794=ORIENTED_EDGE('',*,*,#4864,.T.);
#6795=ORIENTED_EDGE('',*,*,#4867,.T.);
#6796=ORIENTED_EDGE('',*,*,#4868,.T.);
#6797=ORIENTED_EDGE('',*,*,#4516,.F.);
#6798=ORIENTED_EDGE('',*,*,#4868,.F.);
#6799=ORIENTED_EDGE('',*,*,#4869,.F.);
#6800=ORIENTED_EDGE('',*,*,#4865,.F.);
#6801=ORIENTED_EDGE('',*,*,#4714,.F.);
#6802=ORIENTED_EDGE('',*,*,#4870,.F.);
#6803=ORIENTED_EDGE('',*,*,#4866,.F.);
#6804=ORIENTED_EDGE('',*,*,#4869,.T.);
#6805=ORIENTED_EDGE('',*,*,#4867,.F.);
#6806=ORIENTED_EDGE('',*,*,#4863,.F.);
#6807=ORIENTED_EDGE('',*,*,#4870,.T.);
#6808=ORIENTED_EDGE('',*,*,#4713,.F.);
#6809=ORIENTED_EDGE('',*,*,#4871,.T.);
#6810=ORIENTED_EDGE('',*,*,#4517,.F.);
#6811=ORIENTED_EDGE('',*,*,#4510,.F.);
#6812=ORIENTED_EDGE('',*,*,#4872,.F.);
#6813=ORIENTED_EDGE('',*,*,#4720,.F.);
#6814=ORIENTED_EDGE('',*,*,#4873,.F.);
#6815=ORIENTED_EDGE('',*,*,#4874,.T.);
#6816=ORIENTED_EDGE('',*,*,#4875,.F.);
#6817=ORIENTED_EDGE('',*,*,#4719,.F.);
#6818=ORIENTED_EDGE('',*,*,#4876,.T.);
#6819=ORIENTED_EDGE('',*,*,#4877,.T.);
#6820=ORIENTED_EDGE('',*,*,#4873,.T.);
#6821=ORIENTED_EDGE('',*,*,#4511,.F.);
#6822=ORIENTED_EDGE('',*,*,#4875,.T.);
#6823=ORIENTED_EDGE('',*,*,#4878,.T.);
#6824=ORIENTED_EDGE('',*,*,#4879,.T.);
#6825=ORIENTED_EDGE('',*,*,#4512,.F.);
#6826=ORIENTED_EDGE('',*,*,#4879,.F.);
#6827=ORIENTED_EDGE('',*,*,#4880,.F.);
#6828=ORIENTED_EDGE('',*,*,#4876,.F.);
#6829=ORIENTED_EDGE('',*,*,#4718,.F.);
#6830=ORIENTED_EDGE('',*,*,#4881,.F.);
#6831=ORIENTED_EDGE('',*,*,#4877,.F.);
#6832=ORIENTED_EDGE('',*,*,#4880,.T.);
#6833=ORIENTED_EDGE('',*,*,#4878,.F.);
#6834=ORIENTED_EDGE('',*,*,#4874,.F.);
#6835=ORIENTED_EDGE('',*,*,#4861,.T.);
#6836=ORIENTED_EDGE('',*,*,#4513,.F.);
#6837=ORIENTED_EDGE('',*,*,#4881,.T.);
#6838=ORIENTED_EDGE('',*,*,#4717,.F.);
#6839=ORIENTED_EDGE('',*,*,#4494,.F.);
#6840=ORIENTED_EDGE('',*,*,#4882,.F.);
#6841=ORIENTED_EDGE('',*,*,#4736,.F.);
#6842=ORIENTED_EDGE('',*,*,#4883,.F.);
#6843=ORIENTED_EDGE('',*,*,#4884,.T.);
#6844=ORIENTED_EDGE('',*,*,#4885,.F.);
#6845=ORIENTED_EDGE('',*,*,#4735,.F.);
#6846=ORIENTED_EDGE('',*,*,#4886,.T.);
#6847=ORIENTED_EDGE('',*,*,#4887,.T.);
#6848=ORIENTED_EDGE('',*,*,#4883,.T.);
#6849=ORIENTED_EDGE('',*,*,#4495,.F.);
#6850=ORIENTED_EDGE('',*,*,#4885,.T.);
#6851=ORIENTED_EDGE('',*,*,#4888,.T.);
#6852=ORIENTED_EDGE('',*,*,#4889,.T.);
#6853=ORIENTED_EDGE('',*,*,#4496,.F.);
#6854=ORIENTED_EDGE('',*,*,#4889,.F.);
#6855=ORIENTED_EDGE('',*,*,#4890,.F.);
#6856=ORIENTED_EDGE('',*,*,#4886,.F.);
#6857=ORIENTED_EDGE('',*,*,#4734,.F.);
#6858=ORIENTED_EDGE('',*,*,#4891,.F.);
#6859=ORIENTED_EDGE('',*,*,#4887,.F.);
#6860=ORIENTED_EDGE('',*,*,#4890,.T.);
#6861=ORIENTED_EDGE('',*,*,#4888,.F.);
#6862=ORIENTED_EDGE('',*,*,#4884,.F.);
#6863=ORIENTED_EDGE('',*,*,#4891,.T.);
#6864=ORIENTED_EDGE('',*,*,#4733,.F.);
#6865=ORIENTED_EDGE('',*,*,#4892,.T.);
#6866=ORIENTED_EDGE('',*,*,#4497,.F.);
#6867=ORIENTED_EDGE('',*,*,#4506,.F.);
#6868=ORIENTED_EDGE('',*,*,#4893,.F.);
#6869=ORIENTED_EDGE('',*,*,#4724,.F.);
#6870=ORIENTED_EDGE('',*,*,#4894,.F.);
#6871=ORIENTED_EDGE('',*,*,#4895,.T.);
#6872=ORIENTED_EDGE('',*,*,#4896,.F.);
#6873=ORIENTED_EDGE('',*,*,#4723,.F.);
#6874=ORIENTED_EDGE('',*,*,#4897,.T.);
#6875=ORIENTED_EDGE('',*,*,#4898,.T.);
#6876=ORIENTED_EDGE('',*,*,#4894,.T.);
#6877=ORIENTED_EDGE('',*,*,#4507,.F.);
#6878=ORIENTED_EDGE('',*,*,#4896,.T.);
#6879=ORIENTED_EDGE('',*,*,#4899,.T.);
#6880=ORIENTED_EDGE('',*,*,#4900,.T.);
#6881=ORIENTED_EDGE('',*,*,#4508,.F.);
#6882=ORIENTED_EDGE('',*,*,#4900,.F.);
#6883=ORIENTED_EDGE('',*,*,#4901,.F.);
#6884=ORIENTED_EDGE('',*,*,#4897,.F.);
#6885=ORIENTED_EDGE('',*,*,#4722,.F.);
#6886=ORIENTED_EDGE('',*,*,#4902,.F.);
#6887=ORIENTED_EDGE('',*,*,#4898,.F.);
#6888=ORIENTED_EDGE('',*,*,#4901,.T.);
#6889=ORIENTED_EDGE('',*,*,#4899,.F.);
#6890=ORIENTED_EDGE('',*,*,#4895,.F.);
#6891=ORIENTED_EDGE('',*,*,#4872,.T.);
#6892=ORIENTED_EDGE('',*,*,#4509,.F.);
#6893=ORIENTED_EDGE('',*,*,#4902,.T.);
#6894=ORIENTED_EDGE('',*,*,#4721,.F.);
#6895=ORIENTED_EDGE('',*,*,#4498,.F.);
#6896=ORIENTED_EDGE('',*,*,#4892,.F.);
#6897=ORIENTED_EDGE('',*,*,#4732,.F.);
#6898=ORIENTED_EDGE('',*,*,#4903,.F.);
#6899=ORIENTED_EDGE('',*,*,#4904,.T.);
#6900=ORIENTED_EDGE('',*,*,#4905,.F.);
#6901=ORIENTED_EDGE('',*,*,#4731,.F.);
#6902=ORIENTED_EDGE('',*,*,#4906,.T.);
#6903=ORIENTED_EDGE('',*,*,#4907,.T.);
#6904=ORIENTED_EDGE('',*,*,#4903,.T.);
#6905=ORIENTED_EDGE('',*,*,#4499,.F.);
#6906=ORIENTED_EDGE('',*,*,#4905,.T.);
#6907=ORIENTED_EDGE('',*,*,#4908,.T.);
#6908=ORIENTED_EDGE('',*,*,#4909,.T.);
#6909=ORIENTED_EDGE('',*,*,#4500,.F.);
#6910=ORIENTED_EDGE('',*,*,#4909,.F.);
#6911=ORIENTED_EDGE('',*,*,#4910,.F.);
#6912=ORIENTED_EDGE('',*,*,#4906,.F.);
#6913=ORIENTED_EDGE('',*,*,#4730,.F.);
#6914=ORIENTED_EDGE('',*,*,#4911,.F.);
#6915=ORIENTED_EDGE('',*,*,#4907,.F.);
#6916=ORIENTED_EDGE('',*,*,#4910,.T.);
#6917=ORIENTED_EDGE('',*,*,#4908,.F.);
#6918=ORIENTED_EDGE('',*,*,#4904,.F.);
#6919=ORIENTED_EDGE('',*,*,#4911,.T.);
#6920=ORIENTED_EDGE('',*,*,#4729,.F.);
#6921=ORIENTED_EDGE('',*,*,#4912,.T.);
#6922=ORIENTED_EDGE('',*,*,#4501,.F.);
#6923=ORIENTED_EDGE('',*,*,#4502,.F.);
#6924=ORIENTED_EDGE('',*,*,#4912,.F.);
#6925=ORIENTED_EDGE('',*,*,#4728,.F.);
#6926=ORIENTED_EDGE('',*,*,#4913,.F.);
#6927=ORIENTED_EDGE('',*,*,#4914,.T.);
#6928=ORIENTED_EDGE('',*,*,#4915,.F.);
#6929=ORIENTED_EDGE('',*,*,#4727,.F.);
#6930=ORIENTED_EDGE('',*,*,#4916,.T.);
#6931=ORIENTED_EDGE('',*,*,#4917,.T.);
#6932=ORIENTED_EDGE('',*,*,#4913,.T.);
#6933=ORIENTED_EDGE('',*,*,#4503,.F.);
#6934=ORIENTED_EDGE('',*,*,#4915,.T.);
#6935=ORIENTED_EDGE('',*,*,#4918,.T.);
#6936=ORIENTED_EDGE('',*,*,#4919,.T.);
#6937=ORIENTED_EDGE('',*,*,#4504,.F.);
#6938=ORIENTED_EDGE('',*,*,#4919,.F.);
#6939=ORIENTED_EDGE('',*,*,#4920,.F.);
#6940=ORIENTED_EDGE('',*,*,#4916,.F.);
#6941=ORIENTED_EDGE('',*,*,#4726,.F.);
#6942=ORIENTED_EDGE('',*,*,#4921,.F.);
#6943=ORIENTED_EDGE('',*,*,#4917,.F.);
#6944=ORIENTED_EDGE('',*,*,#4920,.T.);
#6945=ORIENTED_EDGE('',*,*,#4918,.F.);
#6946=ORIENTED_EDGE('',*,*,#4914,.F.);
#6947=ORIENTED_EDGE('',*,*,#4893,.T.);
#6948=ORIENTED_EDGE('',*,*,#4505,.F.);
#6949=ORIENTED_EDGE('',*,*,#4921,.T.);
#6950=ORIENTED_EDGE('',*,*,#4725,.F.);
#6951=ORIENTED_EDGE('',*,*,#4518,.F.);
#6952=ORIENTED_EDGE('',*,*,#4871,.F.);
#6953=ORIENTED_EDGE('',*,*,#4712,.F.);
#6954=ORIENTED_EDGE('',*,*,#4922,.F.);
#6955=ORIENTED_EDGE('',*,*,#4923,.T.);
#6956=ORIENTED_EDGE('',*,*,#4924,.F.);
#6957=ORIENTED_EDGE('',*,*,#4711,.F.);
#6958=ORIENTED_EDGE('',*,*,#4925,.T.);
#6959=ORIENTED_EDGE('',*,*,#4926,.T.);
#6960=ORIENTED_EDGE('',*,*,#4922,.T.);
#6961=ORIENTED_EDGE('',*,*,#4519,.F.);
#6962=ORIENTED_EDGE('',*,*,#4924,.T.);
#6963=ORIENTED_EDGE('',*,*,#4927,.T.);
#6964=ORIENTED_EDGE('',*,*,#4928,.T.);
#6965=ORIENTED_EDGE('',*,*,#4520,.F.);
#6966=ORIENTED_EDGE('',*,*,#4928,.F.);
#6967=ORIENTED_EDGE('',*,*,#4929,.F.);
#6968=ORIENTED_EDGE('',*,*,#4925,.F.);
#6969=ORIENTED_EDGE('',*,*,#4710,.F.);
#6970=ORIENTED_EDGE('',*,*,#4930,.F.);
#6971=ORIENTED_EDGE('',*,*,#4926,.F.);
#6972=ORIENTED_EDGE('',*,*,#4929,.T.);
#6973=ORIENTED_EDGE('',*,*,#4927,.F.);
#6974=ORIENTED_EDGE('',*,*,#4923,.F.);
#6975=ORIENTED_EDGE('',*,*,#4930,.T.);
#6976=ORIENTED_EDGE('',*,*,#4709,.F.);
#6977=ORIENTED_EDGE('',*,*,#4931,.T.);
#6978=ORIENTED_EDGE('',*,*,#4521,.F.);
#6979=ORIENTED_EDGE('',*,*,#4522,.F.);
#6980=ORIENTED_EDGE('',*,*,#4931,.F.);
#6981=ORIENTED_EDGE('',*,*,#4708,.F.);
#6982=ORIENTED_EDGE('',*,*,#4932,.F.);
#6983=ORIENTED_EDGE('',*,*,#4933,.T.);
#6984=ORIENTED_EDGE('',*,*,#4934,.F.);
#6985=ORIENTED_EDGE('',*,*,#4707,.F.);
#6986=ORIENTED_EDGE('',*,*,#4935,.T.);
#6987=ORIENTED_EDGE('',*,*,#4936,.T.);
#6988=ORIENTED_EDGE('',*,*,#4932,.T.);
#6989=ORIENTED_EDGE('',*,*,#4523,.F.);
#6990=ORIENTED_EDGE('',*,*,#4934,.T.);
#6991=ORIENTED_EDGE('',*,*,#4937,.T.);
#6992=ORIENTED_EDGE('',*,*,#4938,.T.);
#6993=ORIENTED_EDGE('',*,*,#4524,.F.);
#6994=ORIENTED_EDGE('',*,*,#4938,.F.);
#6995=ORIENTED_EDGE('',*,*,#4939,.F.);
#6996=ORIENTED_EDGE('',*,*,#4935,.F.);
#6997=ORIENTED_EDGE('',*,*,#4706,.F.);
#6998=ORIENTED_EDGE('',*,*,#4940,.F.);
#6999=ORIENTED_EDGE('',*,*,#4936,.F.);
#7000=ORIENTED_EDGE('',*,*,#4939,.T.);
#7001=ORIENTED_EDGE('',*,*,#4937,.F.);
#7002=ORIENTED_EDGE('',*,*,#4933,.F.);
#7003=ORIENTED_EDGE('',*,*,#4771,.T.);
#7004=ORIENTED_EDGE('',*,*,#4525,.F.);
#7005=ORIENTED_EDGE('',*,*,#4940,.T.);
#7006=ORIENTED_EDGE('',*,*,#4705,.F.);
#7007=ORIENTED_EDGE('',*,*,#4474,.F.);
#7008=ORIENTED_EDGE('',*,*,#4941,.F.);
#7009=ORIENTED_EDGE('',*,*,#4580,.F.);
#7010=ORIENTED_EDGE('',*,*,#4942,.F.);
#7011=ORIENTED_EDGE('',*,*,#4943,.T.);
#7012=ORIENTED_EDGE('',*,*,#4944,.F.);
#7013=ORIENTED_EDGE('',*,*,#4579,.F.);
#7014=ORIENTED_EDGE('',*,*,#4945,.T.);
#7015=ORIENTED_EDGE('',*,*,#4946,.T.);
#7016=ORIENTED_EDGE('',*,*,#4942,.T.);
#7017=ORIENTED_EDGE('',*,*,#4475,.F.);
#7018=ORIENTED_EDGE('',*,*,#4944,.T.);
#7019=ORIENTED_EDGE('',*,*,#4947,.T.);
#7020=ORIENTED_EDGE('',*,*,#4948,.T.);
#7021=ORIENTED_EDGE('',*,*,#4476,.F.);
#7022=ORIENTED_EDGE('',*,*,#4948,.F.);
#7023=ORIENTED_EDGE('',*,*,#4949,.F.);
#7024=ORIENTED_EDGE('',*,*,#4945,.F.);
#7025=ORIENTED_EDGE('',*,*,#4578,.F.);
#7026=ORIENTED_EDGE('',*,*,#4950,.F.);
#7027=ORIENTED_EDGE('',*,*,#4946,.F.);
#7028=ORIENTED_EDGE('',*,*,#4949,.T.);
#7029=ORIENTED_EDGE('',*,*,#4947,.F.);
#7030=ORIENTED_EDGE('',*,*,#4943,.F.);
#7031=ORIENTED_EDGE('',*,*,#4950,.T.);
#7032=ORIENTED_EDGE('',*,*,#4577,.F.);
#7033=ORIENTED_EDGE('',*,*,#4951,.F.);
#7034=ORIENTED_EDGE('',*,*,#4477,.F.);
#7035=ORIENTED_EDGE('',*,*,#4462,.F.);
#7036=ORIENTED_EDGE('',*,*,#4830,.F.);
#7037=ORIENTED_EDGE('',*,*,#4592,.F.);
#7038=ORIENTED_EDGE('',*,*,#4952,.F.);
#7039=ORIENTED_EDGE('',*,*,#4953,.T.);
#7040=ORIENTED_EDGE('',*,*,#4954,.F.);
#7041=ORIENTED_EDGE('',*,*,#4591,.F.);
#7042=ORIENTED_EDGE('',*,*,#4955,.T.);
#7043=ORIENTED_EDGE('',*,*,#4956,.T.);
#7044=ORIENTED_EDGE('',*,*,#4952,.T.);
#7045=ORIENTED_EDGE('',*,*,#4463,.F.);
#7046=ORIENTED_EDGE('',*,*,#4954,.T.);
#7047=ORIENTED_EDGE('',*,*,#4957,.T.);
#7048=ORIENTED_EDGE('',*,*,#4958,.T.);
#7049=ORIENTED_EDGE('',*,*,#4464,.F.);
#7050=ORIENTED_EDGE('',*,*,#4958,.F.);
#7051=ORIENTED_EDGE('',*,*,#4959,.F.);
#7052=ORIENTED_EDGE('',*,*,#4955,.F.);
#7053=ORIENTED_EDGE('',*,*,#4590,.F.);
#7054=ORIENTED_EDGE('',*,*,#4960,.F.);
#7055=ORIENTED_EDGE('',*,*,#4956,.F.);
#7056=ORIENTED_EDGE('',*,*,#4959,.T.);
#7057=ORIENTED_EDGE('',*,*,#4957,.F.);
#7058=ORIENTED_EDGE('',*,*,#4953,.F.);
#7059=ORIENTED_EDGE('',*,*,#4960,.T.);
#7060=ORIENTED_EDGE('',*,*,#4589,.F.);
#7061=ORIENTED_EDGE('',*,*,#4961,.T.);
#7062=ORIENTED_EDGE('',*,*,#4465,.F.);
#7063=ORIENTED_EDGE('',*,*,#4466,.F.);
#7064=ORIENTED_EDGE('',*,*,#4961,.F.);
#7065=ORIENTED_EDGE('',*,*,#4588,.F.);
#7066=ORIENTED_EDGE('',*,*,#4962,.F.);
#7067=ORIENTED_EDGE('',*,*,#4963,.T.);
#7068=ORIENTED_EDGE('',*,*,#4964,.F.);
#7069=ORIENTED_EDGE('',*,*,#4587,.F.);
#7070=ORIENTED_EDGE('',*,*,#4965,.T.);
#7071=ORIENTED_EDGE('',*,*,#4966,.T.);
#7072=ORIENTED_EDGE('',*,*,#4962,.T.);
#7073=ORIENTED_EDGE('',*,*,#4467,.F.);
#7074=ORIENTED_EDGE('',*,*,#4964,.T.);
#7075=ORIENTED_EDGE('',*,*,#4967,.T.);
#7076=ORIENTED_EDGE('',*,*,#4968,.T.);
#7077=ORIENTED_EDGE('',*,*,#4468,.F.);
#7078=ORIENTED_EDGE('',*,*,#4968,.F.);
#7079=ORIENTED_EDGE('',*,*,#4969,.F.);
#7080=ORIENTED_EDGE('',*,*,#4965,.F.);
#7081=ORIENTED_EDGE('',*,*,#4586,.F.);
#7082=ORIENTED_EDGE('',*,*,#4970,.F.);
#7083=ORIENTED_EDGE('',*,*,#4966,.F.);
#7084=ORIENTED_EDGE('',*,*,#4969,.T.);
#7085=ORIENTED_EDGE('',*,*,#4967,.F.);
#7086=ORIENTED_EDGE('',*,*,#4963,.F.);
#7087=ORIENTED_EDGE('',*,*,#4970,.T.);
#7088=ORIENTED_EDGE('',*,*,#4585,.F.);
#7089=ORIENTED_EDGE('',*,*,#4971,.T.);
#7090=ORIENTED_EDGE('',*,*,#4469,.F.);
#7091=ORIENTED_EDGE('',*,*,#4470,.F.);
#7092=ORIENTED_EDGE('',*,*,#4971,.F.);
#7093=ORIENTED_EDGE('',*,*,#4584,.F.);
#7094=ORIENTED_EDGE('',*,*,#4972,.F.);
#7095=ORIENTED_EDGE('',*,*,#4973,.T.);
#7096=ORIENTED_EDGE('',*,*,#4974,.F.);
#7097=ORIENTED_EDGE('',*,*,#4583,.F.);
#7098=ORIENTED_EDGE('',*,*,#4975,.T.);
#7099=ORIENTED_EDGE('',*,*,#4976,.T.);
#7100=ORIENTED_EDGE('',*,*,#4972,.T.);
#7101=ORIENTED_EDGE('',*,*,#4471,.F.);
#7102=ORIENTED_EDGE('',*,*,#4974,.T.);
#7103=ORIENTED_EDGE('',*,*,#4977,.T.);
#7104=ORIENTED_EDGE('',*,*,#4978,.T.);
#7105=ORIENTED_EDGE('',*,*,#4472,.F.);
#7106=ORIENTED_EDGE('',*,*,#4978,.F.);
#7107=ORIENTED_EDGE('',*,*,#4979,.F.);
#7108=ORIENTED_EDGE('',*,*,#4975,.F.);
#7109=ORIENTED_EDGE('',*,*,#4582,.F.);
#7110=ORIENTED_EDGE('',*,*,#4980,.F.);
#7111=ORIENTED_EDGE('',*,*,#4976,.F.);
#7112=ORIENTED_EDGE('',*,*,#4979,.T.);
#7113=ORIENTED_EDGE('',*,*,#4977,.F.);
#7114=ORIENTED_EDGE('',*,*,#4973,.F.);
#7115=ORIENTED_EDGE('',*,*,#4941,.T.);
#7116=ORIENTED_EDGE('',*,*,#4473,.F.);
#7117=ORIENTED_EDGE('',*,*,#4980,.T.);
#7118=ORIENTED_EDGE('',*,*,#4581,.F.);
#7119=ORIENTED_EDGE('',*,*,#4418,.F.);
#7120=ORIENTED_EDGE('',*,*,#4981,.F.);
#7121=ORIENTED_EDGE('',*,*,#4636,.F.);
#7122=ORIENTED_EDGE('',*,*,#4982,.F.);
#7123=ORIENTED_EDGE('',*,*,#4983,.T.);
#7124=ORIENTED_EDGE('',*,*,#4984,.F.);
#7125=ORIENTED_EDGE('',*,*,#4635,.F.);
#7126=ORIENTED_EDGE('',*,*,#4985,.T.);
#7127=ORIENTED_EDGE('',*,*,#4986,.T.);
#7128=ORIENTED_EDGE('',*,*,#4982,.T.);
#7129=ORIENTED_EDGE('',*,*,#4419,.F.);
#7130=ORIENTED_EDGE('',*,*,#4984,.T.);
#7131=ORIENTED_EDGE('',*,*,#4987,.T.);
#7132=ORIENTED_EDGE('',*,*,#4988,.T.);
#7133=ORIENTED_EDGE('',*,*,#4420,.F.);
#7134=ORIENTED_EDGE('',*,*,#4988,.F.);
#7135=ORIENTED_EDGE('',*,*,#4989,.F.);
#7136=ORIENTED_EDGE('',*,*,#4985,.F.);
#7137=ORIENTED_EDGE('',*,*,#4634,.F.);
#7138=ORIENTED_EDGE('',*,*,#4990,.F.);
#7139=ORIENTED_EDGE('',*,*,#4986,.F.);
#7140=ORIENTED_EDGE('',*,*,#4989,.T.);
#7141=ORIENTED_EDGE('',*,*,#4987,.F.);
#7142=ORIENTED_EDGE('',*,*,#4983,.F.);
#7143=ORIENTED_EDGE('',*,*,#4990,.T.);
#7144=ORIENTED_EDGE('',*,*,#4633,.F.);
#7145=ORIENTED_EDGE('',*,*,#4991,.T.);
#7146=ORIENTED_EDGE('',*,*,#4421,.F.);
#7147=ORIENTED_EDGE('',*,*,#4422,.F.);
#7148=ORIENTED_EDGE('',*,*,#4991,.F.);
#7149=ORIENTED_EDGE('',*,*,#4632,.F.);
#7150=ORIENTED_EDGE('',*,*,#4992,.F.);
#7151=ORIENTED_EDGE('',*,*,#4993,.T.);
#7152=ORIENTED_EDGE('',*,*,#4994,.F.);
#7153=ORIENTED_EDGE('',*,*,#4631,.F.);
#7154=ORIENTED_EDGE('',*,*,#4995,.T.);
#7155=ORIENTED_EDGE('',*,*,#4996,.T.);
#7156=ORIENTED_EDGE('',*,*,#4992,.T.);
#7157=ORIENTED_EDGE('',*,*,#4423,.F.);
#7158=ORIENTED_EDGE('',*,*,#4994,.T.);
#7159=ORIENTED_EDGE('',*,*,#4997,.T.);
#7160=ORIENTED_EDGE('',*,*,#4998,.T.);
#7161=ORIENTED_EDGE('',*,*,#4424,.F.);
#7162=ORIENTED_EDGE('',*,*,#4998,.F.);
#7163=ORIENTED_EDGE('',*,*,#4999,.F.);
#7164=ORIENTED_EDGE('',*,*,#4995,.F.);
#7165=ORIENTED_EDGE('',*,*,#4630,.F.);
#7166=ORIENTED_EDGE('',*,*,#5000,.F.);
#7167=ORIENTED_EDGE('',*,*,#4996,.F.);
#7168=ORIENTED_EDGE('',*,*,#4999,.T.);
#7169=ORIENTED_EDGE('',*,*,#4997,.F.);
#7170=ORIENTED_EDGE('',*,*,#4993,.F.);
#7171=ORIENTED_EDGE('',*,*,#5000,.T.);
#7172=ORIENTED_EDGE('',*,*,#4629,.F.);
#7173=ORIENTED_EDGE('',*,*,#5001,.T.);
#7174=ORIENTED_EDGE('',*,*,#4425,.F.);
#7175=ORIENTED_EDGE('',*,*,#4426,.F.);
#7176=ORIENTED_EDGE('',*,*,#5001,.F.);
#7177=ORIENTED_EDGE('',*,*,#4628,.F.);
#7178=ORIENTED_EDGE('',*,*,#5002,.F.);
#7179=ORIENTED_EDGE('',*,*,#5003,.T.);
#7180=ORIENTED_EDGE('',*,*,#5004,.F.);
#7181=ORIENTED_EDGE('',*,*,#4627,.F.);
#7182=ORIENTED_EDGE('',*,*,#5005,.T.);
#7183=ORIENTED_EDGE('',*,*,#5006,.T.);
#7184=ORIENTED_EDGE('',*,*,#5002,.T.);
#7185=ORIENTED_EDGE('',*,*,#4427,.F.);
#7186=ORIENTED_EDGE('',*,*,#5004,.T.);
#7187=ORIENTED_EDGE('',*,*,#5007,.T.);
#7188=ORIENTED_EDGE('',*,*,#5008,.T.);
#7189=ORIENTED_EDGE('',*,*,#4428,.F.);
#7190=ORIENTED_EDGE('',*,*,#5008,.F.);
#7191=ORIENTED_EDGE('',*,*,#5009,.F.);
#7192=ORIENTED_EDGE('',*,*,#5005,.F.);
#7193=ORIENTED_EDGE('',*,*,#4626,.F.);
#7194=ORIENTED_EDGE('',*,*,#5010,.F.);
#7195=ORIENTED_EDGE('',*,*,#5006,.F.);
#7196=ORIENTED_EDGE('',*,*,#5009,.T.);
#7197=ORIENTED_EDGE('',*,*,#5007,.F.);
#7198=ORIENTED_EDGE('',*,*,#5003,.F.);
#7199=ORIENTED_EDGE('',*,*,#5010,.T.);
#7200=ORIENTED_EDGE('',*,*,#4625,.F.);
#7201=ORIENTED_EDGE('',*,*,#5011,.T.);
#7202=ORIENTED_EDGE('',*,*,#4429,.F.);
#7203=ORIENTED_EDGE('',*,*,#4414,.F.);
#7204=ORIENTED_EDGE('',*,*,#5012,.F.);
#7205=ORIENTED_EDGE('',*,*,#4640,.F.);
#7206=ORIENTED_EDGE('',*,*,#5013,.F.);
#7207=ORIENTED_EDGE('',*,*,#5014,.T.);
#7208=ORIENTED_EDGE('',*,*,#5015,.F.);
#7209=ORIENTED_EDGE('',*,*,#4639,.F.);
#7210=ORIENTED_EDGE('',*,*,#5016,.T.);
#7211=ORIENTED_EDGE('',*,*,#5017,.T.);
#7212=ORIENTED_EDGE('',*,*,#5013,.T.);
#7213=ORIENTED_EDGE('',*,*,#4415,.F.);
#7214=ORIENTED_EDGE('',*,*,#5015,.T.);
#7215=ORIENTED_EDGE('',*,*,#5018,.T.);
#7216=ORIENTED_EDGE('',*,*,#5019,.T.);
#7217=ORIENTED_EDGE('',*,*,#4416,.F.);
#7218=ORIENTED_EDGE('',*,*,#5019,.F.);
#7219=ORIENTED_EDGE('',*,*,#5020,.F.);
#7220=ORIENTED_EDGE('',*,*,#5016,.F.);
#7221=ORIENTED_EDGE('',*,*,#4638,.F.);
#7222=ORIENTED_EDGE('',*,*,#5021,.F.);
#7223=ORIENTED_EDGE('',*,*,#5017,.F.);
#7224=ORIENTED_EDGE('',*,*,#5020,.T.);
#7225=ORIENTED_EDGE('',*,*,#5018,.F.);
#7226=ORIENTED_EDGE('',*,*,#5014,.F.);
#7227=ORIENTED_EDGE('',*,*,#4981,.T.);
#7228=ORIENTED_EDGE('',*,*,#4417,.F.);
#7229=ORIENTED_EDGE('',*,*,#5021,.T.);
#7230=ORIENTED_EDGE('',*,*,#4637,.F.);
#7231=ORIENTED_EDGE('',*,*,#4410,.F.);
#7232=ORIENTED_EDGE('',*,*,#5022,.F.);
#7233=ORIENTED_EDGE('',*,*,#4644,.F.);
#7234=ORIENTED_EDGE('',*,*,#5023,.F.);
#7235=ORIENTED_EDGE('',*,*,#5024,.T.);
#7236=ORIENTED_EDGE('',*,*,#5025,.F.);
#7237=ORIENTED_EDGE('',*,*,#4643,.F.);
#7238=ORIENTED_EDGE('',*,*,#5026,.T.);
#7239=ORIENTED_EDGE('',*,*,#5027,.T.);
#7240=ORIENTED_EDGE('',*,*,#5023,.T.);
#7241=ORIENTED_EDGE('',*,*,#4411,.F.);
#7242=ORIENTED_EDGE('',*,*,#5025,.T.);
#7243=ORIENTED_EDGE('',*,*,#5028,.T.);
#7244=ORIENTED_EDGE('',*,*,#5029,.T.);
#7245=ORIENTED_EDGE('',*,*,#4412,.F.);
#7246=ORIENTED_EDGE('',*,*,#5029,.F.);
#7247=ORIENTED_EDGE('',*,*,#5030,.F.);
#7248=ORIENTED_EDGE('',*,*,#5026,.F.);
#7249=ORIENTED_EDGE('',*,*,#4642,.F.);
#7250=ORIENTED_EDGE('',*,*,#5031,.F.);
#7251=ORIENTED_EDGE('',*,*,#5027,.F.);
#7252=ORIENTED_EDGE('',*,*,#5030,.T.);
#7253=ORIENTED_EDGE('',*,*,#5028,.F.);
#7254=ORIENTED_EDGE('',*,*,#5024,.F.);
#7255=ORIENTED_EDGE('',*,*,#5012,.T.);
#7256=ORIENTED_EDGE('',*,*,#4413,.F.);
#7257=ORIENTED_EDGE('',*,*,#5031,.T.);
#7258=ORIENTED_EDGE('',*,*,#4641,.F.);
#7259=ORIENTED_EDGE('',*,*,#4406,.F.);
#7260=ORIENTED_EDGE('',*,*,#5032,.F.);
#7261=ORIENTED_EDGE('',*,*,#4648,.F.);
#7262=ORIENTED_EDGE('',*,*,#5033,.F.);
#7263=ORIENTED_EDGE('',*,*,#5034,.T.);
#7264=ORIENTED_EDGE('',*,*,#5035,.F.);
#7265=ORIENTED_EDGE('',*,*,#4647,.F.);
#7266=ORIENTED_EDGE('',*,*,#5036,.T.);
#7267=ORIENTED_EDGE('',*,*,#5037,.T.);
#7268=ORIENTED_EDGE('',*,*,#5033,.T.);
#7269=ORIENTED_EDGE('',*,*,#4407,.F.);
#7270=ORIENTED_EDGE('',*,*,#5035,.T.);
#7271=ORIENTED_EDGE('',*,*,#5038,.T.);
#7272=ORIENTED_EDGE('',*,*,#5039,.T.);
#7273=ORIENTED_EDGE('',*,*,#4408,.F.);
#7274=ORIENTED_EDGE('',*,*,#5039,.F.);
#7275=ORIENTED_EDGE('',*,*,#5040,.F.);
#7276=ORIENTED_EDGE('',*,*,#5036,.F.);
#7277=ORIENTED_EDGE('',*,*,#4646,.F.);
#7278=ORIENTED_EDGE('',*,*,#5041,.F.);
#7279=ORIENTED_EDGE('',*,*,#5037,.F.);
#7280=ORIENTED_EDGE('',*,*,#5040,.T.);
#7281=ORIENTED_EDGE('',*,*,#5038,.F.);
#7282=ORIENTED_EDGE('',*,*,#5034,.F.);
#7283=ORIENTED_EDGE('',*,*,#5022,.T.);
#7284=ORIENTED_EDGE('',*,*,#4409,.F.);
#7285=ORIENTED_EDGE('',*,*,#5041,.T.);
#7286=ORIENTED_EDGE('',*,*,#4645,.F.);
#7287=ORIENTED_EDGE('',*,*,#4398,.F.);
#7288=ORIENTED_EDGE('',*,*,#5042,.F.);
#7289=ORIENTED_EDGE('',*,*,#4656,.F.);
#7290=ORIENTED_EDGE('',*,*,#5043,.F.);
#7291=ORIENTED_EDGE('',*,*,#5044,.T.);
#7292=ORIENTED_EDGE('',*,*,#5045,.F.);
#7293=ORIENTED_EDGE('',*,*,#4655,.F.);
#7294=ORIENTED_EDGE('',*,*,#5046,.T.);
#7295=ORIENTED_EDGE('',*,*,#5047,.T.);
#7296=ORIENTED_EDGE('',*,*,#5043,.T.);
#7297=ORIENTED_EDGE('',*,*,#4399,.F.);
#7298=ORIENTED_EDGE('',*,*,#5045,.T.);
#7299=ORIENTED_EDGE('',*,*,#5048,.T.);
#7300=ORIENTED_EDGE('',*,*,#5049,.T.);
#7301=ORIENTED_EDGE('',*,*,#4400,.F.);
#7302=ORIENTED_EDGE('',*,*,#5049,.F.);
#7303=ORIENTED_EDGE('',*,*,#5050,.F.);
#7304=ORIENTED_EDGE('',*,*,#5046,.F.);
#7305=ORIENTED_EDGE('',*,*,#4654,.F.);
#7306=ORIENTED_EDGE('',*,*,#5051,.F.);
#7307=ORIENTED_EDGE('',*,*,#5047,.F.);
#7308=ORIENTED_EDGE('',*,*,#5050,.T.);
#7309=ORIENTED_EDGE('',*,*,#5048,.F.);
#7310=ORIENTED_EDGE('',*,*,#5044,.F.);
#7311=ORIENTED_EDGE('',*,*,#5051,.T.);
#7312=ORIENTED_EDGE('',*,*,#4653,.F.);
#7313=ORIENTED_EDGE('',*,*,#5052,.T.);
#7314=ORIENTED_EDGE('',*,*,#4401,.F.);
#7315=ORIENTED_EDGE('',*,*,#4402,.F.);
#7316=ORIENTED_EDGE('',*,*,#5052,.F.);
#7317=ORIENTED_EDGE('',*,*,#4652,.F.);
#7318=ORIENTED_EDGE('',*,*,#5053,.F.);
#7319=ORIENTED_EDGE('',*,*,#5054,.T.);
#7320=ORIENTED_EDGE('',*,*,#5055,.F.);
#7321=ORIENTED_EDGE('',*,*,#4651,.F.);
#7322=ORIENTED_EDGE('',*,*,#5056,.T.);
#7323=ORIENTED_EDGE('',*,*,#5057,.T.);
#7324=ORIENTED_EDGE('',*,*,#5053,.T.);
#7325=ORIENTED_EDGE('',*,*,#4403,.F.);
#7326=ORIENTED_EDGE('',*,*,#5055,.T.);
#7327=ORIENTED_EDGE('',*,*,#5058,.T.);
#7328=ORIENTED_EDGE('',*,*,#5059,.T.);
#7329=ORIENTED_EDGE('',*,*,#4404,.F.);
#7330=ORIENTED_EDGE('',*,*,#5059,.F.);
#7331=ORIENTED_EDGE('',*,*,#5060,.F.);
#7332=ORIENTED_EDGE('',*,*,#5056,.F.);
#7333=ORIENTED_EDGE('',*,*,#4650,.F.);
#7334=ORIENTED_EDGE('',*,*,#5061,.F.);
#7335=ORIENTED_EDGE('',*,*,#5057,.F.);
#7336=ORIENTED_EDGE('',*,*,#5060,.T.);
#7337=ORIENTED_EDGE('',*,*,#5058,.F.);
#7338=ORIENTED_EDGE('',*,*,#5054,.F.);
#7339=ORIENTED_EDGE('',*,*,#5032,.T.);
#7340=ORIENTED_EDGE('',*,*,#4405,.F.);
#7341=ORIENTED_EDGE('',*,*,#5061,.T.);
#7342=ORIENTED_EDGE('',*,*,#4649,.F.);
#7343=ORIENTED_EDGE('',*,*,#4434,.F.);
#7344=ORIENTED_EDGE('',*,*,#5062,.F.);
#7345=ORIENTED_EDGE('',*,*,#4620,.F.);
#7346=ORIENTED_EDGE('',*,*,#5063,.F.);
#7347=ORIENTED_EDGE('',*,*,#5064,.T.);
#7348=ORIENTED_EDGE('',*,*,#5065,.F.);
#7349=ORIENTED_EDGE('',*,*,#4619,.F.);
#7350=ORIENTED_EDGE('',*,*,#5066,.T.);
#7351=ORIENTED_EDGE('',*,*,#5067,.T.);
#7352=ORIENTED_EDGE('',*,*,#5063,.T.);
#7353=ORIENTED_EDGE('',*,*,#4435,.F.);
#7354=ORIENTED_EDGE('',*,*,#5065,.T.);
#7355=ORIENTED_EDGE('',*,*,#5068,.T.);
#7356=ORIENTED_EDGE('',*,*,#5069,.T.);
#7357=ORIENTED_EDGE('',*,*,#4436,.F.);
#7358=ORIENTED_EDGE('',*,*,#5069,.F.);
#7359=ORIENTED_EDGE('',*,*,#5070,.F.);
#7360=ORIENTED_EDGE('',*,*,#5066,.F.);
#7361=ORIENTED_EDGE('',*,*,#4618,.F.);
#7362=ORIENTED_EDGE('',*,*,#5071,.F.);
#7363=ORIENTED_EDGE('',*,*,#5067,.F.);
#7364=ORIENTED_EDGE('',*,*,#5070,.T.);
#7365=ORIENTED_EDGE('',*,*,#5068,.F.);
#7366=ORIENTED_EDGE('',*,*,#5064,.F.);
#7367=ORIENTED_EDGE('',*,*,#5071,.T.);
#7368=ORIENTED_EDGE('',*,*,#4617,.F.);
#7369=ORIENTED_EDGE('',*,*,#5072,.T.);
#7370=ORIENTED_EDGE('',*,*,#4437,.F.);
#7371=ORIENTED_EDGE('',*,*,#4438,.F.);
#7372=ORIENTED_EDGE('',*,*,#5072,.F.);
#7373=ORIENTED_EDGE('',*,*,#4616,.F.);
#7374=ORIENTED_EDGE('',*,*,#5073,.F.);
#7375=ORIENTED_EDGE('',*,*,#5074,.T.);
#7376=ORIENTED_EDGE('',*,*,#5075,.F.);
#7377=ORIENTED_EDGE('',*,*,#4615,.F.);
#7378=ORIENTED_EDGE('',*,*,#5076,.T.);
#7379=ORIENTED_EDGE('',*,*,#5077,.T.);
#7380=ORIENTED_EDGE('',*,*,#5073,.T.);
#7381=ORIENTED_EDGE('',*,*,#4439,.F.);
#7382=ORIENTED_EDGE('',*,*,#5075,.T.);
#7383=ORIENTED_EDGE('',*,*,#5078,.T.);
#7384=ORIENTED_EDGE('',*,*,#5079,.T.);
#7385=ORIENTED_EDGE('',*,*,#4440,.F.);
#7386=ORIENTED_EDGE('',*,*,#5079,.F.);
#7387=ORIENTED_EDGE('',*,*,#5080,.F.);
#7388=ORIENTED_EDGE('',*,*,#5076,.F.);
#7389=ORIENTED_EDGE('',*,*,#4614,.F.);
#7390=ORIENTED_EDGE('',*,*,#5081,.F.);
#7391=ORIENTED_EDGE('',*,*,#5077,.F.);
#7392=ORIENTED_EDGE('',*,*,#5080,.T.);
#7393=ORIENTED_EDGE('',*,*,#5078,.F.);
#7394=ORIENTED_EDGE('',*,*,#5074,.F.);
#7395=ORIENTED_EDGE('',*,*,#5081,.T.);
#7396=ORIENTED_EDGE('',*,*,#4613,.F.);
#7397=ORIENTED_EDGE('',*,*,#5082,.T.);
#7398=ORIENTED_EDGE('',*,*,#4441,.F.);
#7399=ORIENTED_EDGE('',*,*,#4430,.F.);
#7400=ORIENTED_EDGE('',*,*,#5011,.F.);
#7401=ORIENTED_EDGE('',*,*,#4624,.F.);
#7402=ORIENTED_EDGE('',*,*,#5083,.F.);
#7403=ORIENTED_EDGE('',*,*,#5084,.T.);
#7404=ORIENTED_EDGE('',*,*,#5085,.F.);
#7405=ORIENTED_EDGE('',*,*,#4623,.F.);
#7406=ORIENTED_EDGE('',*,*,#5086,.T.);
#7407=ORIENTED_EDGE('',*,*,#5087,.T.);
#7408=ORIENTED_EDGE('',*,*,#5083,.T.);
#7409=ORIENTED_EDGE('',*,*,#4431,.F.);
#7410=ORIENTED_EDGE('',*,*,#5085,.T.);
#7411=ORIENTED_EDGE('',*,*,#5088,.T.);
#7412=ORIENTED_EDGE('',*,*,#5089,.T.);
#7413=ORIENTED_EDGE('',*,*,#4432,.F.);
#7414=ORIENTED_EDGE('',*,*,#5089,.F.);
#7415=ORIENTED_EDGE('',*,*,#5090,.F.);
#7416=ORIENTED_EDGE('',*,*,#5086,.F.);
#7417=ORIENTED_EDGE('',*,*,#4622,.F.);
#7418=ORIENTED_EDGE('',*,*,#5091,.F.);
#7419=ORIENTED_EDGE('',*,*,#5087,.F.);
#7420=ORIENTED_EDGE('',*,*,#5090,.T.);
#7421=ORIENTED_EDGE('',*,*,#5088,.F.);
#7422=ORIENTED_EDGE('',*,*,#5084,.F.);
#7423=ORIENTED_EDGE('',*,*,#5062,.T.);
#7424=ORIENTED_EDGE('',*,*,#4433,.F.);
#7425=ORIENTED_EDGE('',*,*,#5091,.T.);
#7426=ORIENTED_EDGE('',*,*,#4621,.F.);
#7427=ORIENTED_EDGE('',*,*,#4442,.F.);
#7428=ORIENTED_EDGE('',*,*,#5082,.F.);
#7429=ORIENTED_EDGE('',*,*,#4612,.F.);
#7430=ORIENTED_EDGE('',*,*,#5092,.F.);
#7431=ORIENTED_EDGE('',*,*,#5093,.T.);
#7432=ORIENTED_EDGE('',*,*,#5094,.F.);
#7433=ORIENTED_EDGE('',*,*,#4611,.F.);
#7434=ORIENTED_EDGE('',*,*,#5095,.T.);
#7435=ORIENTED_EDGE('',*,*,#5096,.T.);
#7436=ORIENTED_EDGE('',*,*,#5092,.T.);
#7437=ORIENTED_EDGE('',*,*,#4443,.F.);
#7438=ORIENTED_EDGE('',*,*,#5094,.T.);
#7439=ORIENTED_EDGE('',*,*,#5097,.T.);
#7440=ORIENTED_EDGE('',*,*,#5098,.T.);
#7441=ORIENTED_EDGE('',*,*,#4444,.F.);
#7442=ORIENTED_EDGE('',*,*,#5098,.F.);
#7443=ORIENTED_EDGE('',*,*,#5099,.F.);
#7444=ORIENTED_EDGE('',*,*,#5095,.F.);
#7445=ORIENTED_EDGE('',*,*,#4610,.F.);
#7446=ORIENTED_EDGE('',*,*,#5100,.F.);
#7447=ORIENTED_EDGE('',*,*,#5096,.F.);
#7448=ORIENTED_EDGE('',*,*,#5099,.T.);
#7449=ORIENTED_EDGE('',*,*,#5097,.F.);
#7450=ORIENTED_EDGE('',*,*,#5093,.F.);
#7451=ORIENTED_EDGE('',*,*,#4851,.T.);
#7452=ORIENTED_EDGE('',*,*,#4445,.F.);
#7453=ORIENTED_EDGE('',*,*,#5100,.T.);
#7454=ORIENTED_EDGE('',*,*,#4609,.F.);
#7455=ORIENTED_EDGE('',*,*,#5101,.F.);
#7456=ORIENTED_EDGE('',*,*,#4558,.F.);
#7457=ORIENTED_EDGE('',*,*,#5102,.F.);
#7458=ORIENTED_EDGE('',*,*,#4673,.F.);
#7459=ORIENTED_EDGE('',*,*,#5103,.F.);
#7460=ORIENTED_EDGE('',*,*,#4661,.F.);
#7461=ORIENTED_EDGE('',*,*,#5104,.F.);
#7462=ORIENTED_EDGE('',*,*,#4393,.F.);
#7463=ORIENTED_EDGE('',*,*,#5105,.F.);
#7464=ORIENTED_EDGE('',*,*,#4665,.F.);
#7465=ORIENTED_EDGE('',*,*,#5106,.F.);
#7466=ORIENTED_EDGE('',*,*,#4566,.F.);
#7467=ORIENTED_EDGE('',*,*,#5107,.F.);
#7468=ORIENTED_EDGE('',*,*,#4669,.F.);
#7469=ORIENTED_EDGE('',*,*,#5108,.F.);
#7470=ORIENTED_EDGE('',*,*,#4562,.F.);
#7471=ORIENTED_EDGE('',*,*,#5042,.T.);
#7472=ORIENTED_EDGE('',*,*,#4397,.F.);
#7473=ORIENTED_EDGE('',*,*,#5109,.F.);
#7474=ORIENTED_EDGE('',*,*,#4657,.F.);
#7475=ORIENTED_EDGE('',*,*,#5110,.F.);
#7476=ORIENTED_EDGE('',*,*,#4481,.F.);
#7477=ORIENTED_EDGE('',*,*,#5111,.F.);
#7478=ORIENTED_EDGE('',*,*,#4573,.F.);
#7479=ORIENTED_EDGE('',*,*,#4749,.F.);
#7480=ORIENTED_EDGE('',*,*,#4882,.T.);
#7481=ORIENTED_EDGE('',*,*,#4493,.F.);
#7482=ORIENTED_EDGE('',*,*,#5112,.F.);
#7483=ORIENTED_EDGE('',*,*,#4737,.F.);
#7484=ORIENTED_EDGE('',*,*,#5113,.F.);
#7485=ORIENTED_EDGE('',*,*,#4741,.F.);
#7486=ORIENTED_EDGE('',*,*,#5114,.F.);
#7487=ORIENTED_EDGE('',*,*,#4489,.F.);
#7488=ORIENTED_EDGE('',*,*,#4389,.F.);
#7489=ORIENTED_EDGE('',*,*,#5115,.F.);
#7490=ORIENTED_EDGE('',*,*,#4745,.F.);
#7491=ORIENTED_EDGE('',*,*,#5116,.F.);
#7492=ORIENTED_EDGE('',*,*,#4485,.F.);
#7493=ORIENTED_EDGE('',*,*,#5117,.T.);
#7494=ORIENTED_EDGE('',*,*,#5118,.T.);
#7495=ORIENTED_EDGE('',*,*,#5119,.T.);
#7496=ORIENTED_EDGE('',*,*,#4571,.F.);
#7497=ORIENTED_EDGE('',*,*,#5120,.T.);
#7498=ORIENTED_EDGE('',*,*,#5117,.F.);
#7499=ORIENTED_EDGE('',*,*,#5121,.F.);
#7500=ORIENTED_EDGE('',*,*,#5122,.T.);
#7501=ORIENTED_EDGE('',*,*,#5123,.T.);
#7502=ORIENTED_EDGE('',*,*,#5118,.F.);
#7503=ORIENTED_EDGE('',*,*,#5120,.F.);
#7504=ORIENTED_EDGE('',*,*,#5124,.F.);
#7505=ORIENTED_EDGE('',*,*,#5121,.T.);
#7506=ORIENTED_EDGE('',*,*,#5119,.F.);
#7507=ORIENTED_EDGE('',*,*,#5123,.F.);
#7508=ORIENTED_EDGE('',*,*,#5122,.F.);
#7509=ORIENTED_EDGE('',*,*,#5124,.T.);
#7510=ORIENTED_EDGE('',*,*,#4670,.T.);
#7511=ORIENTED_EDGE('',*,*,#5107,.T.);
#7512=ORIENTED_EDGE('',*,*,#4561,.T.);
#7513=ORIENTED_EDGE('',*,*,#5125,.F.);
#7514=ORIENTED_EDGE('',*,*,#5126,.F.);
#7515=ORIENTED_EDGE('',*,*,#5127,.F.);
#7516=ORIENTED_EDGE('',*,*,#4560,.T.);
#7517=ORIENTED_EDGE('',*,*,#5128,.T.);
#7518=ORIENTED_EDGE('',*,*,#5129,.T.);
#7519=ORIENTED_EDGE('',*,*,#5125,.T.);
#7520=ORIENTED_EDGE('',*,*,#4666,.T.);
#7521=ORIENTED_EDGE('',*,*,#5105,.T.);
#7522=ORIENTED_EDGE('',*,*,#4565,.T.);
#7523=ORIENTED_EDGE('',*,*,#5130,.F.);
#7524=ORIENTED_EDGE('',*,*,#5131,.F.);
#7525=ORIENTED_EDGE('',*,*,#5132,.F.);
#7526=ORIENTED_EDGE('',*,*,#4564,.T.);
#7527=ORIENTED_EDGE('',*,*,#5133,.T.);
#7528=ORIENTED_EDGE('',*,*,#5134,.T.);
#7529=ORIENTED_EDGE('',*,*,#5130,.T.);
#7530=ORIENTED_EDGE('',*,*,#4662,.T.);
#7531=ORIENTED_EDGE('',*,*,#5103,.T.);
#7532=ORIENTED_EDGE('',*,*,#4392,.T.);
#7533=ORIENTED_EDGE('',*,*,#5135,.F.);
#7534=ORIENTED_EDGE('',*,*,#5136,.F.);
#7535=ORIENTED_EDGE('',*,*,#5137,.F.);
#7536=ORIENTED_EDGE('',*,*,#4391,.T.);
#7537=ORIENTED_EDGE('',*,*,#4568,.T.);
#7538=ORIENTED_EDGE('',*,*,#5138,.T.);
#7539=ORIENTED_EDGE('',*,*,#5139,.T.);
#7540=ORIENTED_EDGE('',*,*,#5135,.T.);
#7541=ORIENTED_EDGE('',*,*,#4658,.T.);
#7542=ORIENTED_EDGE('',*,*,#5109,.T.);
#7543=ORIENTED_EDGE('',*,*,#4396,.T.);
#7544=ORIENTED_EDGE('',*,*,#5140,.F.);
#7545=ORIENTED_EDGE('',*,*,#5141,.F.);
#7546=ORIENTED_EDGE('',*,*,#5142,.F.);
#7547=ORIENTED_EDGE('',*,*,#4395,.T.);
#7548=ORIENTED_EDGE('',*,*,#5143,.T.);
#7549=ORIENTED_EDGE('',*,*,#5144,.T.);
#7550=ORIENTED_EDGE('',*,*,#5140,.T.);
#7551=ORIENTED_EDGE('',*,*,#4556,.T.);
#7552=ORIENTED_EDGE('',*,*,#5145,.T.);
#7553=ORIENTED_EDGE('',*,*,#5146,.T.);
#7554=ORIENTED_EDGE('',*,*,#5147,.T.);
#7555=ORIENTED_EDGE('',*,*,#4555,.T.);
#7556=ORIENTED_EDGE('',*,*,#4819,.T.);
#7557=ORIENTED_EDGE('',*,*,#4676,.T.);
#7558=ORIENTED_EDGE('',*,*,#5148,.F.);
#7559=ORIENTED_EDGE('',*,*,#5149,.T.);
#7560=ORIENTED_EDGE('',*,*,#5145,.F.);
#7561=ORIENTED_EDGE('',*,*,#4675,.T.);
#7562=ORIENTED_EDGE('',*,*,#5150,.T.);
#7563=ORIENTED_EDGE('',*,*,#5151,.T.);
#7564=ORIENTED_EDGE('',*,*,#5148,.T.);
#7565=ORIENTED_EDGE('',*,*,#4557,.T.);
#7566=ORIENTED_EDGE('',*,*,#5147,.F.);
#7567=ORIENTED_EDGE('',*,*,#5152,.F.);
#7568=ORIENTED_EDGE('',*,*,#5150,.F.);
#7569=ORIENTED_EDGE('',*,*,#4674,.T.);
#7570=ORIENTED_EDGE('',*,*,#5102,.T.);
#7571=ORIENTED_EDGE('',*,*,#5151,.F.);
#7572=ORIENTED_EDGE('',*,*,#5152,.T.);
#7573=ORIENTED_EDGE('',*,*,#5146,.F.);
#7574=ORIENTED_EDGE('',*,*,#5149,.F.);
#7575=ORIENTED_EDGE('',*,*,#4672,.T.);
#7576=ORIENTED_EDGE('',*,*,#5153,.F.);
#7577=ORIENTED_EDGE('',*,*,#5154,.T.);
#7578=ORIENTED_EDGE('',*,*,#5128,.F.);
#7579=ORIENTED_EDGE('',*,*,#4559,.T.);
#7580=ORIENTED_EDGE('',*,*,#5101,.T.);
#7581=ORIENTED_EDGE('',*,*,#4671,.T.);
#7582=ORIENTED_EDGE('',*,*,#5127,.T.);
#7583=ORIENTED_EDGE('',*,*,#5155,.T.);
#7584=ORIENTED_EDGE('',*,*,#5153,.T.);
#7585=ORIENTED_EDGE('',*,*,#5155,.F.);
#7586=ORIENTED_EDGE('',*,*,#5126,.T.);
#7587=ORIENTED_EDGE('',*,*,#5129,.F.);
#7588=ORIENTED_EDGE('',*,*,#5154,.F.);
#7589=ORIENTED_EDGE('',*,*,#4668,.T.);
#7590=ORIENTED_EDGE('',*,*,#5156,.F.);
#7591=ORIENTED_EDGE('',*,*,#5157,.T.);
#7592=ORIENTED_EDGE('',*,*,#5133,.F.);
#7593=ORIENTED_EDGE('',*,*,#4563,.T.);
#7594=ORIENTED_EDGE('',*,*,#5108,.T.);
#7595=ORIENTED_EDGE('',*,*,#4667,.T.);
#7596=ORIENTED_EDGE('',*,*,#5132,.T.);
#7597=ORIENTED_EDGE('',*,*,#5158,.T.);
#7598=ORIENTED_EDGE('',*,*,#5156,.T.);
#7599=ORIENTED_EDGE('',*,*,#5158,.F.);
#7600=ORIENTED_EDGE('',*,*,#5131,.T.);
#7601=ORIENTED_EDGE('',*,*,#5134,.F.);
#7602=ORIENTED_EDGE('',*,*,#5157,.F.);
#7603=ORIENTED_EDGE('',*,*,#4664,.T.);
#7604=ORIENTED_EDGE('',*,*,#5159,.F.);
#7605=ORIENTED_EDGE('',*,*,#5160,.T.);
#7606=ORIENTED_EDGE('',*,*,#5138,.F.);
#7607=ORIENTED_EDGE('',*,*,#4567,.T.);
#7608=ORIENTED_EDGE('',*,*,#5106,.T.);
#7609=ORIENTED_EDGE('',*,*,#4663,.T.);
#7610=ORIENTED_EDGE('',*,*,#5137,.T.);
#7611=ORIENTED_EDGE('',*,*,#5161,.T.);
#7612=ORIENTED_EDGE('',*,*,#5159,.T.);
#7613=ORIENTED_EDGE('',*,*,#5161,.F.);
#7614=ORIENTED_EDGE('',*,*,#5136,.T.);
#7615=ORIENTED_EDGE('',*,*,#5139,.F.);
#7616=ORIENTED_EDGE('',*,*,#5160,.F.);
#7617=ORIENTED_EDGE('',*,*,#4660,.T.);
#7618=ORIENTED_EDGE('',*,*,#5162,.F.);
#7619=ORIENTED_EDGE('',*,*,#5163,.T.);
#7620=ORIENTED_EDGE('',*,*,#5143,.F.);
#7621=ORIENTED_EDGE('',*,*,#4394,.T.);
#7622=ORIENTED_EDGE('',*,*,#5104,.T.);
#7623=ORIENTED_EDGE('',*,*,#4659,.T.);
#7624=ORIENTED_EDGE('',*,*,#5142,.T.);
#7625=ORIENTED_EDGE('',*,*,#5164,.T.);
#7626=ORIENTED_EDGE('',*,*,#5162,.T.);
#7627=ORIENTED_EDGE('',*,*,#5164,.F.);
#7628=ORIENTED_EDGE('',*,*,#5141,.T.);
#7629=ORIENTED_EDGE('',*,*,#5144,.F.);
#7630=ORIENTED_EDGE('',*,*,#5163,.F.);
#7631=ORIENTED_EDGE('',*,*,#4746,.T.);
#7632=ORIENTED_EDGE('',*,*,#5115,.T.);
#7633=ORIENTED_EDGE('',*,*,#4484,.T.);
#7634=ORIENTED_EDGE('',*,*,#5165,.F.);
#7635=ORIENTED_EDGE('',*,*,#5166,.F.);
#7636=ORIENTED_EDGE('',*,*,#5167,.F.);
#7637=ORIENTED_EDGE('',*,*,#4483,.T.);
#7638=ORIENTED_EDGE('',*,*,#5168,.T.);
#7639=ORIENTED_EDGE('',*,*,#5169,.T.);
#7640=ORIENTED_EDGE('',*,*,#5165,.T.);
#7641=ORIENTED_EDGE('',*,*,#4742,.T.);
#7642=ORIENTED_EDGE('',*,*,#5113,.T.);
#7643=ORIENTED_EDGE('',*,*,#4488,.T.);
#7644=ORIENTED_EDGE('',*,*,#5170,.F.);
#7645=ORIENTED_EDGE('',*,*,#5171,.F.);
#7646=ORIENTED_EDGE('',*,*,#5172,.F.);
#7647=ORIENTED_EDGE('',*,*,#4487,.T.);
#7648=ORIENTED_EDGE('',*,*,#5173,.T.);
#7649=ORIENTED_EDGE('',*,*,#5174,.T.);
#7650=ORIENTED_EDGE('',*,*,#5170,.T.);
#7651=ORIENTED_EDGE('',*,*,#4738,.T.);
#7652=ORIENTED_EDGE('',*,*,#5112,.T.);
#7653=ORIENTED_EDGE('',*,*,#4492,.T.);
#7654=ORIENTED_EDGE('',*,*,#5175,.F.);
#7655=ORIENTED_EDGE('',*,*,#5176,.F.);
#7656=ORIENTED_EDGE('',*,*,#5177,.F.);
#7657=ORIENTED_EDGE('',*,*,#4491,.T.);
#7658=ORIENTED_EDGE('',*,*,#5178,.T.);
#7659=ORIENTED_EDGE('',*,*,#5179,.T.);
#7660=ORIENTED_EDGE('',*,*,#5175,.T.);
#7661=ORIENTED_EDGE('',*,*,#4479,.T.);
#7662=ORIENTED_EDGE('',*,*,#5180,.T.);
#7663=ORIENTED_EDGE('',*,*,#5181,.T.);
#7664=ORIENTED_EDGE('',*,*,#5182,.T.);
#7665=ORIENTED_EDGE('',*,*,#4478,.T.);
#7666=ORIENTED_EDGE('',*,*,#4951,.T.);
#7667=ORIENTED_EDGE('',*,*,#4576,.T.);
#7668=ORIENTED_EDGE('',*,*,#5183,.F.);
#7669=ORIENTED_EDGE('',*,*,#5184,.T.);
#7670=ORIENTED_EDGE('',*,*,#5180,.F.);
#7671=ORIENTED_EDGE('',*,*,#4575,.T.);
#7672=ORIENTED_EDGE('',*,*,#5185,.T.);
#7673=ORIENTED_EDGE('',*,*,#5186,.T.);
#7674=ORIENTED_EDGE('',*,*,#5183,.T.);
#7675=ORIENTED_EDGE('',*,*,#4480,.T.);
#7676=ORIENTED_EDGE('',*,*,#5182,.F.);
#7677=ORIENTED_EDGE('',*,*,#5187,.F.);
#7678=ORIENTED_EDGE('',*,*,#5185,.F.);
#7679=ORIENTED_EDGE('',*,*,#4574,.T.);
#7680=ORIENTED_EDGE('',*,*,#5111,.T.);
#7681=ORIENTED_EDGE('',*,*,#5186,.F.);
#7682=ORIENTED_EDGE('',*,*,#5187,.T.);
#7683=ORIENTED_EDGE('',*,*,#5181,.F.);
#7684=ORIENTED_EDGE('',*,*,#5184,.F.);
#7685=ORIENTED_EDGE('',*,*,#4748,.T.);
#7686=ORIENTED_EDGE('',*,*,#5188,.F.);
#7687=ORIENTED_EDGE('',*,*,#5189,.T.);
#7688=ORIENTED_EDGE('',*,*,#5168,.F.);
#7689=ORIENTED_EDGE('',*,*,#4482,.T.);
#7690=ORIENTED_EDGE('',*,*,#5110,.T.);
#7691=ORIENTED_EDGE('',*,*,#4744,.T.);
#7692=ORIENTED_EDGE('',*,*,#5190,.F.);
#7693=ORIENTED_EDGE('',*,*,#5191,.T.);
#7694=ORIENTED_EDGE('',*,*,#5173,.F.);
#7695=ORIENTED_EDGE('',*,*,#4486,.T.);
#7696=ORIENTED_EDGE('',*,*,#5116,.T.);
#7697=ORIENTED_EDGE('',*,*,#4743,.T.);
#7698=ORIENTED_EDGE('',*,*,#5172,.T.);
#7699=ORIENTED_EDGE('',*,*,#5192,.T.);
#7700=ORIENTED_EDGE('',*,*,#5190,.T.);
#7701=ORIENTED_EDGE('',*,*,#5192,.F.);
#7702=ORIENTED_EDGE('',*,*,#5171,.T.);
#7703=ORIENTED_EDGE('',*,*,#5174,.F.);
#7704=ORIENTED_EDGE('',*,*,#5191,.F.);
#7705=ORIENTED_EDGE('',*,*,#4740,.T.);
#7706=ORIENTED_EDGE('',*,*,#5193,.F.);
#7707=ORIENTED_EDGE('',*,*,#5194,.T.);
#7708=ORIENTED_EDGE('',*,*,#5178,.F.);
#7709=ORIENTED_EDGE('',*,*,#4490,.T.);
#7710=ORIENTED_EDGE('',*,*,#5114,.T.);
#7711=ORIENTED_EDGE('',*,*,#4739,.T.);
#7712=ORIENTED_EDGE('',*,*,#5177,.T.);
#7713=ORIENTED_EDGE('',*,*,#5195,.T.);
#7714=ORIENTED_EDGE('',*,*,#5193,.T.);
#7715=ORIENTED_EDGE('',*,*,#5195,.F.);
#7716=ORIENTED_EDGE('',*,*,#5176,.T.);
#7717=ORIENTED_EDGE('',*,*,#5179,.F.);
#7718=ORIENTED_EDGE('',*,*,#5194,.F.);
#7719=ORIENTED_EDGE('',*,*,#4747,.T.);
#7720=ORIENTED_EDGE('',*,*,#5167,.T.);
#7721=ORIENTED_EDGE('',*,*,#5196,.T.);
#7722=ORIENTED_EDGE('',*,*,#5188,.T.);
#7723=ORIENTED_EDGE('',*,*,#5196,.F.);
#7724=ORIENTED_EDGE('',*,*,#5166,.T.);
#7725=ORIENTED_EDGE('',*,*,#5169,.F.);
#7726=ORIENTED_EDGE('',*,*,#5189,.F.);
#7727=PLANE('',#8462);
#7728=PLANE('',#8464);
#7729=PLANE('',#8465);
#7730=PLANE('',#8473);
#7731=PLANE('',#8477);
#7732=PLANE('',#8478);
#7733=PLANE('',#8479);
#7734=PLANE('',#8480);
#7735=PLANE('',#8481);
#7736=PLANE('',#8482);
#7737=PLANE('',#8483);
#7738=PLANE('',#8486);
#7739=PLANE('',#8488);
#7740=PLANE('',#8490);
#7741=PLANE('',#8493);
#7742=PLANE('',#8496);
#7743=PLANE('',#8497);
#7744=PLANE('',#8498);
#7745=PLANE('',#8499);
#7746=PLANE('',#8500);
#7747=PLANE('',#8501);
#7748=PLANE('',#8502);
#7749=PLANE('',#8503);
#7750=PLANE('',#8504);
#7751=PLANE('',#8505);
#7752=PLANE('',#8507);
#7753=PLANE('',#8508);
#7754=PLANE('',#8510);
#7755=PLANE('',#8511);
#7756=PLANE('',#8512);
#7757=PLANE('',#8513);
#7758=PLANE('',#8514);
#7759=PLANE('',#8515);
#7760=PLANE('',#8516);
#7761=PLANE('',#8517);
#7762=PLANE('',#8518);
#7763=PLANE('',#8519);
#7764=PLANE('',#8520);
#7765=PLANE('',#8521);
#7766=PLANE('',#8522);
#7767=PLANE('',#8523);
#7768=PLANE('',#8524);
#7769=PLANE('',#8525);
#7770=PLANE('',#8526);
#7771=PLANE('',#8530);
#7772=PLANE('',#8531);
#7773=PLANE('',#8532);
#7774=PLANE('',#8533);
#7775=PLANE('',#8537);
#7776=PLANE('',#8544);
#7777=PLANE('',#8548);
#7778=PLANE('',#8552);
#7779=PLANE('',#8556);
#7780=PLANE('',#8560);
#7781=PLANE('',#8564);
#7782=PLANE('',#8580);
#7783=PLANE('',#8581);
#7784=PLANE('',#8582);
#7785=PLANE('',#8583);
#7786=PLANE('',#8584);
#7787=PLANE('',#8585);
#7788=PLANE('',#8587);
#7789=PLANE('',#8590);
#7790=PLANE('',#8591);
#7791=PLANE('',#8592);
#7792=PLANE('',#8593);
#7793=PLANE('',#8594);
#7794=PLANE('',#8595);
#7795=PLANE('',#8596);
#7796=PLANE('',#8597);
#7797=PLANE('',#8598);
#7798=PLANE('',#8599);
#7799=PLANE('',#8600);
#7800=PLANE('',#8601);
#7801=PLANE('',#8602);
#7802=PLANE('',#8603);
#7803=PLANE('',#8604);
#7804=PLANE('',#8605);
#7805=PLANE('',#8606);
#7806=PLANE('',#8607);
#7807=PLANE('',#8608);
#7808=PLANE('',#8609);
#7809=PLANE('',#8610);
#7810=PLANE('',#8611);
#7811=PLANE('',#8612);
#7812=PLANE('',#8613);
#7813=PLANE('',#8614);
#7814=PLANE('',#8615);
#7815=PLANE('',#8616);
#7816=PLANE('',#8617);
#7817=PLANE('',#8618);
#7818=PLANE('',#8619);
#7819=PLANE('',#8620);
#7820=PLANE('',#8621);
#7821=PLANE('',#8622);
#7822=PLANE('',#8623);
#7823=PLANE('',#8624);
#7824=PLANE('',#8625);
#7825=PLANE('',#8626);
#7826=PLANE('',#8627);
#7827=PLANE('',#8628);
#7828=PLANE('',#8629);
#7829=PLANE('',#8630);
#7830=PLANE('',#8631);
#7831=PLANE('',#8632);
#7832=PLANE('',#8633);
#7833=PLANE('',#8634);
#7834=PLANE('',#8635);
#7835=PLANE('',#8636);
#7836=PLANE('',#8637);
#7837=PLANE('',#8638);
#7838=PLANE('',#8639);
#7839=PLANE('',#8640);
#7840=PLANE('',#8641);
#7841=PLANE('',#8642);
#7842=PLANE('',#8643);
#7843=PLANE('',#8644);
#7844=PLANE('',#8645);
#7845=PLANE('',#8646);
#7846=PLANE('',#8647);
#7847=PLANE('',#8648);
#7848=PLANE('',#8649);
#7849=PLANE('',#8650);
#7850=PLANE('',#8651);
#7851=PLANE('',#8652);
#7852=PLANE('',#8653);
#7853=PLANE('',#8654);
#7854=PLANE('',#8655);
#7855=PLANE('',#8656);
#7856=PLANE('',#8657);
#7857=PLANE('',#8658);
#7858=PLANE('',#8659);
#7859=PLANE('',#8660);
#7860=PLANE('',#8661);
#7861=PLANE('',#8662);
#7862=PLANE('',#8663);
#7863=PLANE('',#8664);
#7864=PLANE('',#8665);
#7865=PLANE('',#8666);
#7866=PLANE('',#8673);
#7867=PLANE('',#8674);
#7868=PLANE('',#8773);
#7869=PLANE('',#8780);
#7870=PLANE('',#8781);
#7871=PLANE('',#8783);
#7872=PLANE('',#8790);
#7873=PLANE('',#8791);
#7874=PLANE('',#8793);
#7875=PLANE('',#8800);
#7876=PLANE('',#8801);
#7877=PLANE('',#8803);
#7878=PLANE('',#8810);
#7879=PLANE('',#8811);
#7880=PLANE('',#8813);
#7881=PLANE('',#8820);
#7882=PLANE('',#8821);
#7883=PLANE('',#8823);
#7884=PLANE('',#8830);
#7885=PLANE('',#8831);
#7886=PLANE('',#8833);
#7887=PLANE('',#8840);
#7888=PLANE('',#8841);
#7889=PLANE('',#8843);
#7890=PLANE('',#8850);
#7891=PLANE('',#8851);
#7892=PLANE('',#8853);
#7893=PLANE('',#8860);
#7894=PLANE('',#8861);
#7895=PLANE('',#8863);
#7896=PLANE('',#8870);
#7897=PLANE('',#8871);
#7898=PLANE('',#8873);
#7899=PLANE('',#8880);
#7900=PLANE('',#8881);
#7901=PLANE('',#8883);
#7902=PLANE('',#8890);
#7903=PLANE('',#8891);
#7904=PLANE('',#8893);
#7905=PLANE('',#8900);
#7906=PLANE('',#8901);
#7907=PLANE('',#8903);
#7908=PLANE('',#8910);
#7909=PLANE('',#8911);
#7910=PLANE('',#8913);
#7911=PLANE('',#8920);
#7912=PLANE('',#8921);
#7913=PLANE('',#8923);
#7914=PLANE('',#8930);
#7915=PLANE('',#8931);
#7916=PLANE('',#8933);
#7917=PLANE('',#8940);
#7918=PLANE('',#8941);
#7919=PLANE('',#8943);
#7920=PLANE('',#8950);
#7921=PLANE('',#8951);
#7922=PLANE('',#8953);
#7923=PLANE('',#8960);
#7924=PLANE('',#8961);
#7925=PLANE('',#8963);
#7926=PLANE('',#8970);
#7927=PLANE('',#8971);
#7928=PLANE('',#8973);
#7929=PLANE('',#8980);
#7930=PLANE('',#8981);
#7931=PLANE('',#8983);
#7932=PLANE('',#8990);
#7933=PLANE('',#8991);
#7934=PLANE('',#8993);
#7935=PLANE('',#9000);
#7936=PLANE('',#9001);
#7937=PLANE('',#9003);
#7938=PLANE('',#9010);
#7939=PLANE('',#9011);
#7940=PLANE('',#9013);
#7941=PLANE('',#9020);
#7942=PLANE('',#9021);
#7943=PLANE('',#9023);
#7944=PLANE('',#9030);
#7945=PLANE('',#9031);
#7946=PLANE('',#9033);
#7947=PLANE('',#9040);
#7948=PLANE('',#9041);
#7949=PLANE('',#9043);
#7950=PLANE('',#9050);
#7951=PLANE('',#9051);
#7952=PLANE('',#9053);
#7953=PLANE('',#9060);
#7954=PLANE('',#9061);
#7955=PLANE('',#9063);
#7956=PLANE('',#9070);
#7957=PLANE('',#9071);
#7958=PLANE('',#9073);
#7959=PLANE('',#9080);
#7960=PLANE('',#9081);
#7961=PLANE('',#9083);
#7962=PLANE('',#9090);
#7963=PLANE('',#9091);
#7964=PLANE('',#9093);
#7965=PLANE('',#9100);
#7966=PLANE('',#9101);
#7967=PLANE('',#9103);
#7968=PLANE('',#9110);
#7969=PLANE('',#9111);
#7970=PLANE('',#9113);
#7971=PLANE('',#9120);
#7972=PLANE('',#9121);
#7973=PLANE('',#9131);
#7974=PLANE('',#9133);
#7975=PLANE('',#9138);
#7976=PLANE('',#9139);
#7977=PLANE('',#9140);
#7978=PLANE('',#9145);
#7979=PLANE('',#9150);
#7980=PLANE('',#9155);
#7981=PLANE('',#9163);
#7982=PLANE('',#9167);
#7983=PLANE('',#9168);
#7984=PLANE('',#9169);
#7985=PLANE('',#9172);
#7986=PLANE('',#9173);
#7987=PLANE('',#9176);
#7988=PLANE('',#9177);
#7989=PLANE('',#9180);
#7990=PLANE('',#9181);
#7991=PLANE('',#9184);
#7992=PLANE('',#9185);
#7993=PLANE('',#9190);
#7994=PLANE('',#9195);
#7995=PLANE('',#9203);
#7996=PLANE('',#9207);
#7997=PLANE('',#9208);
#7998=PLANE('',#9209);
#7999=PLANE('',#9211);
#8000=PLANE('',#9214);
#8001=PLANE('',#9215);
#8002=PLANE('',#9218);
#8003=PLANE('',#9220);
#8004=ADVANCED_FACE('',(#513),#7727,.T.);
#8005=ADVANCED_FACE('',(#514),#7728,.T.);
#8006=ADVANCED_FACE('',(#515,#467,#468,#469),#7729,.F.);
#8007=ADVANCED_FACE('',(#516),#305,.F.);
#8008=ADVANCED_FACE('',(#517),#7730,.T.);
#8009=ADVANCED_FACE('',(#518),#306,.F.);
#8010=ADVANCED_FACE('',(#519),#7731,.T.);
#8011=ADVANCED_FACE('',(#520),#7732,.T.);
#8012=ADVANCED_FACE('',(#521),#7733,.T.);
#8013=ADVANCED_FACE('',(#522),#7734,.T.);
#8014=ADVANCED_FACE('',(#523),#7735,.T.);
#8015=ADVANCED_FACE('',(#524),#7736,.T.);
#8016=ADVANCED_FACE('',(#525),#7737,.T.);
#8017=ADVANCED_FACE('',(#526),#307,.T.);
#8018=ADVANCED_FACE('',(#527),#7738,.F.);
#8019=ADVANCED_FACE('',(#528),#7739,.F.);
#8020=ADVANCED_FACE('',(#529),#7740,.T.);
#8021=ADVANCED_FACE('',(#530),#308,.T.);
#8022=ADVANCED_FACE('',(#531,#470),#7741,.F.);
#8023=ADVANCED_FACE('',(#532),#309,.T.);
#8024=ADVANCED_FACE('',(#533,#471),#7742,.F.);
#8025=ADVANCED_FACE('',(#534),#7743,.T.);
#8026=ADVANCED_FACE('',(#535),#7744,.T.);
#8027=ADVANCED_FACE('',(#536),#7745,.T.);
#8028=ADVANCED_FACE('',(#537),#7746,.T.);
#8029=ADVANCED_FACE('',(#538),#7747,.T.);
#8030=ADVANCED_FACE('',(#539),#7748,.T.);
#8031=ADVANCED_FACE('',(#540),#7749,.T.);
#8032=ADVANCED_FACE('',(#541),#7750,.T.);
#8033=ADVANCED_FACE('',(#542),#7751,.T.);
#8034=ADVANCED_FACE('',(#543),#310,.T.);
#8035=ADVANCED_FACE('',(#544),#7752,.T.);
#8036=ADVANCED_FACE('',(#545),#7753,.T.);
#8037=ADVANCED_FACE('',(#546),#311,.T.);
#8038=ADVANCED_FACE('',(#547),#7754,.T.);
#8039=ADVANCED_FACE('',(#548),#7755,.T.);
#8040=ADVANCED_FACE('',(#549),#7756,.T.);
#8041=ADVANCED_FACE('',(#550),#7757,.F.);
#8042=ADVANCED_FACE('',(#551),#7758,.F.);
#8043=ADVANCED_FACE('',(#552),#7759,.T.);
#8044=ADVANCED_FACE('',(#553),#7760,.T.);
#8045=ADVANCED_FACE('',(#554),#7761,.T.);
#8046=ADVANCED_FACE('',(#555),#7762,.T.);
#8047=ADVANCED_FACE('',(#556),#7763,.T.);
#8048=ADVANCED_FACE('',(#557),#7764,.T.);
#8049=ADVANCED_FACE('',(#558),#7765,.T.);
#8050=ADVANCED_FACE('',(#559),#7766,.T.);
#8051=ADVANCED_FACE('',(#560),#7767,.T.);
#8052=ADVANCED_FACE('',(#561),#7768,.T.);
#8053=ADVANCED_FACE('',(#562),#7769,.T.);
#8054=ADVANCED_FACE('',(#563),#7770,.T.);
#8055=ADVANCED_FACE('',(#564),#312,.F.);
#8056=ADVANCED_FACE('',(#565),#7771,.T.);
#8057=ADVANCED_FACE('',(#566),#7772,.T.);
#8058=ADVANCED_FACE('',(#567),#7773,.T.);
#8059=ADVANCED_FACE('',(#568),#7774,.F.);
#8060=ADVANCED_FACE('',(#569),#313,.F.);
#8061=ADVANCED_FACE('',(#570),#7775,.F.);
#8062=ADVANCED_FACE('',(#571),#314,.F.);
#8063=ADVANCED_FACE('',(#572),#315,.F.);
#8064=ADVANCED_FACE('',(#573),#7776,.F.);
#8065=ADVANCED_FACE('',(#574),#316,.F.);
#8066=ADVANCED_FACE('',(#575),#7777,.F.);
#8067=ADVANCED_FACE('',(#576),#317,.T.);
#8068=ADVANCED_FACE('',(#577),#7778,.F.);
#8069=ADVANCED_FACE('',(#578),#318,.T.);
#8070=ADVANCED_FACE('',(#579,#472),#7779,.F.);
#8071=ADVANCED_FACE('',(#580),#319,.T.);
#8072=ADVANCED_FACE('',(#581),#7780,.F.);
#8073=ADVANCED_FACE('',(#582),#320,.T.);
#8074=ADVANCED_FACE('',(#583,#473),#7781,.F.);
#8075=ADVANCED_FACE('',(#584),#321,.T.);
#8076=ADVANCED_FACE('',(#585),#322,.T.);
#8077=ADVANCED_FACE('',(#586),#323,.T.);
#8078=ADVANCED_FACE('',(#587),#324,.T.);
#8079=ADVANCED_FACE('',(#588),#325,.T.);
#8080=ADVANCED_FACE('',(#589),#326,.T.);
#8081=ADVANCED_FACE('',(#590),#327,.T.);
#8082=ADVANCED_FACE('',(#591),#328,.T.);
#8083=ADVANCED_FACE('',(#592),#329,.T.);
#8084=ADVANCED_FACE('',(#593),#7782,.T.);
#8085=ADVANCED_FACE('',(#594),#7783,.T.);
#8086=ADVANCED_FACE('',(#595),#7784,.T.);
#8087=ADVANCED_FACE('',(#596),#7785,.T.);
#8088=ADVANCED_FACE('',(#597),#7786,.T.);
#8089=ADVANCED_FACE('',(#598,#474,#475,#476,#477,#478,#479,#480,#481,#482,
#483,#484,#485,#486,#487,#488,#489,#490),#7787,.T.);
#8090=ADVANCED_FACE('',(#599),#7788,.F.);
#8091=ADVANCED_FACE('',(#600),#330,.F.);
#8092=ADVANCED_FACE('',(#601),#7789,.F.);
#8093=ADVANCED_FACE('',(#602),#7790,.F.);
#8094=ADVANCED_FACE('',(#603),#7791,.F.);
#8095=ADVANCED_FACE('',(#604),#7792,.F.);
#8096=ADVANCED_FACE('',(#605),#7793,.F.);
#8097=ADVANCED_FACE('',(#606),#7794,.F.);
#8098=ADVANCED_FACE('',(#607),#7795,.F.);
#8099=ADVANCED_FACE('',(#608),#7796,.F.);
#8100=ADVANCED_FACE('',(#609),#7797,.F.);
#8101=ADVANCED_FACE('',(#610),#7798,.F.);
#8102=ADVANCED_FACE('',(#611),#7799,.F.);
#8103=ADVANCED_FACE('',(#612),#7800,.F.);
#8104=ADVANCED_FACE('',(#613),#7801,.F.);
#8105=ADVANCED_FACE('',(#614),#7802,.F.);
#8106=ADVANCED_FACE('',(#615),#7803,.F.);
#8107=ADVANCED_FACE('',(#616),#7804,.F.);
#8108=ADVANCED_FACE('',(#617),#7805,.F.);
#8109=ADVANCED_FACE('',(#618),#7806,.F.);
#8110=ADVANCED_FACE('',(#619),#7807,.F.);
#8111=ADVANCED_FACE('',(#620),#7808,.F.);
#8112=ADVANCED_FACE('',(#621),#7809,.F.);
#8113=ADVANCED_FACE('',(#622),#7810,.F.);
#8114=ADVANCED_FACE('',(#623),#7811,.F.);
#8115=ADVANCED_FACE('',(#624),#7812,.F.);
#8116=ADVANCED_FACE('',(#625),#7813,.F.);
#8117=ADVANCED_FACE('',(#626),#7814,.F.);
#8118=ADVANCED_FACE('',(#627),#7815,.F.);
#8119=ADVANCED_FACE('',(#628),#7816,.F.);
#8120=ADVANCED_FACE('',(#629),#7817,.F.);
#8121=ADVANCED_FACE('',(#630),#7818,.F.);
#8122=ADVANCED_FACE('',(#631),#7819,.F.);
#8123=ADVANCED_FACE('',(#632),#7820,.F.);
#8124=ADVANCED_FACE('',(#633),#7821,.F.);
#8125=ADVANCED_FACE('',(#634),#7822,.F.);
#8126=ADVANCED_FACE('',(#635),#7823,.F.);
#8127=ADVANCED_FACE('',(#636),#7824,.F.);
#8128=ADVANCED_FACE('',(#637),#7825,.F.);
#8129=ADVANCED_FACE('',(#638),#7826,.F.);
#8130=ADVANCED_FACE('',(#639),#7827,.F.);
#8131=ADVANCED_FACE('',(#640),#7828,.F.);
#8132=ADVANCED_FACE('',(#641),#7829,.F.);
#8133=ADVANCED_FACE('',(#642),#7830,.F.);
#8134=ADVANCED_FACE('',(#643),#7831,.F.);
#8135=ADVANCED_FACE('',(#644),#7832,.F.);
#8136=ADVANCED_FACE('',(#645),#7833,.F.);
#8137=ADVANCED_FACE('',(#646),#7834,.F.);
#8138=ADVANCED_FACE('',(#647),#7835,.F.);
#8139=ADVANCED_FACE('',(#648),#7836,.F.);
#8140=ADVANCED_FACE('',(#649),#7837,.F.);
#8141=ADVANCED_FACE('',(#650),#7838,.F.);
#8142=ADVANCED_FACE('',(#651),#7839,.F.);
#8143=ADVANCED_FACE('',(#652),#7840,.F.);
#8144=ADVANCED_FACE('',(#653),#7841,.F.);
#8145=ADVANCED_FACE('',(#654),#7842,.F.);
#8146=ADVANCED_FACE('',(#655),#7843,.F.);
#8147=ADVANCED_FACE('',(#656),#7844,.F.);
#8148=ADVANCED_FACE('',(#657),#7845,.F.);
#8149=ADVANCED_FACE('',(#658),#7846,.F.);
#8150=ADVANCED_FACE('',(#659),#7847,.F.);
#8151=ADVANCED_FACE('',(#660),#7848,.F.);
#8152=ADVANCED_FACE('',(#661),#7849,.F.);
#8153=ADVANCED_FACE('',(#662),#7850,.F.);
#8154=ADVANCED_FACE('',(#663),#7851,.F.);
#8155=ADVANCED_FACE('',(#664),#7852,.F.);
#8156=ADVANCED_FACE('',(#665,#491,#492,#493,#494,#495,#496,#497,#498,#499,
#500,#501,#502,#503,#504,#505,#506,#507,#508,#509),#7853,.F.);
#8157=ADVANCED_FACE('',(#666),#7854,.T.);
#8158=ADVANCED_FACE('',(#667),#7855,.T.);
#8159=ADVANCED_FACE('',(#668,#510),#7856,.T.);
#8160=ADVANCED_FACE('',(#669),#7857,.T.);
#8161=ADVANCED_FACE('',(#670),#7858,.T.);
#8162=ADVANCED_FACE('',(#671),#7859,.T.);
#8163=ADVANCED_FACE('',(#672),#7860,.T.);
#8164=ADVANCED_FACE('',(#673,#511),#7861,.T.);
#8165=ADVANCED_FACE('',(#674),#7862,.T.);
#8166=ADVANCED_FACE('',(#675),#7863,.T.);
#8167=ADVANCED_FACE('',(#676,#512),#7864,.F.);
#8168=ADVANCED_FACE('',(#677),#7865,.T.);
#8169=ADVANCED_FACE('',(#678),#331,.T.);
#8170=ADVANCED_FACE('',(#679),#332,.T.);
#8171=ADVANCED_FACE('',(#680),#7866,.T.);
#8172=ADVANCED_FACE('',(#681),#7867,.T.);
#8173=ADVANCED_FACE('',(#682),#17,.T.);
#8174=ADVANCED_FACE('',(#683),#333,.T.);
#8175=ADVANCED_FACE('',(#684),#18,.T.);
#8176=ADVANCED_FACE('',(#685),#7868,.T.);
#8177=ADVANCED_FACE('',(#686),#334,.T.);
#8178=ADVANCED_FACE('',(#687),#335,.T.);
#8179=ADVANCED_FACE('',(#688),#7869,.T.);
#8180=ADVANCED_FACE('',(#689),#7870,.T.);
#8181=ADVANCED_FACE('',(#690),#336,.T.);
#8182=ADVANCED_FACE('',(#691),#7871,.T.);
#8183=ADVANCED_FACE('',(#692),#337,.T.);
#8184=ADVANCED_FACE('',(#693),#338,.T.);
#8185=ADVANCED_FACE('',(#694),#7872,.T.);
#8186=ADVANCED_FACE('',(#695),#7873,.T.);
#8187=ADVANCED_FACE('',(#696),#339,.T.);
#8188=ADVANCED_FACE('',(#697),#7874,.T.);
#8189=ADVANCED_FACE('',(#698),#340,.T.);
#8190=ADVANCED_FACE('',(#699),#341,.T.);
#8191=ADVANCED_FACE('',(#700),#7875,.T.);
#8192=ADVANCED_FACE('',(#701),#7876,.T.);
#8193=ADVANCED_FACE('',(#702),#342,.T.);
#8194=ADVANCED_FACE('',(#703),#7877,.T.);
#8195=ADVANCED_FACE('',(#704),#343,.T.);
#8196=ADVANCED_FACE('',(#705),#344,.T.);
#8197=ADVANCED_FACE('',(#706),#7878,.T.);
#8198=ADVANCED_FACE('',(#707),#7879,.T.);
#8199=ADVANCED_FACE('',(#708),#345,.T.);
#8200=ADVANCED_FACE('',(#709),#7880,.T.);
#8201=ADVANCED_FACE('',(#710),#346,.T.);
#8202=ADVANCED_FACE('',(#711),#347,.T.);
#8203=ADVANCED_FACE('',(#712),#7881,.T.);
#8204=ADVANCED_FACE('',(#713),#7882,.T.);
#8205=ADVANCED_FACE('',(#714),#348,.T.);
#8206=ADVANCED_FACE('',(#715),#7883,.T.);
#8207=ADVANCED_FACE('',(#716),#349,.T.);
#8208=ADVANCED_FACE('',(#717),#350,.T.);
#8209=ADVANCED_FACE('',(#718),#7884,.T.);
#8210=ADVANCED_FACE('',(#719),#7885,.T.);
#8211=ADVANCED_FACE('',(#720),#351,.T.);
#8212=ADVANCED_FACE('',(#721),#7886,.T.);
#8213=ADVANCED_FACE('',(#722),#352,.T.);
#8214=ADVANCED_FACE('',(#723),#353,.T.);
#8215=ADVANCED_FACE('',(#724),#7887,.T.);
#8216=ADVANCED_FACE('',(#725),#7888,.T.);
#8217=ADVANCED_FACE('',(#726),#354,.T.);
#8218=ADVANCED_FACE('',(#727),#7889,.T.);
#8219=ADVANCED_FACE('',(#728),#355,.T.);
#8220=ADVANCED_FACE('',(#729),#356,.T.);
#8221=ADVANCED_FACE('',(#730),#7890,.T.);
#8222=ADVANCED_FACE('',(#731),#7891,.T.);
#8223=ADVANCED_FACE('',(#732),#357,.T.);
#8224=ADVANCED_FACE('',(#733),#7892,.T.);
#8225=ADVANCED_FACE('',(#734),#358,.T.);
#8226=ADVANCED_FACE('',(#735),#359,.T.);
#8227=ADVANCED_FACE('',(#736),#7893,.T.);
#8228=ADVANCED_FACE('',(#737),#7894,.T.);
#8229=ADVANCED_FACE('',(#738),#360,.T.);
#8230=ADVANCED_FACE('',(#739),#7895,.T.);
#8231=ADVANCED_FACE('',(#740),#361,.T.);
#8232=ADVANCED_FACE('',(#741),#362,.T.);
#8233=ADVANCED_FACE('',(#742),#7896,.T.);
#8234=ADVANCED_FACE('',(#743),#7897,.T.);
#8235=ADVANCED_FACE('',(#744),#363,.T.);
#8236=ADVANCED_FACE('',(#745),#7898,.T.);
#8237=ADVANCED_FACE('',(#746),#364,.T.);
#8238=ADVANCED_FACE('',(#747),#365,.T.);
#8239=ADVANCED_FACE('',(#748),#7899,.T.);
#8240=ADVANCED_FACE('',(#749),#7900,.T.);
#8241=ADVANCED_FACE('',(#750),#366,.T.);
#8242=ADVANCED_FACE('',(#751),#7901,.T.);
#8243=ADVANCED_FACE('',(#752),#367,.T.);
#8244=ADVANCED_FACE('',(#753),#368,.T.);
#8245=ADVANCED_FACE('',(#754),#7902,.T.);
#8246=ADVANCED_FACE('',(#755),#7903,.T.);
#8247=ADVANCED_FACE('',(#756),#369,.T.);
#8248=ADVANCED_FACE('',(#757),#7904,.T.);
#8249=ADVANCED_FACE('',(#758),#370,.T.);
#8250=ADVANCED_FACE('',(#759),#371,.T.);
#8251=ADVANCED_FACE('',(#760),#7905,.T.);
#8252=ADVANCED_FACE('',(#761),#7906,.T.);
#8253=ADVANCED_FACE('',(#762),#372,.T.);
#8254=ADVANCED_FACE('',(#763),#7907,.T.);
#8255=ADVANCED_FACE('',(#764),#373,.T.);
#8256=ADVANCED_FACE('',(#765),#374,.T.);
#8257=ADVANCED_FACE('',(#766),#7908,.T.);
#8258=ADVANCED_FACE('',(#767),#7909,.T.);
#8259=ADVANCED_FACE('',(#768),#375,.T.);
#8260=ADVANCED_FACE('',(#769),#7910,.T.);
#8261=ADVANCED_FACE('',(#770),#376,.T.);
#8262=ADVANCED_FACE('',(#771),#377,.T.);
#8263=ADVANCED_FACE('',(#772),#7911,.T.);
#8264=ADVANCED_FACE('',(#773),#7912,.T.);
#8265=ADVANCED_FACE('',(#774),#378,.T.);
#8266=ADVANCED_FACE('',(#775),#7913,.T.);
#8267=ADVANCED_FACE('',(#776),#379,.T.);
#8268=ADVANCED_FACE('',(#777),#380,.T.);
#8269=ADVANCED_FACE('',(#778),#7914,.T.);
#8270=ADVANCED_FACE('',(#779),#7915,.T.);
#8271=ADVANCED_FACE('',(#780),#381,.T.);
#8272=ADVANCED_FACE('',(#781),#7916,.T.);
#8273=ADVANCED_FACE('',(#782),#382,.T.);
#8274=ADVANCED_FACE('',(#783),#383,.T.);
#8275=ADVANCED_FACE('',(#784),#7917,.T.);
#8276=ADVANCED_FACE('',(#785),#7918,.T.);
#8277=ADVANCED_FACE('',(#786),#384,.T.);
#8278=ADVANCED_FACE('',(#787),#7919,.T.);
#8279=ADVANCED_FACE('',(#788),#385,.T.);
#8280=ADVANCED_FACE('',(#789),#386,.T.);
#8281=ADVANCED_FACE('',(#790),#7920,.T.);
#8282=ADVANCED_FACE('',(#791),#7921,.T.);
#8283=ADVANCED_FACE('',(#792),#387,.T.);
#8284=ADVANCED_FACE('',(#793),#7922,.T.);
#8285=ADVANCED_FACE('',(#794),#388,.T.);
#8286=ADVANCED_FACE('',(#795),#389,.T.);
#8287=ADVANCED_FACE('',(#796),#7923,.T.);
#8288=ADVANCED_FACE('',(#797),#7924,.T.);
#8289=ADVANCED_FACE('',(#798),#390,.T.);
#8290=ADVANCED_FACE('',(#799),#7925,.T.);
#8291=ADVANCED_FACE('',(#800),#391,.T.);
#8292=ADVANCED_FACE('',(#801),#392,.T.);
#8293=ADVANCED_FACE('',(#802),#7926,.T.);
#8294=ADVANCED_FACE('',(#803),#7927,.T.);
#8295=ADVANCED_FACE('',(#804),#393,.T.);
#8296=ADVANCED_FACE('',(#805),#7928,.T.);
#8297=ADVANCED_FACE('',(#806),#394,.T.);
#8298=ADVANCED_FACE('',(#807),#395,.T.);
#8299=ADVANCED_FACE('',(#808),#7929,.T.);
#8300=ADVANCED_FACE('',(#809),#7930,.T.);
#8301=ADVANCED_FACE('',(#810),#396,.T.);
#8302=ADVANCED_FACE('',(#811),#7931,.T.);
#8303=ADVANCED_FACE('',(#812),#397,.T.);
#8304=ADVANCED_FACE('',(#813),#398,.T.);
#8305=ADVANCED_FACE('',(#814),#7932,.T.);
#8306=ADVANCED_FACE('',(#815),#7933,.T.);
#8307=ADVANCED_FACE('',(#816),#399,.T.);
#8308=ADVANCED_FACE('',(#817),#7934,.T.);
#8309=ADVANCED_FACE('',(#818),#400,.T.);
#8310=ADVANCED_FACE('',(#819),#401,.T.);
#8311=ADVANCED_FACE('',(#820),#7935,.T.);
#8312=ADVANCED_FACE('',(#821),#7936,.T.);
#8313=ADVANCED_FACE('',(#822),#402,.T.);
#8314=ADVANCED_FACE('',(#823),#7937,.T.);
#8315=ADVANCED_FACE('',(#824),#403,.T.);
#8316=ADVANCED_FACE('',(#825),#404,.T.);
#8317=ADVANCED_FACE('',(#826),#7938,.T.);
#8318=ADVANCED_FACE('',(#827),#7939,.T.);
#8319=ADVANCED_FACE('',(#828),#405,.T.);
#8320=ADVANCED_FACE('',(#829),#7940,.T.);
#8321=ADVANCED_FACE('',(#830),#406,.T.);
#8322=ADVANCED_FACE('',(#831),#407,.T.);
#8323=ADVANCED_FACE('',(#832),#7941,.T.);
#8324=ADVANCED_FACE('',(#833),#7942,.T.);
#8325=ADVANCED_FACE('',(#834),#408,.T.);
#8326=ADVANCED_FACE('',(#835),#7943,.T.);
#8327=ADVANCED_FACE('',(#836),#409,.T.);
#8328=ADVANCED_FACE('',(#837),#410,.T.);
#8329=ADVANCED_FACE('',(#838),#7944,.T.);
#8330=ADVANCED_FACE('',(#839),#7945,.T.);
#8331=ADVANCED_FACE('',(#840),#411,.T.);
#8332=ADVANCED_FACE('',(#841),#7946,.T.);
#8333=ADVANCED_FACE('',(#842),#412,.T.);
#8334=ADVANCED_FACE('',(#843),#413,.T.);
#8335=ADVANCED_FACE('',(#844),#7947,.T.);
#8336=ADVANCED_FACE('',(#845),#7948,.T.);
#8337=ADVANCED_FACE('',(#846),#414,.T.);
#8338=ADVANCED_FACE('',(#847),#7949,.T.);
#8339=ADVANCED_FACE('',(#848),#415,.T.);
#8340=ADVANCED_FACE('',(#849),#416,.T.);
#8341=ADVANCED_FACE('',(#850),#7950,.T.);
#8342=ADVANCED_FACE('',(#851),#7951,.T.);
#8343=ADVANCED_FACE('',(#852),#417,.T.);
#8344=ADVANCED_FACE('',(#853),#7952,.T.);
#8345=ADVANCED_FACE('',(#854),#418,.T.);
#8346=ADVANCED_FACE('',(#855),#419,.T.);
#8347=ADVANCED_FACE('',(#856),#7953,.T.);
#8348=ADVANCED_FACE('',(#857),#7954,.T.);
#8349=ADVANCED_FACE('',(#858),#420,.T.);
#8350=ADVANCED_FACE('',(#859),#7955,.T.);
#8351=ADVANCED_FACE('',(#860),#421,.T.);
#8352=ADVANCED_FACE('',(#861),#422,.T.);
#8353=ADVANCED_FACE('',(#862),#7956,.T.);
#8354=ADVANCED_FACE('',(#863),#7957,.T.);
#8355=ADVANCED_FACE('',(#864),#423,.T.);
#8356=ADVANCED_FACE('',(#865),#7958,.T.);
#8357=ADVANCED_FACE('',(#866),#424,.T.);
#8358=ADVANCED_FACE('',(#867),#425,.T.);
#8359=ADVANCED_FACE('',(#868),#7959,.T.);
#8360=ADVANCED_FACE('',(#869),#7960,.T.);
#8361=ADVANCED_FACE('',(#870),#426,.T.);
#8362=ADVANCED_FACE('',(#871),#7961,.T.);
#8363=ADVANCED_FACE('',(#872),#427,.T.);
#8364=ADVANCED_FACE('',(#873),#428,.T.);
#8365=ADVANCED_FACE('',(#874),#7962,.T.);
#8366=ADVANCED_FACE('',(#875),#7963,.T.);
#8367=ADVANCED_FACE('',(#876),#429,.T.);
#8368=ADVANCED_FACE('',(#877),#7964,.T.);
#8369=ADVANCED_FACE('',(#878),#430,.T.);
#8370=ADVANCED_FACE('',(#879),#431,.T.);
#8371=ADVANCED_FACE('',(#880),#7965,.T.);
#8372=ADVANCED_FACE('',(#881),#7966,.T.);
#8373=ADVANCED_FACE('',(#882),#432,.T.);
#8374=ADVANCED_FACE('',(#883),#7967,.T.);
#8375=ADVANCED_FACE('',(#884),#433,.T.);
#8376=ADVANCED_FACE('',(#885),#434,.T.);
#8377=ADVANCED_FACE('',(#886),#7968,.T.);
#8378=ADVANCED_FACE('',(#887),#7969,.T.);
#8379=ADVANCED_FACE('',(#888),#435,.T.);
#8380=ADVANCED_FACE('',(#889),#7970,.T.);
#8381=ADVANCED_FACE('',(#890),#436,.T.);
#8382=ADVANCED_FACE('',(#891),#437,.T.);
#8383=ADVANCED_FACE('',(#892),#7971,.T.);
#8384=ADVANCED_FACE('',(#893),#7972,.T.);
#8385=ADVANCED_FACE('',(#894),#438,.T.);
#8386=ADVANCED_FACE('',(#895),#439,.T.);
#8387=ADVANCED_FACE('',(#896),#440,.T.);
#8388=ADVANCED_FACE('',(#897),#441,.T.);
#8389=ADVANCED_FACE('',(#898),#442,.T.);
#8390=ADVANCED_FACE('',(#899),#443,.T.);
#8391=ADVANCED_FACE('',(#900),#444,.T.);
#8392=ADVANCED_FACE('',(#901),#445,.T.);
#8393=ADVANCED_FACE('',(#902),#446,.T.);
#8394=ADVANCED_FACE('',(#903),#7973,.T.);
#8395=ADVANCED_FACE('',(#904),#447,.T.);
#8396=ADVANCED_FACE('',(#905),#7974,.F.);
#8397=ADVANCED_FACE('',(#906),#448,.F.);
#8398=ADVANCED_FACE('',(#907),#7975,.T.);
#8399=ADVANCED_FACE('',(#908),#7976,.F.);
#8400=ADVANCED_FACE('',(#909),#7977,.T.);
#8401=ADVANCED_FACE('',(#910),#449,.T.);
#8402=ADVANCED_FACE('',(#911),#7978,.T.);
#8403=ADVANCED_FACE('',(#912),#450,.T.);
#8404=ADVANCED_FACE('',(#913),#7979,.T.);
#8405=ADVANCED_FACE('',(#914),#451,.T.);
#8406=ADVANCED_FACE('',(#915),#7980,.T.);
#8407=ADVANCED_FACE('',(#916),#452,.T.);
#8408=ADVANCED_FACE('',(#917),#453,.T.);
#8409=ADVANCED_FACE('',(#918),#7981,.T.);
#8410=ADVANCED_FACE('',(#919),#454,.T.);
#8411=ADVANCED_FACE('',(#920),#7982,.T.);
#8412=ADVANCED_FACE('',(#921),#7983,.T.);
#8413=ADVANCED_FACE('',(#922),#7984,.T.);
#8414=ADVANCED_FACE('',(#923),#455,.T.);
#8415=ADVANCED_FACE('',(#924),#7985,.T.);
#8416=ADVANCED_FACE('',(#925),#7986,.T.);
#8417=ADVANCED_FACE('',(#926),#456,.T.);
#8418=ADVANCED_FACE('',(#927),#7987,.T.);
#8419=ADVANCED_FACE('',(#928),#7988,.T.);
#8420=ADVANCED_FACE('',(#929),#457,.T.);
#8421=ADVANCED_FACE('',(#930),#7989,.T.);
#8422=ADVANCED_FACE('',(#931),#7990,.T.);
#8423=ADVANCED_FACE('',(#932),#458,.T.);
#8424=ADVANCED_FACE('',(#933),#7991,.T.);
#8425=ADVANCED_FACE('',(#934),#7992,.T.);
#8426=ADVANCED_FACE('',(#935),#459,.T.);
#8427=ADVANCED_FACE('',(#936),#7993,.T.);
#8428=ADVANCED_FACE('',(#937),#460,.T.);
#8429=ADVANCED_FACE('',(#938),#7994,.T.);
#8430=ADVANCED_FACE('',(#939),#461,.T.);
#8431=ADVANCED_FACE('',(#940),#462,.T.);
#8432=ADVANCED_FACE('',(#941),#7995,.T.);
#8433=ADVANCED_FACE('',(#942),#463,.T.);
#8434=ADVANCED_FACE('',(#943),#7996,.T.);
#8435=ADVANCED_FACE('',(#944),#7997,.T.);
#8436=ADVANCED_FACE('',(#945),#7998,.T.);
#8437=ADVANCED_FACE('',(#946),#7999,.T.);
#8438=ADVANCED_FACE('',(#947),#464,.T.);
#8439=ADVANCED_FACE('',(#948),#8000,.T.);
#8440=ADVANCED_FACE('',(#949),#8001,.T.);
#8441=ADVANCED_FACE('',(#950),#465,.T.);
#8442=ADVANCED_FACE('',(#951),#8002,.T.);
#8443=ADVANCED_FACE('',(#952),#466,.T.);
#8444=ADVANCED_FACE('',(#953),#8003,.T.);
#8445=CLOSED_SHELL('',(#8004,#8005,#8006,#8007,#8008,#8009,#8010,#8011,
#8012,#8013,#8014,#8015,#8016,#8017,#8018,#8019,#8020,#8021,#8022,#8023,
#8024,#8025,#8026,#8027,#8028,#8029,#8030,#8031,#8032,#8033,#8034,#8035,
#8036,#8037,#8038,#8039,#8040,#8041,#8042,#8043,#8044,#8045,#8046,#8047,
#8048,#8049,#8050,#8051,#8052,#8053,#8054,#8055,#8056,#8057,#8058,#8059));
#8446=CLOSED_SHELL('',(#8060,#8061,#8062,#8063,#8064,#8065,#8066,#8067,
#8068,#8069,#8070,#8071,#8072,#8073,#8074,#8075,#8076,#8077,#8078,#8079,
#8080,#8081,#8082,#8083,#8084,#8085,#8086,#8087,#8088,#8089,#8090,#8091,
#8092,#8093,#8094,#8095,#8096,#8097,#8098,#8099,#8100,#8101,#8102,#8103,
#8104,#8105,#8106,#8107,#8108,#8109,#8110,#8111,#8112,#8113,#8114,#8115,
#8116,#8117,#8118,#8119,#8120,#8121,#8122,#8123,#8124,#8125,#8126,#8127,
#8128,#8129,#8130,#8131,#8132,#8133,#8134,#8135,#8136,#8137,#8138,#8139,
#8140,#8141,#8142,#8143,#8144,#8145,#8146,#8147,#8148,#8149,#8150,#8151,
#8152,#8153,#8154,#8155,#8156,#8157,#8158,#8159,#8160,#8161,#8162,#8163,
#8164,#8165,#8166,#8167));
#8447=CLOSED_SHELL('',(#8168,#8169,#8170,#8171,#8172,#8173,#8174,#8175,
#8176,#8177,#8178,#8179,#8180,#8181,#8182,#8183,#8184,#8185,#8186,#8187,
#8188,#8189,#8190,#8191,#8192,#8193,#8194,#8195,#8196,#8197,#8198,#8199,
#8200,#8201,#8202,#8203,#8204,#8205,#8206,#8207,#8208,#8209,#8210,#8211,
#8212,#8213,#8214,#8215,#8216,#8217,#8218,#8219,#8220,#8221,#8222,#8223,
#8224,#8225,#8226,#8227,#8228,#8229,#8230,#8231,#8232,#8233,#8234,#8235,
#8236,#8237,#8238,#8239,#8240,#8241,#8242,#8243,#8244,#8245,#8246,#8247,
#8248,#8249,#8250,#8251,#8252,#8253,#8254,#8255,#8256,#8257,#8258,#8259,
#8260,#8261,#8262,#8263,#8264,#8265,#8266,#8267,#8268,#8269,#8270,#8271,
#8272,#8273,#8274,#8275,#8276,#8277,#8278,#8279,#8280,#8281,#8282,#8283,
#8284,#8285,#8286,#8287,#8288,#8289,#8290,#8291,#8292,#8293,#8294,#8295,
#8296,#8297,#8298,#8299,#8300,#8301,#8302,#8303,#8304,#8305,#8306,#8307,
#8308,#8309,#8310,#8311,#8312,#8313,#8314,#8315,#8316,#8317,#8318,#8319,
#8320,#8321,#8322,#8323,#8324,#8325,#8326,#8327,#8328,#8329,#8330,#8331,
#8332,#8333,#8334,#8335,#8336,#8337,#8338,#8339,#8340,#8341,#8342,#8343,
#8344,#8345,#8346,#8347,#8348,#8349,#8350,#8351,#8352,#8353,#8354,#8355,
#8356,#8357,#8358,#8359,#8360,#8361,#8362,#8363,#8364,#8365,#8366,#8367,
#8368,#8369,#8370,#8371,#8372,#8373,#8374,#8375,#8376,#8377,#8378,#8379,
#8380,#8381,#8382,#8383,#8384,#8385,#8386,#8387,#8388,#8389,#8390,#8391,
#8392,#8393,#8394,#8395,#8396,#8397,#8398,#8399,#8400,#8401,#8402,#8403,
#8404,#8405,#8406,#8407,#8408,#8409,#8410,#8411,#8412,#8413,#8414,#8415,
#8416,#8417,#8418,#8419,#8420,#8421,#8422,#8423,#8424,#8425,#8426,#8427,
#8428,#8429,#8430,#8431,#8432,#8433,#8434,#8435,#8436,#8437,#8438,#8439,
#8440,#8441,#8442,#8443,#8444));
#8448=DERIVED_UNIT_ELEMENT(#8450,1.);
#8449=DERIVED_UNIT_ELEMENT(#15456,-3.);
#8450=(
MASS_UNIT()
NAMED_UNIT(*)
SI_UNIT(.KILO.,.GRAM.)
);
#8451=DERIVED_UNIT((#8448,#8449));
#8452=MEASURE_REPRESENTATION_ITEM('density measure',
POSITIVE_RATIO_MEASURE(7850.),#8451);
#8453=PROPERTY_DEFINITION_REPRESENTATION(#8458,#8455);
#8454=PROPERTY_DEFINITION_REPRESENTATION(#8459,#8456);
#8455=REPRESENTATION('material name',(#8457),#15453);
#8456=REPRESENTATION('density',(#8452),#15453);
#8457=DESCRIPTIVE_REPRESENTATION_ITEM('Steel','Steel');
#8458=PROPERTY_DEFINITION('material property','material name',#15468);
#8459=PROPERTY_DEFINITION('material property','density of part',#15468);
#8460=AXIS2_PLACEMENT_3D('',#11419,#9222,#9223);
#8461=AXIS2_PLACEMENT_3D('',#11420,#9224,#9225);
#8462=AXIS2_PLACEMENT_3D('',#11421,#9226,#9227);
#8463=AXIS2_PLACEMENT_3D('',#11426,#9229,#9230);
#8464=AXIS2_PLACEMENT_3D('',#11428,#9232,#9233);
#8465=AXIS2_PLACEMENT_3D('',#11441,#9240,#9241);
#8466=AXIS2_PLACEMENT_3D('',#11480,#9260,#9261);
#8467=AXIS2_PLACEMENT_3D('',#11487,#9265,#9266);
#8468=AXIS2_PLACEMENT_3D('',#11489,#9267,#9268);
#8469=AXIS2_PLACEMENT_3D('',#11491,#9269,#9270);
#8470=AXIS2_PLACEMENT_3D('',#11492,#9271,#9272);
#8471=AXIS2_PLACEMENT_3D('',#11494,#9273,#9274);
#8472=AXIS2_PLACEMENT_3D('',#11497,#9276,#9277);
#8473=AXIS2_PLACEMENT_3D('',#11498,#9278,#9279);
#8474=AXIS2_PLACEMENT_3D('',#11499,#9280,#9281);
#8475=AXIS2_PLACEMENT_3D('',#11501,#9282,#9283);
#8476=AXIS2_PLACEMENT_3D('',#11504,#9285,#9286);
#8477=AXIS2_PLACEMENT_3D('',#11505,#9287,#9288);
#8478=AXIS2_PLACEMENT_3D('',#11506,#9289,#9290);
#8479=AXIS2_PLACEMENT_3D('',#11515,#9295,#9296);
#8480=AXIS2_PLACEMENT_3D('',#11524,#9301,#9302);
#8481=AXIS2_PLACEMENT_3D('',#11527,#9305,#9306);
#8482=AXIS2_PLACEMENT_3D('',#11529,#9308,#9309);
#8483=AXIS2_PLACEMENT_3D('',#11535,#9313,#9314);
#8484=AXIS2_PLACEMENT_3D('',#11543,#9319,#9320);
#8485=AXIS2_PLACEMENT_3D('',#11546,#9322,#9323);
#8486=AXIS2_PLACEMENT_3D('',#11547,#9324,#9325);
#8487=AXIS2_PLACEMENT_3D('',#11557,#9330,#9331);
#8488=AXIS2_PLACEMENT_3D('',#11565,#9336,#9337);
#8489=AXIS2_PLACEMENT_3D('',#11571,#9340,#9341);
#8490=AXIS2_PLACEMENT_3D('',#11573,#9343,#9344);
#8491=AXIS2_PLACEMENT_3D('',#11577,#9348,#9349);
#8492=AXIS2_PLACEMENT_3D('',#11580,#9351,#9352);
#8493=AXIS2_PLACEMENT_3D('',#11581,#9353,#9354);
#8494=AXIS2_PLACEMENT_3D('',#11582,#9355,#9356);
#8495=AXIS2_PLACEMENT_3D('',#11585,#9358,#9359);
#8496=AXIS2_PLACEMENT_3D('',#11586,#9360,#9361);
#8497=AXIS2_PLACEMENT_3D('',#11587,#9362,#9363);
#8498=AXIS2_PLACEMENT_3D('',#11593,#9367,#9368);
#8499=AXIS2_PLACEMENT_3D('',#11597,#9371,#9372);
#8500=AXIS2_PLACEMENT_3D('',#11599,#9374,#9375);
#8501=AXIS2_PLACEMENT_3D('',#11605,#9379,#9380);
#8502=AXIS2_PLACEMENT_3D('',#11609,#9383,#9384);
#8503=AXIS2_PLACEMENT_3D('',#11613,#9387,#9388);
#8504=AXIS2_PLACEMENT_3D('',#11616,#9391,#9392);
#8505=AXIS2_PLACEMENT_3D('',#11623,#9397,#9398);
#8506=AXIS2_PLACEMENT_3D('',#11625,#9400,#9401);
#8507=AXIS2_PLACEMENT_3D('',#11627,#9403,#9404);
#8508=AXIS2_PLACEMENT_3D('',#11629,#9406,#9407);
#8509=AXIS2_PLACEMENT_3D('',#11632,#9410,#9411);
#8510=AXIS2_PLACEMENT_3D('',#11634,#9413,#9414);
#8511=AXIS2_PLACEMENT_3D('',#11635,#9415,#9416);
#8512=AXIS2_PLACEMENT_3D('',#11637,#9418,#9419);
#8513=AXIS2_PLACEMENT_3D('',#11639,#9421,#9422);
#8514=AXIS2_PLACEMENT_3D('',#11645,#9426,#9427);
#8515=AXIS2_PLACEMENT_3D('',#11651,#9431,#9432);
#8516=AXIS2_PLACEMENT_3D('',#11657,#9436,#9437);
#8517=AXIS2_PLACEMENT_3D('',#11661,#9440,#9441);
#8518=AXIS2_PLACEMENT_3D('',#11665,#9444,#9445);
#8519=AXIS2_PLACEMENT_3D('',#11669,#9448,#9449);
#8520=AXIS2_PLACEMENT_3D('',#11673,#9452,#9453);
#8521=AXIS2_PLACEMENT_3D('',#11677,#9456,#9457);
#8522=AXIS2_PLACEMENT_3D('',#11679,#9459,#9460);
#8523=AXIS2_PLACEMENT_3D('',#11683,#9463,#9464);
#8524=AXIS2_PLACEMENT_3D('',#11687,#9467,#9468);
#8525=AXIS2_PLACEMENT_3D('',#11691,#9472,#9473);
#8526=AXIS2_PLACEMENT_3D('',#11697,#9477,#9478);
#8527=AXIS2_PLACEMENT_3D('',#11701,#9482,#9483);
#8528=AXIS2_PLACEMENT_3D('',#11702,#9484,#9485);
#8529=AXIS2_PLACEMENT_3D('',#11704,#9486,#9487);
#8530=AXIS2_PLACEMENT_3D('',#11706,#9489,#9490);
#8531=AXIS2_PLACEMENT_3D('',#11711,#9494,#9495);
#8532=AXIS2_PLACEMENT_3D('',#11713,#9497,#9498);
#8533=AXIS2_PLACEMENT_3D('',#11714,#9499,#9500);
#8534=AXIS2_PLACEMENT_3D('',#11715,#9501,#9502);
#8535=AXIS2_PLACEMENT_3D('',#11718,#9503,#9504);
#8536=AXIS2_PLACEMENT_3D('',#11722,#9506,#9507);
#8537=AXIS2_PLACEMENT_3D('',#11724,#9509,#9510);
#8538=AXIS2_PLACEMENT_3D('',#11730,#9514,#9515);
#8539=AXIS2_PLACEMENT_3D('',#11732,#9516,#9517);
#8540=AXIS2_PLACEMENT_3D('',#11734,#9518,#9519);
#8541=AXIS2_PLACEMENT_3D('',#11736,#9521,#9522);
#8542=AXIS2_PLACEMENT_3D('',#11739,#9523,#9524);
#8543=AXIS2_PLACEMENT_3D('',#11743,#9526,#9527);
#8544=AXIS2_PLACEMENT_3D('',#11745,#9529,#9530);
#8545=AXIS2_PLACEMENT_3D('',#11751,#9534,#9535);
#8546=AXIS2_PLACEMENT_3D('',#11753,#9536,#9537);
#8547=AXIS2_PLACEMENT_3D('',#11756,#9539,#9540);
#8548=AXIS2_PLACEMENT_3D('',#11757,#9541,#9542);
#8549=AXIS2_PLACEMENT_3D('',#11760,#9545,#9546);
#8550=AXIS2_PLACEMENT_3D('',#11762,#9547,#9548);
#8551=AXIS2_PLACEMENT_3D('',#11765,#9550,#9551);
#8552=AXIS2_PLACEMENT_3D('',#11766,#9552,#9553);
#8553=AXIS2_PLACEMENT_3D('',#11767,#9554,#9555);
#8554=AXIS2_PLACEMENT_3D('',#11769,#9556,#9557);
#8555=AXIS2_PLACEMENT_3D('',#11772,#9559,#9560);
#8556=AXIS2_PLACEMENT_3D('',#11773,#9561,#9562);
#8557=AXIS2_PLACEMENT_3D('',#11774,#9563,#9564);
#8558=AXIS2_PLACEMENT_3D('',#11776,#9565,#9566);
#8559=AXIS2_PLACEMENT_3D('',#11779,#9568,#9569);
#8560=AXIS2_PLACEMENT_3D('',#11780,#9570,#9571);
#8561=AXIS2_PLACEMENT_3D('',#11781,#9572,#9573);
#8562=AXIS2_PLACEMENT_3D('',#11783,#9574,#9575);
#8563=AXIS2_PLACEMENT_3D('',#11786,#9577,#9578);
#8564=AXIS2_PLACEMENT_3D('',#11787,#9579,#9580);
#8565=AXIS2_PLACEMENT_3D('',#11788,#9581,#9582);
#8566=AXIS2_PLACEMENT_3D('',#11840,#9584,#9585);
#8567=AXIS2_PLACEMENT_3D('',#11842,#9587,#9588);
#8568=AXIS2_PLACEMENT_3D('',#11846,#9590,#9591);
#8569=AXIS2_PLACEMENT_3D('',#11848,#9593,#9594);
#8570=AXIS2_PLACEMENT_3D('',#11900,#9596,#9597);
#8571=AXIS2_PLACEMENT_3D('',#11902,#9599,#9600);
#8572=AXIS2_PLACEMENT_3D('',#11906,#9602,#9603);
#8573=AXIS2_PLACEMENT_3D('',#11908,#9605,#9606);
#8574=AXIS2_PLACEMENT_3D('',#11913,#9609,#9610);
#8575=AXIS2_PLACEMENT_3D('',#11914,#9611,#9612);
#8576=AXIS2_PLACEMENT_3D('',#11965,#9615,#9616);
#8577=AXIS2_PLACEMENT_3D('',#11968,#9619,#9620);
#8578=AXIS2_PLACEMENT_3D('',#11973,#9623,#9624);
#8579=AXIS2_PLACEMENT_3D('',#11974,#9625,#9626);
#8580=AXIS2_PLACEMENT_3D('',#11977,#9629,#9630);
#8581=AXIS2_PLACEMENT_3D('',#11983,#9634,#9635);
#8582=AXIS2_PLACEMENT_3D('',#11987,#9638,#9639);
#8583=AXIS2_PLACEMENT_3D('',#11991,#9642,#9643);
#8584=AXIS2_PLACEMENT_3D('',#11995,#9646,#9647);
#8585=AXIS2_PLACEMENT_3D('',#11999,#9650,#9651);
#8586=AXIS2_PLACEMENT_3D('',#12129,#9716,#9717);
#8587=AXIS2_PLACEMENT_3D('',#12130,#9718,#9719);
#8588=AXIS2_PLACEMENT_3D('',#12133,#9722,#9723);
#8589=AXIS2_PLACEMENT_3D('',#12135,#9724,#9725);
#8590=AXIS2_PLACEMENT_3D('',#12137,#9727,#9728);
#8591=AXIS2_PLACEMENT_3D('',#12143,#9732,#9733);
#8592=AXIS2_PLACEMENT_3D('',#12147,#9736,#9737);
#8593=AXIS2_PLACEMENT_3D('',#12151,#9740,#9741);
#8594=AXIS2_PLACEMENT_3D('',#12153,#9743,#9744);
#8595=AXIS2_PLACEMENT_3D('',#12159,#9748,#9749);
#8596=AXIS2_PLACEMENT_3D('',#12163,#9752,#9753);
#8597=AXIS2_PLACEMENT_3D('',#12167,#9756,#9757);
#8598=AXIS2_PLACEMENT_3D('',#12169,#9759,#9760);
#8599=AXIS2_PLACEMENT_3D('',#12175,#9764,#9765);
#8600=AXIS2_PLACEMENT_3D('',#12179,#9768,#9769);
#8601=AXIS2_PLACEMENT_3D('',#12183,#9772,#9773);
#8602=AXIS2_PLACEMENT_3D('',#12185,#9775,#9776);
#8603=AXIS2_PLACEMENT_3D('',#12191,#9780,#9781);
#8604=AXIS2_PLACEMENT_3D('',#12195,#9784,#9785);
#8605=AXIS2_PLACEMENT_3D('',#12199,#9788,#9789);
#8606=AXIS2_PLACEMENT_3D('',#12201,#9791,#9792);
#8607=AXIS2_PLACEMENT_3D('',#12207,#9796,#9797);
#8608=AXIS2_PLACEMENT_3D('',#12211,#9800,#9801);
#8609=AXIS2_PLACEMENT_3D('',#12215,#9804,#9805);
#8610=AXIS2_PLACEMENT_3D('',#12217,#9807,#9808);
#8611=AXIS2_PLACEMENT_3D('',#12223,#9812,#9813);
#8612=AXIS2_PLACEMENT_3D('',#12227,#9816,#9817);
#8613=AXIS2_PLACEMENT_3D('',#12231,#9820,#9821);
#8614=AXIS2_PLACEMENT_3D('',#12233,#9823,#9824);
#8615=AXIS2_PLACEMENT_3D('',#12239,#9828,#9829);
#8616=AXIS2_PLACEMENT_3D('',#12243,#9832,#9833);
#8617=AXIS2_PLACEMENT_3D('',#12247,#9836,#9837);
#8618=AXIS2_PLACEMENT_3D('',#12249,#9839,#9840);
#8619=AXIS2_PLACEMENT_3D('',#12255,#9844,#9845);
#8620=AXIS2_PLACEMENT_3D('',#12259,#9848,#9849);
#8621=AXIS2_PLACEMENT_3D('',#12263,#9852,#9853);
#8622=AXIS2_PLACEMENT_3D('',#12265,#9855,#9856);
#8623=AXIS2_PLACEMENT_3D('',#12271,#9860,#9861);
#8624=AXIS2_PLACEMENT_3D('',#12275,#9864,#9865);
#8625=AXIS2_PLACEMENT_3D('',#12279,#9868,#9869);
#8626=AXIS2_PLACEMENT_3D('',#12281,#9871,#9872);
#8627=AXIS2_PLACEMENT_3D('',#12287,#9876,#9877);
#8628=AXIS2_PLACEMENT_3D('',#12291,#9880,#9881);
#8629=AXIS2_PLACEMENT_3D('',#12295,#9884,#9885);
#8630=AXIS2_PLACEMENT_3D('',#12297,#9887,#9888);
#8631=AXIS2_PLACEMENT_3D('',#12303,#9892,#9893);
#8632=AXIS2_PLACEMENT_3D('',#12307,#9896,#9897);
#8633=AXIS2_PLACEMENT_3D('',#12311,#9900,#9901);
#8634=AXIS2_PLACEMENT_3D('',#12313,#9903,#9904);
#8635=AXIS2_PLACEMENT_3D('',#12319,#9908,#9909);
#8636=AXIS2_PLACEMENT_3D('',#12323,#9912,#9913);
#8637=AXIS2_PLACEMENT_3D('',#12327,#9916,#9917);
#8638=AXIS2_PLACEMENT_3D('',#12329,#9919,#9920);
#8639=AXIS2_PLACEMENT_3D('',#12335,#9924,#9925);
#8640=AXIS2_PLACEMENT_3D('',#12339,#9928,#9929);
#8641=AXIS2_PLACEMENT_3D('',#12343,#9932,#9933);
#8642=AXIS2_PLACEMENT_3D('',#12345,#9935,#9936);
#8643=AXIS2_PLACEMENT_3D('',#12351,#9940,#9941);
#8644=AXIS2_PLACEMENT_3D('',#12355,#9944,#9945);
#8645=AXIS2_PLACEMENT_3D('',#12359,#9948,#9949);
#8646=AXIS2_PLACEMENT_3D('',#12361,#9951,#9952);
#8647=AXIS2_PLACEMENT_3D('',#12367,#9956,#9957);
#8648=AXIS2_PLACEMENT_3D('',#12371,#9960,#9961);
#8649=AXIS2_PLACEMENT_3D('',#12375,#9964,#9965);
#8650=AXIS2_PLACEMENT_3D('',#12377,#9967,#9968);
#8651=AXIS2_PLACEMENT_3D('',#12383,#9972,#9973);
#8652=AXIS2_PLACEMENT_3D('',#12387,#9976,#9977);
#8653=AXIS2_PLACEMENT_3D('',#12391,#9980,#9981);
#8654=AXIS2_PLACEMENT_3D('',#12393,#9983,#9984);
#8655=AXIS2_PLACEMENT_3D('',#12406,#9991,#9992);
#8656=AXIS2_PLACEMENT_3D('',#12412,#9996,#9997);
#8657=AXIS2_PLACEMENT_3D('',#12416,#10000,#10001);
#8658=AXIS2_PLACEMENT_3D('',#12420,#10004,#10005);
#8659=AXIS2_PLACEMENT_3D('',#12424,#10008,#10009);
#8660=AXIS2_PLACEMENT_3D('',#12428,#10012,#10013);
#8661=AXIS2_PLACEMENT_3D('',#12430,#10015,#10016);
#8662=AXIS2_PLACEMENT_3D('',#12434,#10019,#10020);
#8663=AXIS2_PLACEMENT_3D('',#12438,#10023,#10024);
#8664=AXIS2_PLACEMENT_3D('',#12442,#10027,#10028);
#8665=AXIS2_PLACEMENT_3D('',#12444,#10030,#10031);
#8666=AXIS2_PLACEMENT_3D('',#12445,#10032,#10033);
#8667=AXIS2_PLACEMENT_3D('',#12464,#10035,#10036);
#8668=AXIS2_PLACEMENT_3D('',#12467,#10038,#10039);
#8669=AXIS2_PLACEMENT_3D('',#12468,#10040,#10041);
#8670=AXIS2_PLACEMENT_3D('',#12477,#10042,#10043);
#8671=AXIS2_PLACEMENT_3D('',#12479,#10045,#10046);
#8672=AXIS2_PLACEMENT_3D('',#12489,#10048,#10049);
#8673=AXIS2_PLACEMENT_3D('',#12490,#10050,#10051);
#8674=AXIS2_PLACEMENT_3D('',#12507,#10054,#10055);
#8675=AXIS2_PLACEMENT_3D('',#12508,#10056,#10057);
#8676=AXIS2_PLACEMENT_3D('',#12510,#10058,#10059);
#8677=AXIS2_PLACEMENT_3D('',#12512,#10060,#10061);
#8678=AXIS2_PLACEMENT_3D('',#12526,#10062,#10063);
#8679=AXIS2_PLACEMENT_3D('',#12549,#10064,#10065);
#8680=AXIS2_PLACEMENT_3D('',#12572,#10066,#10067);
#8681=AXIS2_PLACEMENT_3D('',#12595,#10068,#10069);
#8682=AXIS2_PLACEMENT_3D('',#12618,#10070,#10071);
#8683=AXIS2_PLACEMENT_3D('',#12641,#10072,#10073);
#8684=AXIS2_PLACEMENT_3D('',#12664,#10074,#10075);
#8685=AXIS2_PLACEMENT_3D('',#12687,#10076,#10077);
#8686=AXIS2_PLACEMENT_3D('',#12710,#10078,#10079);
#8687=AXIS2_PLACEMENT_3D('',#12733,#10080,#10081);
#8688=AXIS2_PLACEMENT_3D('',#12756,#10082,#10083);
#8689=AXIS2_PLACEMENT_3D('',#12779,#10084,#10085);
#8690=AXIS2_PLACEMENT_3D('',#12802,#10086,#10087);
#8691=AXIS2_PLACEMENT_3D('',#12825,#10088,#10089);
#8692=AXIS2_PLACEMENT_3D('',#12848,#10090,#10091);
#8693=AXIS2_PLACEMENT_3D('',#12871,#10092,#10093);
#8694=AXIS2_PLACEMENT_3D('',#12894,#10094,#10095);
#8695=AXIS2_PLACEMENT_3D('',#12917,#10096,#10097);
#8696=AXIS2_PLACEMENT_3D('',#12940,#10098,#10099);
#8697=AXIS2_PLACEMENT_3D('',#12963,#10100,#10101);
#8698=AXIS2_PLACEMENT_3D('',#12986,#10102,#10103);
#8699=AXIS2_PLACEMENT_3D('',#13009,#10104,#10105);
#8700=AXIS2_PLACEMENT_3D('',#13032,#10106,#10107);
#8701=AXIS2_PLACEMENT_3D('',#13055,#10108,#10109);
#8702=AXIS2_PLACEMENT_3D('',#13078,#10110,#10111);
#8703=AXIS2_PLACEMENT_3D('',#13101,#10112,#10113);
#8704=AXIS2_PLACEMENT_3D('',#13124,#10114,#10115);
#8705=AXIS2_PLACEMENT_3D('',#13147,#10116,#10117);
#8706=AXIS2_PLACEMENT_3D('',#13170,#10118,#10119);
#8707=AXIS2_PLACEMENT_3D('',#13193,#10120,#10121);
#8708=AXIS2_PLACEMENT_3D('',#13216,#10122,#10123);
#8709=AXIS2_PLACEMENT_3D('',#13239,#10124,#10125);
#8710=AXIS2_PLACEMENT_3D('',#13262,#10126,#10127);
#8711=AXIS2_PLACEMENT_3D('',#13285,#10128,#10129);
#8712=AXIS2_PLACEMENT_3D('',#13308,#10130,#10131);
#8713=AXIS2_PLACEMENT_3D('',#13330,#10132,#10133);
#8714=AXIS2_PLACEMENT_3D('',#13332,#10134,#10135);
#8715=AXIS2_PLACEMENT_3D('',#13355,#10136,#10137);
#8716=AXIS2_PLACEMENT_3D('',#13378,#10138,#10139);
#8717=AXIS2_PLACEMENT_3D('',#13401,#10140,#10141);
#8718=AXIS2_PLACEMENT_3D('',#13424,#10142,#10143);
#8719=AXIS2_PLACEMENT_3D('',#13447,#10144,#10145);
#8720=AXIS2_PLACEMENT_3D('',#13470,#10146,#10147);
#8721=AXIS2_PLACEMENT_3D('',#13493,#10148,#10149);
#8722=AXIS2_PLACEMENT_3D('',#13516,#10150,#10151);
#8723=AXIS2_PLACEMENT_3D('',#13530,#10152,#10153);
#8724=AXIS2_PLACEMENT_3D('',#13532,#10154,#10155);
#8725=AXIS2_PLACEMENT_3D('',#13534,#10157,#10158);
#8726=AXIS2_PLACEMENT_3D('',#13536,#10159,#10160);
#8727=AXIS2_PLACEMENT_3D('',#13538,#10161,#10162);
#8728=AXIS2_PLACEMENT_3D('',#13540,#10163,#10164);
#8729=AXIS2_PLACEMENT_3D('',#13563,#10165,#10166);
#8730=AXIS2_PLACEMENT_3D('',#13586,#10167,#10168);
#8731=AXIS2_PLACEMENT_3D('',#13609,#10169,#10170);
#8732=AXIS2_PLACEMENT_3D('',#13632,#10171,#10172);
#8733=AXIS2_PLACEMENT_3D('',#13655,#10173,#10174);
#8734=AXIS2_PLACEMENT_3D('',#13678,#10175,#10176);
#8735=AXIS2_PLACEMENT_3D('',#13701,#10177,#10178);
#8736=AXIS2_PLACEMENT_3D('',#13724,#10179,#10180);
#8737=AXIS2_PLACEMENT_3D('',#13747,#10181,#10182);
#8738=AXIS2_PLACEMENT_3D('',#13770,#10183,#10184);
#8739=AXIS2_PLACEMENT_3D('',#13793,#10185,#10186);
#8740=AXIS2_PLACEMENT_3D('',#13816,#10187,#10188);
#8741=AXIS2_PLACEMENT_3D('',#13839,#10189,#10190);
#8742=AXIS2_PLACEMENT_3D('',#13862,#10191,#10192);
#8743=AXIS2_PLACEMENT_3D('',#13885,#10193,#10194);
#8744=AXIS2_PLACEMENT_3D('',#13908,#10195,#10196);
#8745=AXIS2_PLACEMENT_3D('',#13931,#10197,#10198);
#8746=AXIS2_PLACEMENT_3D('',#13954,#10199,#10200);
#8747=AXIS2_PLACEMENT_3D('',#13977,#10201,#10202);
#8748=AXIS2_PLACEMENT_3D('',#14000,#10203,#10204);
#8749=AXIS2_PLACEMENT_3D('',#14023,#10205,#10206);
#8750=AXIS2_PLACEMENT_3D('',#14046,#10207,#10208);
#8751=AXIS2_PLACEMENT_3D('',#14069,#10209,#10210);
#8752=AXIS2_PLACEMENT_3D('',#14092,#10211,#10212);
#8753=AXIS2_PLACEMENT_3D('',#14115,#10213,#10214);
#8754=AXIS2_PLACEMENT_3D('',#14138,#10215,#10216);
#8755=AXIS2_PLACEMENT_3D('',#14161,#10217,#10218);
#8756=AXIS2_PLACEMENT_3D('',#14184,#10219,#10220);
#8757=AXIS2_PLACEMENT_3D('',#14207,#10221,#10222);
#8758=AXIS2_PLACEMENT_3D('',#14230,#10223,#10224);
#8759=AXIS2_PLACEMENT_3D('',#14252,#10225,#10226);
#8760=AXIS2_PLACEMENT_3D('',#14275,#10227,#10228);
#8761=AXIS2_PLACEMENT_3D('',#14298,#10229,#10230);
#8762=AXIS2_PLACEMENT_3D('',#14321,#10231,#10232);
#8763=AXIS2_PLACEMENT_3D('',#14344,#10233,#10234);
#8764=AXIS2_PLACEMENT_3D('',#14367,#10235,#10236);
#8765=AXIS2_PLACEMENT_3D('',#14390,#10237,#10238);
#8766=AXIS2_PLACEMENT_3D('',#14413,#10239,#10240);
#8767=AXIS2_PLACEMENT_3D('',#14436,#10241,#10242);
#8768=AXIS2_PLACEMENT_3D('',#14459,#10243,#10244);
#8769=AXIS2_PLACEMENT_3D('',#14482,#10245,#10246);
#8770=AXIS2_PLACEMENT_3D('',#14505,#10247,#10248);
#8771=AXIS2_PLACEMENT_3D('',#14528,#10249,#10250);
#8772=AXIS2_PLACEMENT_3D('',#14550,#10251,#10252);
#8773=AXIS2_PLACEMENT_3D('',#14551,#10253,#10254);
#8774=AXIS2_PLACEMENT_3D('',#14554,#10256,#10257);
#8775=AXIS2_PLACEMENT_3D('',#14557,#10259,#10260);
#8776=AXIS2_PLACEMENT_3D('',#14558,#10261,#10262);
#8777=AXIS2_PLACEMENT_3D('',#14560,#10263,#10264);
#8778=AXIS2_PLACEMENT_3D('',#14562,#10266,#10267);
#8779=AXIS2_PLACEMENT_3D('',#14565,#10269,#10270);
#8780=AXIS2_PLACEMENT_3D('',#14566,#10271,#10272);
#8781=AXIS2_PLACEMENT_3D('',#14569,#10275,#10276);
#8782=AXIS2_PLACEMENT_3D('',#14570,#10277,#10278);
#8783=AXIS2_PLACEMENT_3D('',#14572,#10280,#10281);
#8784=AXIS2_PLACEMENT_3D('',#14574,#10282,#10283);
#8785=AXIS2_PLACEMENT_3D('',#14577,#10285,#10286);
#8786=AXIS2_PLACEMENT_3D('',#14578,#10287,#10288);
#8787=AXIS2_PLACEMENT_3D('',#14580,#10289,#10290);
#8788=AXIS2_PLACEMENT_3D('',#14582,#10292,#10293);
#8789=AXIS2_PLACEMENT_3D('',#14585,#10295,#10296);
#8790=AXIS2_PLACEMENT_3D('',#14586,#10297,#10298);
#8791=AXIS2_PLACEMENT_3D('',#14589,#10301,#10302);
#8792=AXIS2_PLACEMENT_3D('',#14590,#10303,#10304);
#8793=AXIS2_PLACEMENT_3D('',#14592,#10306,#10307);
#8794=AXIS2_PLACEMENT_3D('',#14595,#10309,#10310);
#8795=AXIS2_PLACEMENT_3D('',#14598,#10312,#10313);
#8796=AXIS2_PLACEMENT_3D('',#14599,#10314,#10315);
#8797=AXIS2_PLACEMENT_3D('',#14601,#10316,#10317);
#8798=AXIS2_PLACEMENT_3D('',#14603,#10319,#10320);
#8799=AXIS2_PLACEMENT_3D('',#14606,#10322,#10323);
#8800=AXIS2_PLACEMENT_3D('',#14607,#10324,#10325);
#8801=AXIS2_PLACEMENT_3D('',#14610,#10328,#10329);
#8802=AXIS2_PLACEMENT_3D('',#14611,#10330,#10331);
#8803=AXIS2_PLACEMENT_3D('',#14613,#10333,#10334);
#8804=AXIS2_PLACEMENT_3D('',#14615,#10335,#10336);
#8805=AXIS2_PLACEMENT_3D('',#14618,#10338,#10339);
#8806=AXIS2_PLACEMENT_3D('',#14619,#10340,#10341);
#8807=AXIS2_PLACEMENT_3D('',#14621,#10342,#10343);
#8808=AXIS2_PLACEMENT_3D('',#14623,#10345,#10346);
#8809=AXIS2_PLACEMENT_3D('',#14626,#10348,#10349);
#8810=AXIS2_PLACEMENT_3D('',#14627,#10350,#10351);
#8811=AXIS2_PLACEMENT_3D('',#14630,#10354,#10355);
#8812=AXIS2_PLACEMENT_3D('',#14631,#10356,#10357);
#8813=AXIS2_PLACEMENT_3D('',#14632,#10358,#10359);
#8814=AXIS2_PLACEMENT_3D('',#14635,#10361,#10362);
#8815=AXIS2_PLACEMENT_3D('',#14638,#10364,#10365);
#8816=AXIS2_PLACEMENT_3D('',#14639,#10366,#10367);
#8817=AXIS2_PLACEMENT_3D('',#14641,#10368,#10369);
#8818=AXIS2_PLACEMENT_3D('',#14643,#10371,#10372);
#8819=AXIS2_PLACEMENT_3D('',#14646,#10374,#10375);
#8820=AXIS2_PLACEMENT_3D('',#14647,#10376,#10377);
#8821=AXIS2_PLACEMENT_3D('',#14650,#10380,#10381);
#8822=AXIS2_PLACEMENT_3D('',#14651,#10382,#10383);
#8823=AXIS2_PLACEMENT_3D('',#14652,#10384,#10385);
#8824=AXIS2_PLACEMENT_3D('',#14654,#10386,#10387);
#8825=AXIS2_PLACEMENT_3D('',#14657,#10389,#10390);
#8826=AXIS2_PLACEMENT_3D('',#14658,#10391,#10392);
#8827=AXIS2_PLACEMENT_3D('',#14660,#10393,#10394);
#8828=AXIS2_PLACEMENT_3D('',#14662,#10396,#10397);
#8829=AXIS2_PLACEMENT_3D('',#14665,#10399,#10400);
#8830=AXIS2_PLACEMENT_3D('',#14666,#10401,#10402);
#8831=AXIS2_PLACEMENT_3D('',#14669,#10405,#10406);
#8832=AXIS2_PLACEMENT_3D('',#14670,#10407,#10408);
#8833=AXIS2_PLACEMENT_3D('',#14671,#10409,#10410);
#8834=AXIS2_PLACEMENT_3D('',#14673,#10411,#10412);
#8835=AXIS2_PLACEMENT_3D('',#14676,#10414,#10415);
#8836=AXIS2_PLACEMENT_3D('',#14677,#10416,#10417);
#8837=AXIS2_PLACEMENT_3D('',#14679,#10418,#10419);
#8838=AXIS2_PLACEMENT_3D('',#14681,#10421,#10422);
#8839=AXIS2_PLACEMENT_3D('',#14684,#10424,#10425);
#8840=AXIS2_PLACEMENT_3D('',#14685,#10426,#10427);
#8841=AXIS2_PLACEMENT_3D('',#14688,#10430,#10431);
#8842=AXIS2_PLACEMENT_3D('',#14689,#10432,#10433);
#8843=AXIS2_PLACEMENT_3D('',#14691,#10435,#10436);
#8844=AXIS2_PLACEMENT_3D('',#14694,#10438,#10439);
#8845=AXIS2_PLACEMENT_3D('',#14697,#10441,#10442);
#8846=AXIS2_PLACEMENT_3D('',#14698,#10443,#10444);
#8847=AXIS2_PLACEMENT_3D('',#14700,#10445,#10446);
#8848=AXIS2_PLACEMENT_3D('',#14702,#10448,#10449);
#8849=AXIS2_PLACEMENT_3D('',#14705,#10451,#10452);
#8850=AXIS2_PLACEMENT_3D('',#14706,#10453,#10454);
#8851=AXIS2_PLACEMENT_3D('',#14709,#10457,#10458);
#8852=AXIS2_PLACEMENT_3D('',#14710,#10459,#10460);
#8853=AXIS2_PLACEMENT_3D('',#14712,#10462,#10463);
#8854=AXIS2_PLACEMENT_3D('',#14715,#10465,#10466);
#8855=AXIS2_PLACEMENT_3D('',#14718,#10468,#10469);
#8856=AXIS2_PLACEMENT_3D('',#14719,#10470,#10471);
#8857=AXIS2_PLACEMENT_3D('',#14721,#10472,#10473);
#8858=AXIS2_PLACEMENT_3D('',#14723,#10475,#10476);
#8859=AXIS2_PLACEMENT_3D('',#14726,#10478,#10479);
#8860=AXIS2_PLACEMENT_3D('',#14727,#10480,#10481);
#8861=AXIS2_PLACEMENT_3D('',#14730,#10484,#10485);
#8862=AXIS2_PLACEMENT_3D('',#14731,#10486,#10487);
#8863=AXIS2_PLACEMENT_3D('',#14732,#10488,#10489);
#8864=AXIS2_PLACEMENT_3D('',#14735,#10491,#10492);
#8865=AXIS2_PLACEMENT_3D('',#14738,#10494,#10495);
#8866=AXIS2_PLACEMENT_3D('',#14739,#10496,#10497);
#8867=AXIS2_PLACEMENT_3D('',#14741,#10498,#10499);
#8868=AXIS2_PLACEMENT_3D('',#14743,#10501,#10502);
#8869=AXIS2_PLACEMENT_3D('',#14746,#10504,#10505);
#8870=AXIS2_PLACEMENT_3D('',#14747,#10506,#10507);
#8871=AXIS2_PLACEMENT_3D('',#14750,#10510,#10511);
#8872=AXIS2_PLACEMENT_3D('',#14751,#10512,#10513);
#8873=AXIS2_PLACEMENT_3D('',#14752,#10514,#10515);
#8874=AXIS2_PLACEMENT_3D('',#14755,#10517,#10518);
#8875=AXIS2_PLACEMENT_3D('',#14758,#10520,#10521);
#8876=AXIS2_PLACEMENT_3D('',#14759,#10522,#10523);
#8877=AXIS2_PLACEMENT_3D('',#14761,#10524,#10525);
#8878=AXIS2_PLACEMENT_3D('',#14763,#10527,#10528);
#8879=AXIS2_PLACEMENT_3D('',#14766,#10530,#10531);
#8880=AXIS2_PLACEMENT_3D('',#14767,#10532,#10533);
#8881=AXIS2_PLACEMENT_3D('',#14770,#10536,#10537);
#8882=AXIS2_PLACEMENT_3D('',#14771,#10538,#10539);
#8883=AXIS2_PLACEMENT_3D('',#14772,#10540,#10541);
#8884=AXIS2_PLACEMENT_3D('',#14775,#10543,#10544);
#8885=AXIS2_PLACEMENT_3D('',#14778,#10546,#10547);
#8886=AXIS2_PLACEMENT_3D('',#14779,#10548,#10549);
#8887=AXIS2_PLACEMENT_3D('',#14781,#10550,#10551);
#8888=AXIS2_PLACEMENT_3D('',#14783,#10553,#10554);
#8889=AXIS2_PLACEMENT_3D('',#14786,#10556,#10557);
#8890=AXIS2_PLACEMENT_3D('',#14787,#10558,#10559);
#8891=AXIS2_PLACEMENT_3D('',#14790,#10562,#10563);
#8892=AXIS2_PLACEMENT_3D('',#14791,#10564,#10565);
#8893=AXIS2_PLACEMENT_3D('',#14793,#10567,#10568);
#8894=AXIS2_PLACEMENT_3D('',#14796,#10570,#10571);
#8895=AXIS2_PLACEMENT_3D('',#14799,#10573,#10574);
#8896=AXIS2_PLACEMENT_3D('',#14800,#10575,#10576);
#8897=AXIS2_PLACEMENT_3D('',#14802,#10577,#10578);
#8898=AXIS2_PLACEMENT_3D('',#14804,#10580,#10581);
#8899=AXIS2_PLACEMENT_3D('',#14807,#10583,#10584);
#8900=AXIS2_PLACEMENT_3D('',#14808,#10585,#10586);
#8901=AXIS2_PLACEMENT_3D('',#14811,#10589,#10590);
#8902=AXIS2_PLACEMENT_3D('',#14812,#10591,#10592);
#8903=AXIS2_PLACEMENT_3D('',#14813,#10593,#10594);
#8904=AXIS2_PLACEMENT_3D('',#14816,#10596,#10597);
#8905=AXIS2_PLACEMENT_3D('',#14819,#10599,#10600);
#8906=AXIS2_PLACEMENT_3D('',#14820,#10601,#10602);
#8907=AXIS2_PLACEMENT_3D('',#14822,#10603,#10604);
#8908=AXIS2_PLACEMENT_3D('',#14824,#10606,#10607);
#8909=AXIS2_PLACEMENT_3D('',#14827,#10609,#10610);
#8910=AXIS2_PLACEMENT_3D('',#14828,#10611,#10612);
#8911=AXIS2_PLACEMENT_3D('',#14831,#10615,#10616);
#8912=AXIS2_PLACEMENT_3D('',#14832,#10617,#10618);
#8913=AXIS2_PLACEMENT_3D('',#14834,#10620,#10621);
#8914=AXIS2_PLACEMENT_3D('',#14837,#10623,#10624);
#8915=AXIS2_PLACEMENT_3D('',#14840,#10626,#10627);
#8916=AXIS2_PLACEMENT_3D('',#14841,#10628,#10629);
#8917=AXIS2_PLACEMENT_3D('',#14843,#10630,#10631);
#8918=AXIS2_PLACEMENT_3D('',#14845,#10633,#10634);
#8919=AXIS2_PLACEMENT_3D('',#14848,#10636,#10637);
#8920=AXIS2_PLACEMENT_3D('',#14849,#10638,#10639);
#8921=AXIS2_PLACEMENT_3D('',#14852,#10642,#10643);
#8922=AXIS2_PLACEMENT_3D('',#14853,#10644,#10645);
#8923=AXIS2_PLACEMENT_3D('',#14854,#10646,#10647);
#8924=AXIS2_PLACEMENT_3D('',#14856,#10648,#10649);
#8925=AXIS2_PLACEMENT_3D('',#14859,#10651,#10652);
#8926=AXIS2_PLACEMENT_3D('',#14860,#10653,#10654);
#8927=AXIS2_PLACEMENT_3D('',#14862,#10655,#10656);
#8928=AXIS2_PLACEMENT_3D('',#14864,#10658,#10659);
#8929=AXIS2_PLACEMENT_3D('',#14867,#10661,#10662);
#8930=AXIS2_PLACEMENT_3D('',#14868,#10663,#10664);
#8931=AXIS2_PLACEMENT_3D('',#14871,#10667,#10668);
#8932=AXIS2_PLACEMENT_3D('',#14872,#10669,#10670);
#8933=AXIS2_PLACEMENT_3D('',#14874,#10672,#10673);
#8934=AXIS2_PLACEMENT_3D('',#14876,#10674,#10675);
#8935=AXIS2_PLACEMENT_3D('',#14879,#10677,#10678);
#8936=AXIS2_PLACEMENT_3D('',#14880,#10679,#10680);
#8937=AXIS2_PLACEMENT_3D('',#14882,#10681,#10682);
#8938=AXIS2_PLACEMENT_3D('',#14884,#10684,#10685);
#8939=AXIS2_PLACEMENT_3D('',#14887,#10687,#10688);
#8940=AXIS2_PLACEMENT_3D('',#14888,#10689,#10690);
#8941=AXIS2_PLACEMENT_3D('',#14891,#10693,#10694);
#8942=AXIS2_PLACEMENT_3D('',#14892,#10695,#10696);
#8943=AXIS2_PLACEMENT_3D('',#14893,#10697,#10698);
#8944=AXIS2_PLACEMENT_3D('',#14895,#10699,#10700);
#8945=AXIS2_PLACEMENT_3D('',#14898,#10702,#10703);
#8946=AXIS2_PLACEMENT_3D('',#14899,#10704,#10705);
#8947=AXIS2_PLACEMENT_3D('',#14901,#10706,#10707);
#8948=AXIS2_PLACEMENT_3D('',#14903,#10709,#10710);
#8949=AXIS2_PLACEMENT_3D('',#14906,#10712,#10713);
#8950=AXIS2_PLACEMENT_3D('',#14907,#10714,#10715);
#8951=AXIS2_PLACEMENT_3D('',#14910,#10718,#10719);
#8952=AXIS2_PLACEMENT_3D('',#14911,#10720,#10721);
#8953=AXIS2_PLACEMENT_3D('',#14913,#10723,#10724);
#8954=AXIS2_PLACEMENT_3D('',#14915,#10725,#10726);
#8955=AXIS2_PLACEMENT_3D('',#14918,#10728,#10729);
#8956=AXIS2_PLACEMENT_3D('',#14919,#10730,#10731);
#8957=AXIS2_PLACEMENT_3D('',#14921,#10732,#10733);
#8958=AXIS2_PLACEMENT_3D('',#14923,#10735,#10736);
#8959=AXIS2_PLACEMENT_3D('',#14926,#10738,#10739);
#8960=AXIS2_PLACEMENT_3D('',#14927,#10740,#10741);
#8961=AXIS2_PLACEMENT_3D('',#14930,#10744,#10745);
#8962=AXIS2_PLACEMENT_3D('',#14931,#10746,#10747);
#8963=AXIS2_PLACEMENT_3D('',#14932,#10748,#10749);
#8964=AXIS2_PLACEMENT_3D('',#14935,#10751,#10752);
#8965=AXIS2_PLACEMENT_3D('',#14938,#10754,#10755);
#8966=AXIS2_PLACEMENT_3D('',#14939,#10756,#10757);
#8967=AXIS2_PLACEMENT_3D('',#14941,#10758,#10759);
#8968=AXIS2_PLACEMENT_3D('',#14943,#10761,#10762);
#8969=AXIS2_PLACEMENT_3D('',#14946,#10764,#10765);
#8970=AXIS2_PLACEMENT_3D('',#14947,#10766,#10767);
#8971=AXIS2_PLACEMENT_3D('',#14950,#10770,#10771);
#8972=AXIS2_PLACEMENT_3D('',#14951,#10772,#10773);
#8973=AXIS2_PLACEMENT_3D('',#14953,#10775,#10776);
#8974=AXIS2_PLACEMENT_3D('',#14955,#10777,#10778);
#8975=AXIS2_PLACEMENT_3D('',#14958,#10780,#10781);
#8976=AXIS2_PLACEMENT_3D('',#14959,#10782,#10783);
#8977=AXIS2_PLACEMENT_3D('',#14961,#10784,#10785);
#8978=AXIS2_PLACEMENT_3D('',#14963,#10787,#10788);
#8979=AXIS2_PLACEMENT_3D('',#14966,#10790,#10791);
#8980=AXIS2_PLACEMENT_3D('',#14967,#10792,#10793);
#8981=AXIS2_PLACEMENT_3D('',#14970,#10796,#10797);
#8982=AXIS2_PLACEMENT_3D('',#14971,#10798,#10799);
#8983=AXIS2_PLACEMENT_3D('',#14973,#10801,#10802);
#8984=AXIS2_PLACEMENT_3D('',#14975,#10803,#10804);
#8985=AXIS2_PLACEMENT_3D('',#14978,#10806,#10807);
#8986=AXIS2_PLACEMENT_3D('',#14979,#10808,#10809);
#8987=AXIS2_PLACEMENT_3D('',#14981,#10810,#10811);
#8988=AXIS2_PLACEMENT_3D('',#14983,#10813,#10814);
#8989=AXIS2_PLACEMENT_3D('',#14986,#10816,#10817);
#8990=AXIS2_PLACEMENT_3D('',#14987,#10818,#10819);
#8991=AXIS2_PLACEMENT_3D('',#14990,#10822,#10823);
#8992=AXIS2_PLACEMENT_3D('',#14991,#10824,#10825);
#8993=AXIS2_PLACEMENT_3D('',#14993,#10827,#10828);
#8994=AXIS2_PLACEMENT_3D('',#14995,#10829,#10830);
#8995=AXIS2_PLACEMENT_3D('',#14998,#10832,#10833);
#8996=AXIS2_PLACEMENT_3D('',#14999,#10834,#10835);
#8997=AXIS2_PLACEMENT_3D('',#15001,#10836,#10837);
#8998=AXIS2_PLACEMENT_3D('',#15003,#10839,#10840);
#8999=AXIS2_PLACEMENT_3D('',#15006,#10842,#10843);
#9000=AXIS2_PLACEMENT_3D('',#15007,#10844,#10845);
#9001=AXIS2_PLACEMENT_3D('',#15010,#10848,#10849);
#9002=AXIS2_PLACEMENT_3D('',#15011,#10850,#10851);
#9003=AXIS2_PLACEMENT_3D('',#15012,#10852,#10853);
#9004=AXIS2_PLACEMENT_3D('',#15015,#10855,#10856);
#9005=AXIS2_PLACEMENT_3D('',#15018,#10858,#10859);
#9006=AXIS2_PLACEMENT_3D('',#15019,#10860,#10861);
#9007=AXIS2_PLACEMENT_3D('',#15021,#10862,#10863);
#9008=AXIS2_PLACEMENT_3D('',#15023,#10865,#10866);
#9009=AXIS2_PLACEMENT_3D('',#15026,#10868,#10869);
#9010=AXIS2_PLACEMENT_3D('',#15027,#10870,#10871);
#9011=AXIS2_PLACEMENT_3D('',#15030,#10874,#10875);
#9012=AXIS2_PLACEMENT_3D('',#15031,#10876,#10877);
#9013=AXIS2_PLACEMENT_3D('',#15033,#10879,#10880);
#9014=AXIS2_PLACEMENT_3D('',#15035,#10881,#10882);
#9015=AXIS2_PLACEMENT_3D('',#15038,#10884,#10885);
#9016=AXIS2_PLACEMENT_3D('',#15039,#10886,#10887);
#9017=AXIS2_PLACEMENT_3D('',#15041,#10888,#10889);
#9018=AXIS2_PLACEMENT_3D('',#15043,#10891,#10892);
#9019=AXIS2_PLACEMENT_3D('',#15046,#10894,#10895);
#9020=AXIS2_PLACEMENT_3D('',#15047,#10896,#10897);
#9021=AXIS2_PLACEMENT_3D('',#15050,#10900,#10901);
#9022=AXIS2_PLACEMENT_3D('',#15051,#10902,#10903);
#9023=AXIS2_PLACEMENT_3D('',#15053,#10905,#10906);
#9024=AXIS2_PLACEMENT_3D('',#15055,#10907,#10908);
#9025=AXIS2_PLACEMENT_3D('',#15058,#10910,#10911);
#9026=AXIS2_PLACEMENT_3D('',#15059,#10912,#10913);
#9027=AXIS2_PLACEMENT_3D('',#15061,#10914,#10915);
#9028=AXIS2_PLACEMENT_3D('',#15063,#10917,#10918);
#9029=AXIS2_PLACEMENT_3D('',#15066,#10920,#10921);
#9030=AXIS2_PLACEMENT_3D('',#15067,#10922,#10923);
#9031=AXIS2_PLACEMENT_3D('',#15070,#10926,#10927);
#9032=AXIS2_PLACEMENT_3D('',#15071,#10928,#10929);
#9033=AXIS2_PLACEMENT_3D('',#15073,#10931,#10932);
#9034=AXIS2_PLACEMENT_3D('',#15076,#10934,#10935);
#9035=AXIS2_PLACEMENT_3D('',#15079,#10937,#10938);
#9036=AXIS2_PLACEMENT_3D('',#15080,#10939,#10940);
#9037=AXIS2_PLACEMENT_3D('',#15082,#10941,#10942);
#9038=AXIS2_PLACEMENT_3D('',#15084,#10944,#10945);
#9039=AXIS2_PLACEMENT_3D('',#15087,#10947,#10948);
#9040=AXIS2_PLACEMENT_3D('',#15088,#10949,#10950);
#9041=AXIS2_PLACEMENT_3D('',#15091,#10953,#10954);
#9042=AXIS2_PLACEMENT_3D('',#15092,#10955,#10956);
#9043=AXIS2_PLACEMENT_3D('',#15093,#10957,#10958);
#9044=AXIS2_PLACEMENT_3D('',#15096,#10960,#10961);
#9045=AXIS2_PLACEMENT_3D('',#15099,#10963,#10964);
#9046=AXIS2_PLACEMENT_3D('',#15100,#10965,#10966);
#9047=AXIS2_PLACEMENT_3D('',#15102,#10967,#10968);
#9048=AXIS2_PLACEMENT_3D('',#15104,#10970,#10971);
#9049=AXIS2_PLACEMENT_3D('',#15107,#10973,#10974);
#9050=AXIS2_PLACEMENT_3D('',#15108,#10975,#10976);
#9051=AXIS2_PLACEMENT_3D('',#15111,#10979,#10980);
#9052=AXIS2_PLACEMENT_3D('',#15112,#10981,#10982);
#9053=AXIS2_PLACEMENT_3D('',#15113,#10983,#10984);
#9054=AXIS2_PLACEMENT_3D('',#15116,#10986,#10987);
#9055=AXIS2_PLACEMENT_3D('',#15119,#10989,#10990);
#9056=AXIS2_PLACEMENT_3D('',#15120,#10991,#10992);
#9057=AXIS2_PLACEMENT_3D('',#15122,#10993,#10994);
#9058=AXIS2_PLACEMENT_3D('',#15124,#10996,#10997);
#9059=AXIS2_PLACEMENT_3D('',#15127,#10999,#11000);
#9060=AXIS2_PLACEMENT_3D('',#15128,#11001,#11002);
#9061=AXIS2_PLACEMENT_3D('',#15131,#11005,#11006);
#9062=AXIS2_PLACEMENT_3D('',#15132,#11007,#11008);
#9063=AXIS2_PLACEMENT_3D('',#15133,#11009,#11010);
#9064=AXIS2_PLACEMENT_3D('',#15136,#11012,#11013);
#9065=AXIS2_PLACEMENT_3D('',#15139,#11015,#11016);
#9066=AXIS2_PLACEMENT_3D('',#15140,#11017,#11018);
#9067=AXIS2_PLACEMENT_3D('',#15142,#11019,#11020);
#9068=AXIS2_PLACEMENT_3D('',#15144,#11022,#11023);
#9069=AXIS2_PLACEMENT_3D('',#15147,#11025,#11026);
#9070=AXIS2_PLACEMENT_3D('',#15148,#11027,#11028);
#9071=AXIS2_PLACEMENT_3D('',#15151,#11031,#11032);
#9072=AXIS2_PLACEMENT_3D('',#15152,#11033,#11034);
#9073=AXIS2_PLACEMENT_3D('',#15154,#11036,#11037);
#9074=AXIS2_PLACEMENT_3D('',#15156,#11038,#11039);
#9075=AXIS2_PLACEMENT_3D('',#15159,#11041,#11042);
#9076=AXIS2_PLACEMENT_3D('',#15160,#11043,#11044);
#9077=AXIS2_PLACEMENT_3D('',#15162,#11045,#11046);
#9078=AXIS2_PLACEMENT_3D('',#15164,#11048,#11049);
#9079=AXIS2_PLACEMENT_3D('',#15167,#11051,#11052);
#9080=AXIS2_PLACEMENT_3D('',#15168,#11053,#11054);
#9081=AXIS2_PLACEMENT_3D('',#15171,#11057,#11058);
#9082=AXIS2_PLACEMENT_3D('',#15172,#11059,#11060);
#9083=AXIS2_PLACEMENT_3D('',#15173,#11061,#11062);
#9084=AXIS2_PLACEMENT_3D('',#15176,#11064,#11065);
#9085=AXIS2_PLACEMENT_3D('',#15179,#11067,#11068);
#9086=AXIS2_PLACEMENT_3D('',#15180,#11069,#11070);
#9087=AXIS2_PLACEMENT_3D('',#15182,#11071,#11072);
#9088=AXIS2_PLACEMENT_3D('',#15184,#11074,#11075);
#9089=AXIS2_PLACEMENT_3D('',#15187,#11077,#11078);
#9090=AXIS2_PLACEMENT_3D('',#15188,#11079,#11080);
#9091=AXIS2_PLACEMENT_3D('',#15191,#11083,#11084);
#9092=AXIS2_PLACEMENT_3D('',#15192,#11085,#11086);
#9093=AXIS2_PLACEMENT_3D('',#15194,#11088,#11089);
#9094=AXIS2_PLACEMENT_3D('',#15196,#11090,#11091);
#9095=AXIS2_PLACEMENT_3D('',#15199,#11093,#11094);
#9096=AXIS2_PLACEMENT_3D('',#15200,#11095,#11096);
#9097=AXIS2_PLACEMENT_3D('',#15202,#11097,#11098);
#9098=AXIS2_PLACEMENT_3D('',#15204,#11100,#11101);
#9099=AXIS2_PLACEMENT_3D('',#15207,#11103,#11104);
#9100=AXIS2_PLACEMENT_3D('',#15208,#11105,#11106);
#9101=AXIS2_PLACEMENT_3D('',#15211,#11109,#11110);
#9102=AXIS2_PLACEMENT_3D('',#15212,#11111,#11112);
#9103=AXIS2_PLACEMENT_3D('',#15214,#11114,#11115);
#9104=AXIS2_PLACEMENT_3D('',#15216,#11116,#11117);
#9105=AXIS2_PLACEMENT_3D('',#15219,#11119,#11120);
#9106=AXIS2_PLACEMENT_3D('',#15220,#11121,#11122);
#9107=AXIS2_PLACEMENT_3D('',#15222,#11123,#11124);
#9108=AXIS2_PLACEMENT_3D('',#15224,#11126,#11127);
#9109=AXIS2_PLACEMENT_3D('',#15227,#11129,#11130);
#9110=AXIS2_PLACEMENT_3D('',#15228,#11131,#11132);
#9111=AXIS2_PLACEMENT_3D('',#15231,#11135,#11136);
#9112=AXIS2_PLACEMENT_3D('',#15232,#11137,#11138);
#9113=AXIS2_PLACEMENT_3D('',#15233,#11139,#11140);
#9114=AXIS2_PLACEMENT_3D('',#15235,#11141,#11142);
#9115=AXIS2_PLACEMENT_3D('',#15238,#11144,#11145);
#9116=AXIS2_PLACEMENT_3D('',#15239,#11146,#11147);
#9117=AXIS2_PLACEMENT_3D('',#15241,#11148,#11149);
#9118=AXIS2_PLACEMENT_3D('',#15243,#11151,#11152);
#9119=AXIS2_PLACEMENT_3D('',#15246,#11154,#11155);
#9120=AXIS2_PLACEMENT_3D('',#15247,#11156,#11157);
#9121=AXIS2_PLACEMENT_3D('',#15250,#11160,#11161);
#9122=AXIS2_PLACEMENT_3D('',#15251,#11162,#11163);
#9123=AXIS2_PLACEMENT_3D('',#15252,#11164,#11165);
#9124=AXIS2_PLACEMENT_3D('',#15255,#11168,#11169);
#9125=AXIS2_PLACEMENT_3D('',#15258,#11172,#11173);
#9126=AXIS2_PLACEMENT_3D('',#15261,#11176,#11177);
#9127=AXIS2_PLACEMENT_3D('',#15264,#11180,#11181);
#9128=AXIS2_PLACEMENT_3D('',#15266,#11183,#11184);
#9129=AXIS2_PLACEMENT_3D('',#15269,#11187,#11188);
#9130=AXIS2_PLACEMENT_3D('',#15271,#11190,#11191);
#9131=AXIS2_PLACEMENT_3D('',#15274,#11194,#11195);
#9132=AXIS2_PLACEMENT_3D('',#15275,#11196,#11197);
#9133=AXIS2_PLACEMENT_3D('',#15278,#11200,#11201);
#9134=AXIS2_PLACEMENT_3D('',#15281,#11202,#11203);
#9135=AXIS2_PLACEMENT_3D('',#15283,#11204,#11205);
#9136=AXIS2_PLACEMENT_3D('',#15285,#11207,#11208);
#9137=AXIS2_PLACEMENT_3D('',#15290,#11211,#11212);
#9138=AXIS2_PLACEMENT_3D('',#15292,#11214,#11215);
#9139=AXIS2_PLACEMENT_3D('',#15294,#11217,#11218);
#9140=AXIS2_PLACEMENT_3D('',#15295,#11219,#11220);
#9141=AXIS2_PLACEMENT_3D('',#15297,#11221,#11222);
#9142=AXIS2_PLACEMENT_3D('',#15300,#11224,#11225);
#9143=AXIS2_PLACEMENT_3D('',#15301,#11226,#11227);
#9144=AXIS2_PLACEMENT_3D('',#15303,#11228,#11229);
#9145=AXIS2_PLACEMENT_3D('',#15305,#11231,#11232);
#9146=AXIS2_PLACEMENT_3D('',#15307,#11233,#11234);
#9147=AXIS2_PLACEMENT_3D('',#15310,#11236,#11237);
#9148=AXIS2_PLACEMENT_3D('',#15311,#11238,#11239);
#9149=AXIS2_PLACEMENT_3D('',#15313,#11240,#11241);
#9150=AXIS2_PLACEMENT_3D('',#15315,#11243,#11244);
#9151=AXIS2_PLACEMENT_3D('',#15317,#11245,#11246);
#9152=AXIS2_PLACEMENT_3D('',#15320,#11248,#11249);
#9153=AXIS2_PLACEMENT_3D('',#15321,#11250,#11251);
#9154=AXIS2_PLACEMENT_3D('',#15323,#11252,#11253);
#9155=AXIS2_PLACEMENT_3D('',#15325,#11255,#11256);
#9156=AXIS2_PLACEMENT_3D('',#15327,#11257,#11258);
#9157=AXIS2_PLACEMENT_3D('',#15330,#11260,#11261);
#9158=AXIS2_PLACEMENT_3D('',#15331,#11262,#11263);
#9159=AXIS2_PLACEMENT_3D('',#15333,#11264,#11265);
#9160=AXIS2_PLACEMENT_3D('',#15335,#11267,#11268);
#9161=AXIS2_PLACEMENT_3D('',#15337,#11269,#11270);
#9162=AXIS2_PLACEMENT_3D('',#15340,#11272,#11273);
#9163=AXIS2_PLACEMENT_3D('',#15341,#11274,#11275);
#9164=AXIS2_PLACEMENT_3D('',#15343,#11276,#11277);
#9165=AXIS2_PLACEMENT_3D('',#15345,#11279,#11280);
#9166=AXIS2_PLACEMENT_3D('',#15347,#11281,#11282);
#9167=AXIS2_PLACEMENT_3D('',#15349,#11284,#11285);
#9168=AXIS2_PLACEMENT_3D('',#15351,#11287,#11288);
#9169=AXIS2_PLACEMENT_3D('',#15352,#11289,#11290);
#9170=AXIS2_PLACEMENT_3D('',#15354,#11291,#11292);
#9171=AXIS2_PLACEMENT_3D('',#15356,#11294,#11295);
#9172=AXIS2_PLACEMENT_3D('',#15358,#11297,#11298);
#9173=AXIS2_PLACEMENT_3D('',#15359,#11299,#11300);
#9174=AXIS2_PLACEMENT_3D('',#15361,#11301,#11302);
#9175=AXIS2_PLACEMENT_3D('',#15363,#11304,#11305);
#9176=AXIS2_PLACEMENT_3D('',#15365,#11307,#11308);
#9177=AXIS2_PLACEMENT_3D('',#15366,#11309,#11310);
#9178=AXIS2_PLACEMENT_3D('',#15368,#11311,#11312);
#9179=AXIS2_PLACEMENT_3D('',#15370,#11314,#11315);
#9180=AXIS2_PLACEMENT_3D('',#15372,#11317,#11318);
#9181=AXIS2_PLACEMENT_3D('',#15373,#11319,#11320);
#9182=AXIS2_PLACEMENT_3D('',#15375,#11321,#11322);
#9183=AXIS2_PLACEMENT_3D('',#15377,#11324,#11325);
#9184=AXIS2_PLACEMENT_3D('',#15379,#11327,#11328);
#9185=AXIS2_PLACEMENT_3D('',#15380,#11329,#11330);
#9186=AXIS2_PLACEMENT_3D('',#15382,#11331,#11332);
#9187=AXIS2_PLACEMENT_3D('',#15385,#11334,#11335);
#9188=AXIS2_PLACEMENT_3D('',#15386,#11336,#11337);
#9189=AXIS2_PLACEMENT_3D('',#15388,#11338,#11339);
#9190=AXIS2_PLACEMENT_3D('',#15390,#11341,#11342);
#9191=AXIS2_PLACEMENT_3D('',#15392,#11343,#11344);
#9192=AXIS2_PLACEMENT_3D('',#15395,#11346,#11347);
#9193=AXIS2_PLACEMENT_3D('',#15396,#11348,#11349);
#9194=AXIS2_PLACEMENT_3D('',#15398,#11350,#11351);
#9195=AXIS2_PLACEMENT_3D('',#15400,#11353,#11354);
#9196=AXIS2_PLACEMENT_3D('',#15402,#11355,#11356);
#9197=AXIS2_PLACEMENT_3D('',#15405,#11358,#11359);
#9198=AXIS2_PLACEMENT_3D('',#15406,#11360,#11361);
#9199=AXIS2_PLACEMENT_3D('',#15408,#11362,#11363);
#9200=AXIS2_PLACEMENT_3D('',#15410,#11365,#11366);
#9201=AXIS2_PLACEMENT_3D('',#15412,#11367,#11368);
#9202=AXIS2_PLACEMENT_3D('',#15415,#11370,#11371);
#9203=AXIS2_PLACEMENT_3D('',#15416,#11372,#11373);
#9204=AXIS2_PLACEMENT_3D('',#15418,#11374,#11375);
#9205=AXIS2_PLACEMENT_3D('',#15420,#11377,#11378);
#9206=AXIS2_PLACEMENT_3D('',#15422,#11379,#11380);
#9207=AXIS2_PLACEMENT_3D('',#15424,#11382,#11383);
#9208=AXIS2_PLACEMENT_3D('',#15426,#11385,#11386);
#9209=AXIS2_PLACEMENT_3D('',#15427,#11387,#11388);
#9210=AXIS2_PLACEMENT_3D('',#15429,#11389,#11390);
#9211=AXIS2_PLACEMENT_3D('',#15431,#11392,#11393);
#9212=AXIS2_PLACEMENT_3D('',#15433,#11394,#11395);
#9213=AXIS2_PLACEMENT_3D('',#15435,#11397,#11398);
#9214=AXIS2_PLACEMENT_3D('',#15437,#11400,#11401);
#9215=AXIS2_PLACEMENT_3D('',#15438,#11402,#11403);
#9216=AXIS2_PLACEMENT_3D('',#15440,#11404,#11405);
#9217=AXIS2_PLACEMENT_3D('',#15442,#11407,#11408);
#9218=AXIS2_PLACEMENT_3D('',#15444,#11410,#11411);
#9219=AXIS2_PLACEMENT_3D('',#15445,#11412,#11413);
#9220=AXIS2_PLACEMENT_3D('',#15447,#11415,#11416);
#9221=AXIS2_PLACEMENT_3D('',#15448,#11417,#11418);
#9222=DIRECTION('axis',(0.,0.,1.));
#9223=DIRECTION('refdir',(1.,0.,0.));
#9224=DIRECTION('axis',(0.,0.,1.));
#9225=DIRECTION('refdir',(1.,0.,0.));
#9226=DIRECTION('center_axis',(0.,0.,-1.));
#9227=DIRECTION('ref_axis',(1.,0.,0.));
#9228=DIRECTION('',(0.664250935372237,-0.747509662049333,0.));
#9229=DIRECTION('center_axis',(0.,0.,-1.));
#9230=DIRECTION('ref_axis',(0.,-1.,0.));
#9231=DIRECTION('',(-0.664126742446688,0.747620003723249,0.));
#9232=DIRECTION('center_axis',(0.,0.,-1.));
#9233=DIRECTION('ref_axis',(-1.,0.,0.));
#9234=DIRECTION('',(-0.999999999691686,-2.48319892181268E-5,0.));
#9235=DIRECTION('',(-1.,0.,0.));
#9236=DIRECTION('',(0.,1.,0.));
#9237=DIRECTION('',(1.,0.,0.));
#9238=DIRECTION('',(0.,-1.,0.));
#9239=DIRECTION('',(-1.,0.,0.));
#9240=DIRECTION('center_axis',(0.,0.,-1.));
#9241=DIRECTION('ref_axis',(1.,0.,0.));
#9242=DIRECTION('',(-0.664478271211567,0.747307585327278,0.));
#9243=DIRECTION('',(-1.,0.,0.));
#9244=DIRECTION('',(0.,-1.,0.));
#9245=DIRECTION('',(1.,0.,0.));
#9246=DIRECTION('',(0.999999999691686,2.48319892181268E-5,0.));
#9247=DIRECTION('',(1.,0.,0.));
#9248=DIRECTION('',(0.,1.,0.));
#9249=DIRECTION('',(-1.,0.,0.));
#9250=DIRECTION('',(-0.999999998109399,6.1491483442078E-5,0.));
#9251=DIRECTION('',(1.,-7.15377194534133E-13,0.));
#9252=DIRECTION('',(0.,-1.,0.));
#9253=DIRECTION('',(-0.859119866925669,-0.511774417349695,0.));
#9254=DIRECTION('',(0.821314568728276,-0.570475572829096,0.));
#9255=DIRECTION('',(0.,-1.,0.));
#9256=DIRECTION('',(-1.,0.,0.));
#9257=DIRECTION('',(-0.501645672906732,0.865073186992842,0.));
#9258=DIRECTION('',(-0.865073186992842,-0.501645672906732,0.));
#9259=DIRECTION('',(-0.664126742446689,0.747620003723248,0.));
#9260=DIRECTION('center_axis',(0.,0.,-1.));
#9261=DIRECTION('ref_axis',(0.,-1.,0.));
#9262=DIRECTION('',(-1.,-2.95653688028857E-16,0.));
#9263=DIRECTION('',(0.,1.,0.));
#9264=DIRECTION('',(1.,0.,0.));
#9265=DIRECTION('center_axis',(0.,0.,-1.));
#9266=DIRECTION('ref_axis',(-0.912623996874407,0.408800000402375,0.));
#9267=DIRECTION('center_axis',(0.,0.,1.));
#9268=DIRECTION('ref_axis',(1.,0.,0.));
#9269=DIRECTION('center_axis',(0.,0.,1.));
#9270=DIRECTION('ref_axis',(1.,0.,0.));
#9271=DIRECTION('center_axis',(0.,0.,-1.));
#9272=DIRECTION('ref_axis',(-1.,0.,0.));
#9273=DIRECTION('center_axis',(0.,0.,-1.));
#9274=DIRECTION('ref_axis',(-1.,0.,0.));
#9275=DIRECTION('',(0.,0.,-1.));
#9276=DIRECTION('center_axis',(0.,0.,-1.));
#9277=DIRECTION('ref_axis',(-1.,0.,0.));
#9278=DIRECTION('center_axis',(0.,0.,1.));
#9279=DIRECTION('ref_axis',(-1.,0.,0.));
#9280=DIRECTION('center_axis',(0.,0.,-1.));
#9281=DIRECTION('ref_axis',(-1.,0.,0.));
#9282=DIRECTION('center_axis',(0.,0.,-1.));
#9283=DIRECTION('ref_axis',(-1.,0.,0.));
#9284=DIRECTION('',(0.,0.,-1.));
#9285=DIRECTION('center_axis',(0.,0.,-1.));
#9286=DIRECTION('ref_axis',(-1.,0.,0.));
#9287=DIRECTION('center_axis',(0.,0.,1.));
#9288=DIRECTION('ref_axis',(-1.,0.,0.));
#9289=DIRECTION('center_axis',(0.,0.,1.));
#9290=DIRECTION('ref_axis',(1.,0.,0.));
#9291=DIRECTION('',(-0.999999999691686,-2.48319892181268E-5,0.));
#9292=DIRECTION('',(1.,0.,0.));
#9293=DIRECTION('',(0.,1.,0.));
#9294=DIRECTION('',(-1.,0.,0.));
#9295=DIRECTION('center_axis',(0.,0.,-1.));
#9296=DIRECTION('ref_axis',(1.,0.,0.));
#9297=DIRECTION('',(-1.,0.,0.));
#9298=DIRECTION('',(0.999999999691686,2.48319892181268E-5,0.));
#9299=DIRECTION('',(1.,0.,0.));
#9300=DIRECTION('',(0.,-1.,0.));
#9301=DIRECTION('center_axis',(0.,-1.,0.));
#9302=DIRECTION('ref_axis',(-1.,0.,0.));
#9303=DIRECTION('',(0.,0.,-1.));
#9304=DIRECTION('',(0.,0.,-1.));
#9305=DIRECTION('center_axis',(2.48319892181268E-5,-0.999999999691686,0.));
#9306=DIRECTION('ref_axis',(-0.999999999691686,-2.48319892181268E-5,0.));
#9307=DIRECTION('',(0.,0.,-1.));
#9308=DIRECTION('center_axis',(0.,1.,0.));
#9309=DIRECTION('ref_axis',(1.,0.,0.));
#9310=DIRECTION('',(0.,0.,-1.));
#9311=DIRECTION('',(-1.,0.,0.));
#9312=DIRECTION('',(0.,0.,-1.));
#9313=DIRECTION('center_axis',(2.95653688028857E-16,-1.,0.));
#9314=DIRECTION('ref_axis',(-1.,-2.95653688028857E-16,0.));
#9315=DIRECTION('',(0.,0.,-1.));
#9316=DIRECTION('',(1.,2.95653688028857E-16,0.));
#9317=DIRECTION('',(0.,0.,1.));
#9318=DIRECTION('',(-1.,-2.95653688028857E-16,0.));
#9319=DIRECTION('center_axis',(0.,0.,1.));
#9320=DIRECTION('ref_axis',(-0.409800718369817,-0.912175077067764,0.));
#9321=DIRECTION('',(0.,0.,-1.));
#9322=DIRECTION('center_axis',(0.,0.,1.));
#9323=DIRECTION('ref_axis',(-0.409800718369817,-0.912175077067764,0.));
#9324=DIRECTION('center_axis',(0.,0.,1.));
#9325=DIRECTION('ref_axis',(1.,0.,0.));
#9326=DIRECTION('',(0.,-1.,0.));
#9327=DIRECTION('',(1.,-7.16272919113005E-13,0.));
#9328=DIRECTION('',(0.,1.,0.));
#9329=DIRECTION('',(1.,-7.15377194534133E-13,0.));
#9330=DIRECTION('center_axis',(0.,0.,-1.));
#9331=DIRECTION('ref_axis',(-0.912623996874407,0.408800000402375,0.));
#9332=DIRECTION('',(1.,0.,0.));
#9333=DIRECTION('',(0.,-1.,0.));
#9334=DIRECTION('',(1.,0.,0.));
#9335=DIRECTION('',(0.,1.,0.));
#9336=DIRECTION('center_axis',(0.,0.,1.));
#9337=DIRECTION('ref_axis',(1.,0.,0.));
#9338=DIRECTION('',(0.,-1.,0.));
#9339=DIRECTION('',(-1.,-2.95653688028857E-16,0.));
#9340=DIRECTION('center_axis',(0.,0.,-1.));
#9341=DIRECTION('ref_axis',(0.,-1.,0.));
#9342=DIRECTION('',(0.664126742446689,-0.747620003723248,0.));
#9343=DIRECTION('center_axis',(0.,-1.,0.));
#9344=DIRECTION('ref_axis',(-1.,0.,0.));
#9345=DIRECTION('',(0.,0.,-1.));
#9346=DIRECTION('',(0.,0.,-1.));
#9347=DIRECTION('',(0.,0.,-1.));
#9348=DIRECTION('center_axis',(0.,0.,-1.));
#9349=DIRECTION('ref_axis',(1.,0.,0.));
#9350=DIRECTION('',(0.,0.,1.));
#9351=DIRECTION('center_axis',(0.,0.,1.));
#9352=DIRECTION('ref_axis',(1.,0.,0.));
#9353=DIRECTION('center_axis',(0.,0.,-1.));
#9354=DIRECTION('ref_axis',(1.,0.,0.));
#9355=DIRECTION('center_axis',(0.,0.,-1.));
#9356=DIRECTION('ref_axis',(1.,0.,0.));
#9357=DIRECTION('',(0.,0.,1.));
#9358=DIRECTION('center_axis',(0.,0.,1.));
#9359=DIRECTION('ref_axis',(1.,0.,0.));
#9360=DIRECTION('center_axis',(0.,0.,-1.));
#9361=DIRECTION('ref_axis',(1.,0.,0.));
#9362=DIRECTION('center_axis',(0.570475572829096,0.821314568728276,0.));
#9363=DIRECTION('ref_axis',(0.821314568728276,-0.570475572829096,0.));
#9364=DIRECTION('',(0.,0.,-1.));
#9365=DIRECTION('',(0.821314568728276,-0.570475572829096,0.));
#9366=DIRECTION('',(0.,0.,-1.));
#9367=DIRECTION('center_axis',(0.511774417349695,-0.859119866925669,0.));
#9368=DIRECTION('ref_axis',(-0.859119866925669,-0.511774417349695,0.));
#9369=DIRECTION('',(0.,0.,1.));
#9370=DIRECTION('',(-0.859119866925669,-0.511774417349695,0.));
#9371=DIRECTION('center_axis',(0.,0.,-1.));
#9372=DIRECTION('ref_axis',(1.,0.,0.));
#9373=DIRECTION('',(0.,-1.,0.));
#9374=DIRECTION('center_axis',(0.501645672906732,-0.865073186992842,0.));
#9375=DIRECTION('ref_axis',(-0.865073186992842,-0.501645672906732,0.));
#9376=DIRECTION('',(0.,0.,-1.));
#9377=DIRECTION('',(-0.865073186992842,-0.501645672906732,0.));
#9378=DIRECTION('',(0.,0.,-1.));
#9379=DIRECTION('center_axis',(-0.865073186992842,-0.501645672906732,0.));
#9380=DIRECTION('ref_axis',(-0.501645672906732,0.865073186992842,0.));
#9381=DIRECTION('',(0.,0.,1.));
#9382=DIRECTION('',(-0.501645672906732,0.865073186992842,0.));
#9383=DIRECTION('center_axis',(0.,0.,-1.));
#9384=DIRECTION('ref_axis',(1.,0.,0.));
#9385=DIRECTION('',(-1.,0.,0.));
#9386=DIRECTION('',(-0.664126742446689,0.747620003723248,0.));
#9387=DIRECTION('center_axis',(-0.747620003723248,-0.664126742446689,0.));
#9388=DIRECTION('ref_axis',(-0.664126742446689,0.747620003723248,0.));
#9389=DIRECTION('',(0.,0.,-1.));
#9390=DIRECTION('',(0.,0.,-1.));
#9391=DIRECTION('center_axis',(1.,0.,0.));
#9392=DIRECTION('ref_axis',(0.,-1.,0.));
#9393=DIRECTION('',(0.,0.,-1.));
#9394=DIRECTION('',(0.,0.,-1.));
#9395=DIRECTION('',(0.,-1.,0.));
#9396=DIRECTION('',(0.,0.,-1.));
#9397=DIRECTION('center_axis',(0.,-1.,0.));
#9398=DIRECTION('ref_axis',(-1.,0.,0.));
#9399=DIRECTION('',(-1.,0.,0.));
#9400=DIRECTION('center_axis',(0.,0.,-1.));
#9401=DIRECTION('ref_axis',(0.,-1.,0.));
#9402=DIRECTION('',(0.,0.,-1.));
#9403=DIRECTION('center_axis',(2.95653688028857E-16,-1.,0.));
#9404=DIRECTION('ref_axis',(-1.,-2.95653688028857E-16,0.));
#9405=DIRECTION('',(0.,0.,-1.));
#9406=DIRECTION('center_axis',(0.,1.,0.));
#9407=DIRECTION('ref_axis',(1.,0.,0.));
#9408=DIRECTION('',(0.,0.,-1.));
#9409=DIRECTION('',(0.,0.,-1.));
#9410=DIRECTION('center_axis',(0.,0.,-1.));
#9411=DIRECTION('ref_axis',(-0.912623996874407,0.408800000402375,0.));
#9412=DIRECTION('',(0.,0.,-1.));
#9413=DIRECTION('center_axis',(7.15377194534133E-13,1.,0.));
#9414=DIRECTION('ref_axis',(1.,-7.15377194534133E-13,0.));
#9415=DIRECTION('center_axis',(2.48319892181268E-5,-0.999999999691686,0.));
#9416=DIRECTION('ref_axis',(-0.999999999691686,-2.48319892181268E-5,0.));
#9417=DIRECTION('',(0.,0.,-1.));
#9418=DIRECTION('center_axis',(0.,-1.,0.));
#9419=DIRECTION('ref_axis',(-1.,0.,0.));
#9420=DIRECTION('',(0.,0.,-1.));
#9421=DIRECTION('center_axis',(0.,0.,-1.));
#9422=DIRECTION('ref_axis',(1.,0.,0.));
#9423=DIRECTION('',(0.,1.,0.));
#9424=DIRECTION('',(-0.000512940392482531,-0.999999868446068,0.));
#9425=DIRECTION('',(1.,0.,0.));
#9426=DIRECTION('center_axis',(-0.747307585327278,-0.664478271211567,0.));
#9427=DIRECTION('ref_axis',(-0.664478271211567,0.747307585327278,0.));
#9428=DIRECTION('',(0.,0.,-1.));
#9429=DIRECTION('',(0.664478271211567,-0.747307585327278,0.));
#9430=DIRECTION('',(0.,0.,-1.));
#9431=DIRECTION('center_axis',(-0.999999868446068,0.000512940392482531,
0.));
#9432=DIRECTION('ref_axis',(0.000512940392482531,0.999999868446068,0.));
#9433=DIRECTION('',(0.,0.,-1.));
#9434=DIRECTION('',(0.000512940392482531,0.999999868446068,0.));
#9435=DIRECTION('',(0.,0.,-1.));
#9436=DIRECTION('center_axis',(0.,-1.,0.));
#9437=DIRECTION('ref_axis',(-1.,0.,0.));
#9438=DIRECTION('',(-1.,0.,0.));
#9439=DIRECTION('',(0.,0.,-1.));
#9440=DIRECTION('center_axis',(-1.,0.,0.));
#9441=DIRECTION('ref_axis',(0.,1.,0.));
#9442=DIRECTION('',(0.,1.,0.));
#9443=DIRECTION('',(0.,0.,-1.));
#9444=DIRECTION('center_axis',(0.,-1.,0.));
#9445=DIRECTION('ref_axis',(-1.,0.,0.));
#9446=DIRECTION('',(-1.,0.,0.));
#9447=DIRECTION('',(0.,0.,-1.));
#9448=DIRECTION('center_axis',(1.,0.,0.));
#9449=DIRECTION('ref_axis',(0.,-1.,0.));
#9450=DIRECTION('',(0.,-1.,0.));
#9451=DIRECTION('',(0.,0.,-1.));
#9452=DIRECTION('center_axis',(0.,1.,0.));
#9453=DIRECTION('ref_axis',(1.,0.,0.));
#9454=DIRECTION('',(1.,0.,0.));
#9455=DIRECTION('',(0.,0.,-1.));
#9456=DIRECTION('center_axis',(6.1491483442078E-5,0.999999998109399,0.));
#9457=DIRECTION('ref_axis',(0.999999998109399,-6.1491483442078E-5,0.));
#9458=DIRECTION('',(0.999999998109399,-6.1491483442078E-5,0.));
#9459=DIRECTION('center_axis',(-1.64304427810389E-16,1.,0.));
#9460=DIRECTION('ref_axis',(1.,1.64304427810389E-16,0.));
#9461=DIRECTION('',(1.,1.64304427810389E-16,0.));
#9462=DIRECTION('',(0.,0.,-1.));
#9463=DIRECTION('center_axis',(-1.,1.69637695331397E-14,0.));
#9464=DIRECTION('ref_axis',(1.69637695331397E-14,1.,0.));
#9465=DIRECTION('',(1.69637695331397E-14,1.,0.));
#9466=DIRECTION('',(0.,0.,-1.));
#9467=DIRECTION('center_axis',(-7.14706072102444E-13,-1.,0.));
#9468=DIRECTION('ref_axis',(-1.,7.14706072102444E-13,0.));
#9469=DIRECTION('',(-1.,7.14706072102444E-13,0.));
#9470=DIRECTION('',(-1.,7.14706072102444E-13,0.));
#9471=DIRECTION('',(0.,0.,-1.));
#9472=DIRECTION('center_axis',(1.,0.,0.));
#9473=DIRECTION('ref_axis',(0.,-1.,0.));
#9474=DIRECTION('',(0.,-1.,0.));
#9475=DIRECTION('',(0.,-1.,0.));
#9476=DIRECTION('',(0.,0.,-1.));
#9477=DIRECTION('center_axis',(0.,-1.,0.));
#9478=DIRECTION('ref_axis',(-1.,0.,0.));
#9479=DIRECTION('',(-1.,0.,0.));
#9480=DIRECTION('',(-1.,0.,0.));
#9481=DIRECTION('',(0.,0.,-1.));
#9482=DIRECTION('center_axis',(0.,0.,-1.));
#9483=DIRECTION('ref_axis',(0.,-1.,0.));
#9484=DIRECTION('center_axis',(0.,0.,-1.));
#9485=DIRECTION('ref_axis',(0.,-1.,0.));
#9486=DIRECTION('center_axis',(0.,0.,1.));
#9487=DIRECTION('ref_axis',(0.,-1.,0.));
#9488=DIRECTION('',(0.,0.,-1.));
#9489=DIRECTION('center_axis',(0.747620003723249,0.664126742446688,0.));
#9490=DIRECTION('ref_axis',(0.664126742446688,-0.747620003723249,0.));
#9491=DIRECTION('',(-0.664126742446688,0.747620003723249,0.));
#9492=DIRECTION('',(0.664126742446688,-0.747620003723249,0.));
#9493=DIRECTION('',(0.,0.,-1.));
#9494=DIRECTION('center_axis',(-0.747509662049333,-0.664250935372238,0.));
#9495=DIRECTION('ref_axis',(-0.664250935372237,0.747509662049333,0.));
#9496=DIRECTION('',(-0.664250935372237,0.747509662049333,0.));
#9497=DIRECTION('center_axis',(0.,0.,-1.));
#9498=DIRECTION('ref_axis',(1.,0.,0.));
#9499=DIRECTION('center_axis',(0.,0.,-1.));
#9500=DIRECTION('ref_axis',(1.,0.,0.));
#9501=DIRECTION('center_axis',(0.,1.,0.));
#9502=DIRECTION('ref_axis',(-0.707106781186548,0.,-0.707106781186547));
#9503=DIRECTION('center_axis',(0.,-1.,0.));
#9504=DIRECTION('ref_axis',(-0.707106781186548,0.,-0.707106781186547));
#9505=DIRECTION('',(0.,1.,0.));
#9506=DIRECTION('center_axis',(0.,1.,0.));
#9507=DIRECTION('ref_axis',(-0.707106781186548,0.,-0.707106781186547));
#9508=DIRECTION('',(0.,-1.,0.));
#9509=DIRECTION('center_axis',(0.,0.,-1.));
#9510=DIRECTION('ref_axis',(-1.,0.,0.));
#9511=DIRECTION('',(-1.,0.,0.));
#9512=DIRECTION('',(0.,-1.,0.));
#9513=DIRECTION('',(1.,0.,0.));
#9514=DIRECTION('center_axis',(0.,-1.,0.));
#9515=DIRECTION('ref_axis',(0.707106781186546,0.,-0.707106781186549));
#9516=DIRECTION('center_axis',(0.,1.,0.));
#9517=DIRECTION('ref_axis',(0.707106781186546,0.,-0.707106781186549));
#9518=DIRECTION('center_axis',(0.,-1.,0.));
#9519=DIRECTION('ref_axis',(0.707106781186546,0.,-0.707106781186549));
#9520=DIRECTION('',(0.,1.,0.));
#9521=DIRECTION('center_axis',(0.,1.,0.));
#9522=DIRECTION('ref_axis',(0.707106781186549,0.,0.707106781186546));
#9523=DIRECTION('center_axis',(0.,-1.,0.));
#9524=DIRECTION('ref_axis',(0.707106781186549,0.,0.707106781186546));
#9525=DIRECTION('',(0.,1.,0.));
#9526=DIRECTION('center_axis',(0.,1.,0.));
#9527=DIRECTION('ref_axis',(0.707106781186549,0.,0.707106781186546));
#9528=DIRECTION('',(0.,-1.,0.));
#9529=DIRECTION('center_axis',(0.,0.,1.));
#9530=DIRECTION('ref_axis',(1.,0.,0.));
#9531=DIRECTION('',(1.,0.,0.));
#9532=DIRECTION('',(0.,-1.,0.));
#9533=DIRECTION('',(-1.,0.,0.));
#9534=DIRECTION('center_axis',(0.,1.,0.));
#9535=DIRECTION('ref_axis',(-0.707106781186548,0.,0.707106781186547));
#9536=DIRECTION('center_axis',(0.,-1.,0.));
#9537=DIRECTION('ref_axis',(-0.707106781186548,0.,0.707106781186547));
#9538=DIRECTION('',(0.,1.,0.));
#9539=DIRECTION('center_axis',(0.,1.,0.));
#9540=DIRECTION('ref_axis',(-0.707106781186548,0.,0.707106781186547));
#9541=DIRECTION('center_axis',(-1.,0.,0.));
#9542=DIRECTION('ref_axis',(0.,0.,1.));
#9543=DIRECTION('',(0.,0.,-1.));
#9544=DIRECTION('',(0.,0.,1.));
#9545=DIRECTION('center_axis',(0.,0.,-1.));
#9546=DIRECTION('ref_axis',(-1.,0.,0.));
#9547=DIRECTION('center_axis',(0.,0.,-1.));
#9548=DIRECTION('ref_axis',(-1.,0.,0.));
#9549=DIRECTION('',(0.,0.,1.));
#9550=DIRECTION('center_axis',(0.,0.,1.));
#9551=DIRECTION('ref_axis',(-1.,0.,0.));
#9552=DIRECTION('center_axis',(0.,0.,1.));
#9553=DIRECTION('ref_axis',(-1.,0.,0.));
#9554=DIRECTION('center_axis',(0.,0.,1.));
#9555=DIRECTION('ref_axis',(1.,0.,0.));
#9556=DIRECTION('center_axis',(0.,0.,1.));
#9557=DIRECTION('ref_axis',(1.,0.,0.));
#9558=DIRECTION('',(0.,0.,-1.));
#9559=DIRECTION('center_axis',(0.,0.,1.));
#9560=DIRECTION('ref_axis',(1.,0.,0.));
#9561=DIRECTION('center_axis',(0.,0.,1.));
#9562=DIRECTION('ref_axis',(-1.,0.,0.));
#9563=DIRECTION('center_axis',(0.,0.,-1.));
#9564=DIRECTION('ref_axis',(-1.,0.,0.));
#9565=DIRECTION('center_axis',(0.,0.,-1.));
#9566=DIRECTION('ref_axis',(-1.,0.,0.));
#9567=DIRECTION('',(0.,0.,1.));
#9568=DIRECTION('center_axis',(0.,0.,1.));
#9569=DIRECTION('ref_axis',(-1.,0.,0.));
#9570=DIRECTION('center_axis',(0.,0.,1.));
#9571=DIRECTION('ref_axis',(-1.,0.,0.));
#9572=DIRECTION('center_axis',(0.,0.,1.));
#9573=DIRECTION('ref_axis',(1.,0.,0.));
#9574=DIRECTION('center_axis',(0.,0.,1.));
#9575=DIRECTION('ref_axis',(1.,0.,0.));
#9576=DIRECTION('',(0.,0.,-1.));
#9577=DIRECTION('center_axis',(0.,0.,1.));
#9578=DIRECTION('ref_axis',(1.,0.,0.));
#9579=DIRECTION('center_axis',(0.,0.,1.));
#9580=DIRECTION('ref_axis',(-1.,0.,0.));
#9581=DIRECTION('center_axis',(-1.,0.,0.));
#9582=DIRECTION('ref_axis',(0.,0.707106781186547,0.707106781186547));
#9583=DIRECTION('',(1.,0.,0.));
#9584=DIRECTION('center_axis',(-0.707106781186548,0.707106781186547,0.));
#9585=DIRECTION('ref_axis',(0.707106781186547,0.707106781186548,0.));
#9586=DIRECTION('',(-1.,0.,0.));
#9587=DIRECTION('center_axis',(0.,1.,0.));
#9588=DIRECTION('ref_axis',(0.707106781186547,0.,0.707106781186547));
#9589=DIRECTION('',(0.,-1.,0.));
#9590=DIRECTION('center_axis',(0.707106781186548,0.707106781186548,0.));
#9591=DIRECTION('ref_axis',(0.707106781186547,-0.707106781186547,0.));
#9592=DIRECTION('',(0.,1.,0.));
#9593=DIRECTION('center_axis',(1.,0.,0.));
#9594=DIRECTION('ref_axis',(0.,-0.707106781186547,0.707106781186547));
#9595=DIRECTION('',(-1.,0.,0.));
#9596=DIRECTION('center_axis',(0.707106781186548,-0.707106781186548,6.2803698347351E-16));
#9597=DIRECTION('ref_axis',(-0.707106781186547,-0.707106781186547,6.2803698347351E-16));
#9598=DIRECTION('',(1.,0.,0.));
#9599=DIRECTION('center_axis',(0.,-1.,0.));
#9600=DIRECTION('ref_axis',(-0.707106781186547,0.,0.707106781186547));
#9601=DIRECTION('',(0.,1.,0.));
#9602=DIRECTION('center_axis',(-0.707106781186547,-0.707106781186548,0.));
#9603=DIRECTION('ref_axis',(-0.707106781186548,0.707106781186547,0.));
#9604=DIRECTION('',(0.,-1.,0.));
#9605=DIRECTION('center_axis',(-1.,0.,0.));
#9606=DIRECTION('ref_axis',(0.,0.707106781186547,0.707106781186547));
#9607=DIRECTION('',(-1.,0.,0.));
#9608=DIRECTION('',(1.,0.,0.));
#9609=DIRECTION('center_axis',(-0.912271415536945,0.40958621118663,-7.27571267565405E-16));
#9610=DIRECTION('ref_axis',(0.40958621118663,0.912271415536945,-1.6205195683784E-15));
#9611=DIRECTION('center_axis',(0.999999999691686,2.48319892181268E-5,0.));
#9612=DIRECTION('ref_axis',(1.75588679643496E-5,-0.707106780968537,0.707106781186547));
#9613=DIRECTION('',(-0.999999999691686,-2.48319892181268E-5,0.));
#9614=DIRECTION('',(0.999999999691686,2.48319892181268E-5,0.));
#9615=DIRECTION('center_axis',(1.,0.,0.));
#9616=DIRECTION('ref_axis',(0.,-0.707106781186547,0.707106781186547));
#9617=DIRECTION('',(-1.,0.,0.));
#9618=DIRECTION('',(1.,0.,0.));
#9619=DIRECTION('center_axis',(-0.664478271211567,0.747307585327278,0.));
#9620=DIRECTION('ref_axis',(0.528426261217062,0.469857091524813,0.707106781186548));
#9621=DIRECTION('',(-0.664478271211567,0.747307585327278,0.));
#9622=DIRECTION('',(0.664478271211567,-0.747307585327278,0.));
#9623=DIRECTION('center_axis',(-0.912258822073892,0.409614259454374,-1.29639775831534E-14));
#9624=DIRECTION('ref_axis',(-0.409614259454374,-0.912258822073892,-2.88770448569688E-14));
#9625=DIRECTION('center_axis',(-0.999999998109399,6.1491483442078E-5,0.));
#9626=DIRECTION('ref_axis',(4.34810449126372E-5,0.707106779849691,0.707106781186547));
#9627=DIRECTION('',(0.999999998109399,-6.1491483442078E-5,0.));
#9628=DIRECTION('',(-0.999999998109399,6.1491483442078E-5,0.));
#9629=DIRECTION('center_axis',(0.,1.,0.));
#9630=DIRECTION('ref_axis',(-1.,0.,0.));
#9631=DIRECTION('',(0.,0.,1.));
#9632=DIRECTION('',(-1.,0.,0.));
#9633=DIRECTION('',(0.,0.,1.));
#9634=DIRECTION('center_axis',(1.,0.,0.));
#9635=DIRECTION('ref_axis',(0.,1.,0.));
#9636=DIRECTION('',(0.,0.,1.));
#9637=DIRECTION('',(0.,1.,0.));
#9638=DIRECTION('center_axis',(0.,-1.,0.));
#9639=DIRECTION('ref_axis',(1.,0.,0.));
#9640=DIRECTION('',(0.,0.,1.));
#9641=DIRECTION('',(1.,0.,0.));
#9642=DIRECTION('center_axis',(2.48319892181268E-5,-0.999999999691686,0.));
#9643=DIRECTION('ref_axis',(0.999999999691686,2.48319892181268E-5,0.));
#9644=DIRECTION('',(0.,0.,1.));
#9645=DIRECTION('',(0.999999999691686,2.48319892181268E-5,0.));
#9646=DIRECTION('center_axis',(0.,-1.,0.));
#9647=DIRECTION('ref_axis',(1.,0.,0.));
#9648=DIRECTION('',(0.,0.,1.));
#9649=DIRECTION('',(-1.,0.,0.));
#9650=DIRECTION('center_axis',(0.,0.,1.));
#9651=DIRECTION('ref_axis',(1.,0.,0.));
#9652=DIRECTION('',(0.,1.,0.));
#9653=DIRECTION('',(1.,0.,0.));
#9654=DIRECTION('',(0.,-1.,0.));
#9655=DIRECTION('',(-1.,0.,0.));
#9656=DIRECTION('',(0.,1.,0.));
#9657=DIRECTION('',(1.,0.,0.));
#9658=DIRECTION('',(0.,-1.,0.));
#9659=DIRECTION('',(-1.,0.,0.));
#9660=DIRECTION('',(0.,1.,0.));
#9661=DIRECTION('',(1.,0.,0.));
#9662=DIRECTION('',(0.,-1.,0.));
#9663=DIRECTION('',(-1.,0.,0.));
#9664=DIRECTION('',(0.,1.,0.));
#9665=DIRECTION('',(1.,0.,0.));
#9666=DIRECTION('',(0.,-1.,0.));
#9667=DIRECTION('',(-1.,0.,0.));
#9668=DIRECTION('',(0.,1.,0.));
#9669=DIRECTION('',(1.,0.,0.));
#9670=DIRECTION('',(0.,-1.,0.));
#9671=DIRECTION('',(-1.,0.,0.));
#9672=DIRECTION('',(0.,1.,0.));
#9673=DIRECTION('',(1.,0.,0.));
#9674=DIRECTION('',(0.,-1.,0.));
#9675=DIRECTION('',(-1.,0.,0.));
#9676=DIRECTION('',(0.,1.,0.));
#9677=DIRECTION('',(1.,0.,0.));
#9678=DIRECTION('',(0.,-1.,0.));
#9679=DIRECTION('',(-1.,0.,0.));
#9680=DIRECTION('',(0.,1.,0.));
#9681=DIRECTION('',(1.,0.,0.));
#9682=DIRECTION('',(0.,-1.,0.));
#9683=DIRECTION('',(-1.,0.,0.));
#9684=DIRECTION('',(0.,1.,0.));
#9685=DIRECTION('',(1.,0.,0.));
#9686=DIRECTION('',(0.,-1.,0.));
#9687=DIRECTION('',(-1.,0.,0.));
#9688=DIRECTION('',(0.,1.,0.));
#9689=DIRECTION('',(1.,0.,0.));
#9690=DIRECTION('',(0.,-1.,0.));
#9691=DIRECTION('',(-1.,0.,0.));
#9692=DIRECTION('',(0.,1.,0.));
#9693=DIRECTION('',(1.,0.,0.));
#9694=DIRECTION('',(0.,-1.,0.));
#9695=DIRECTION('',(-1.,0.,0.));
#9696=DIRECTION('',(0.,1.,0.));
#9697=DIRECTION('',(1.,0.,0.));
#9698=DIRECTION('',(0.,-1.,0.));
#9699=DIRECTION('',(-1.,0.,0.));
#9700=DIRECTION('',(0.,1.,0.));
#9701=DIRECTION('',(1.,0.,0.));
#9702=DIRECTION('',(0.,-1.,0.));
#9703=DIRECTION('',(-1.,0.,0.));
#9704=DIRECTION('',(0.,1.,0.));
#9705=DIRECTION('',(1.,0.,0.));
#9706=DIRECTION('',(0.,-1.,0.));
#9707=DIRECTION('',(-1.,0.,0.));
#9708=DIRECTION('',(0.,1.,0.));
#9709=DIRECTION('',(1.,0.,0.));
#9710=DIRECTION('',(0.,-1.,0.));
#9711=DIRECTION('',(-1.,0.,0.));
#9712=DIRECTION('',(0.,1.,0.));
#9713=DIRECTION('',(1.,0.,0.));
#9714=DIRECTION('',(0.,-1.,0.));
#9715=DIRECTION('',(-1.,0.,0.));
#9716=DIRECTION('center_axis',(0.,0.,-1.));
#9717=DIRECTION('ref_axis',(-1.,0.,0.));
#9718=DIRECTION('center_axis',(1.,0.,0.));
#9719=DIRECTION('ref_axis',(0.,0.,-1.));
#9720=DIRECTION('',(0.,0.,-1.));
#9721=DIRECTION('',(0.,0.,1.));
#9722=DIRECTION('center_axis',(0.,0.,1.));
#9723=DIRECTION('ref_axis',(-1.,0.,0.));
#9724=DIRECTION('center_axis',(0.,0.,1.));
#9725=DIRECTION('ref_axis',(-1.,0.,0.));
#9726=DIRECTION('',(0.,0.,1.));
#9727=DIRECTION('center_axis',(1.,0.,0.));
#9728=DIRECTION('ref_axis',(0.,1.,0.));
#9729=DIRECTION('',(0.,1.,0.));
#9730=DIRECTION('',(0.,0.,1.));
#9731=DIRECTION('',(0.,0.,1.));
#9732=DIRECTION('center_axis',(0.,1.,0.));
#9733=DIRECTION('ref_axis',(-1.,0.,0.));
#9734=DIRECTION('',(-1.,0.,0.));
#9735=DIRECTION('',(0.,0.,1.));
#9736=DIRECTION('center_axis',(-1.,0.,0.));
#9737=DIRECTION('ref_axis',(0.,-1.,0.));
#9738=DIRECTION('',(0.,-1.,0.));
#9739=DIRECTION('',(0.,0.,1.));
#9740=DIRECTION('center_axis',(0.,-1.,0.));
#9741=DIRECTION('ref_axis',(1.,0.,0.));
#9742=DIRECTION('',(1.,0.,0.));
#9743=DIRECTION('center_axis',(1.,0.,0.));
#9744=DIRECTION('ref_axis',(0.,1.,0.));
#9745=DIRECTION('',(0.,1.,0.));
#9746=DIRECTION('',(0.,0.,1.));
#9747=DIRECTION('',(0.,0.,1.));
#9748=DIRECTION('center_axis',(0.,1.,0.));
#9749=DIRECTION('ref_axis',(-1.,0.,0.));
#9750=DIRECTION('',(-1.,0.,0.));
#9751=DIRECTION('',(0.,0.,1.));
#9752=DIRECTION('center_axis',(-1.,0.,0.));
#9753=DIRECTION('ref_axis',(0.,-1.,0.));
#9754=DIRECTION('',(0.,-1.,0.));
#9755=DIRECTION('',(0.,0.,1.));
#9756=DIRECTION('center_axis',(0.,-1.,0.));
#9757=DIRECTION('ref_axis',(1.,0.,0.));
#9758=DIRECTION('',(1.,0.,0.));
#9759=DIRECTION('center_axis',(1.,0.,0.));
#9760=DIRECTION('ref_axis',(0.,1.,0.));
#9761=DIRECTION('',(0.,1.,0.));
#9762=DIRECTION('',(0.,0.,1.));
#9763=DIRECTION('',(0.,0.,1.));
#9764=DIRECTION('center_axis',(0.,1.,0.));
#9765=DIRECTION('ref_axis',(-1.,0.,0.));
#9766=DIRECTION('',(-1.,0.,0.));
#9767=DIRECTION('',(0.,0.,1.));
#9768=DIRECTION('center_axis',(-1.,0.,0.));
#9769=DIRECTION('ref_axis',(0.,-1.,0.));
#9770=DIRECTION('',(0.,-1.,0.));
#9771=DIRECTION('',(0.,0.,1.));
#9772=DIRECTION('center_axis',(0.,-1.,0.));
#9773=DIRECTION('ref_axis',(1.,0.,0.));
#9774=DIRECTION('',(1.,0.,0.));
#9775=DIRECTION('center_axis',(1.,0.,0.));
#9776=DIRECTION('ref_axis',(0.,1.,0.));
#9777=DIRECTION('',(0.,1.,0.));
#9778=DIRECTION('',(0.,0.,1.));
#9779=DIRECTION('',(0.,0.,1.));
#9780=DIRECTION('center_axis',(0.,1.,0.));
#9781=DIRECTION('ref_axis',(-1.,0.,0.));
#9782=DIRECTION('',(-1.,0.,0.));
#9783=DIRECTION('',(0.,0.,1.));
#9784=DIRECTION('center_axis',(-1.,0.,0.));
#9785=DIRECTION('ref_axis',(0.,-1.,0.));
#9786=DIRECTION('',(0.,-1.,0.));
#9787=DIRECTION('',(0.,0.,1.));
#9788=DIRECTION('center_axis',(0.,-1.,0.));
#9789=DIRECTION('ref_axis',(1.,0.,0.));
#9790=DIRECTION('',(1.,0.,0.));
#9791=DIRECTION('center_axis',(1.,0.,0.));
#9792=DIRECTION('ref_axis',(0.,1.,0.));
#9793=DIRECTION('',(0.,1.,0.));
#9794=DIRECTION('',(0.,0.,1.));
#9795=DIRECTION('',(0.,0.,1.));
#9796=DIRECTION('center_axis',(0.,1.,0.));
#9797=DIRECTION('ref_axis',(-1.,0.,0.));
#9798=DIRECTION('',(-1.,0.,0.));
#9799=DIRECTION('',(0.,0.,1.));
#9800=DIRECTION('center_axis',(-1.,0.,0.));
#9801=DIRECTION('ref_axis',(0.,-1.,0.));
#9802=DIRECTION('',(0.,-1.,0.));
#9803=DIRECTION('',(0.,0.,1.));
#9804=DIRECTION('center_axis',(0.,-1.,0.));
#9805=DIRECTION('ref_axis',(1.,0.,0.));
#9806=DIRECTION('',(1.,0.,0.));
#9807=DIRECTION('center_axis',(1.,0.,0.));
#9808=DIRECTION('ref_axis',(0.,1.,0.));
#9809=DIRECTION('',(0.,1.,0.));
#9810=DIRECTION('',(0.,0.,1.));
#9811=DIRECTION('',(0.,0.,1.));
#9812=DIRECTION('center_axis',(0.,1.,0.));
#9813=DIRECTION('ref_axis',(-1.,0.,0.));
#9814=DIRECTION('',(-1.,0.,0.));
#9815=DIRECTION('',(0.,0.,1.));
#9816=DIRECTION('center_axis',(-1.,0.,0.));
#9817=DIRECTION('ref_axis',(0.,-1.,0.));
#9818=DIRECTION('',(0.,-1.,0.));
#9819=DIRECTION('',(0.,0.,1.));
#9820=DIRECTION('center_axis',(0.,-1.,0.));
#9821=DIRECTION('ref_axis',(1.,0.,0.));
#9822=DIRECTION('',(1.,0.,0.));
#9823=DIRECTION('center_axis',(1.,0.,0.));
#9824=DIRECTION('ref_axis',(0.,1.,0.));
#9825=DIRECTION('',(0.,1.,0.));
#9826=DIRECTION('',(0.,0.,1.));
#9827=DIRECTION('',(0.,0.,1.));
#9828=DIRECTION('center_axis',(0.,1.,0.));
#9829=DIRECTION('ref_axis',(-1.,0.,0.));
#9830=DIRECTION('',(-1.,0.,0.));
#9831=DIRECTION('',(0.,0.,1.));
#9832=DIRECTION('center_axis',(-1.,0.,0.));
#9833=DIRECTION('ref_axis',(0.,-1.,0.));
#9834=DIRECTION('',(0.,-1.,0.));
#9835=DIRECTION('',(0.,0.,1.));
#9836=DIRECTION('center_axis',(0.,-1.,0.));
#9837=DIRECTION('ref_axis',(1.,0.,0.));
#9838=DIRECTION('',(1.,0.,0.));
#9839=DIRECTION('center_axis',(1.,0.,0.));
#9840=DIRECTION('ref_axis',(0.,1.,0.));
#9841=DIRECTION('',(0.,1.,0.));
#9842=DIRECTION('',(0.,0.,1.));
#9843=DIRECTION('',(0.,0.,1.));
#9844=DIRECTION('center_axis',(0.,1.,0.));
#9845=DIRECTION('ref_axis',(-1.,0.,0.));
#9846=DIRECTION('',(-1.,0.,0.));
#9847=DIRECTION('',(0.,0.,1.));
#9848=DIRECTION('center_axis',(-1.,0.,0.));
#9849=DIRECTION('ref_axis',(0.,-1.,0.));
#9850=DIRECTION('',(0.,-1.,0.));
#9851=DIRECTION('',(0.,0.,1.));
#9852=DIRECTION('center_axis',(0.,-1.,0.));
#9853=DIRECTION('ref_axis',(1.,0.,0.));
#9854=DIRECTION('',(1.,0.,0.));
#9855=DIRECTION('center_axis',(1.,0.,0.));
#9856=DIRECTION('ref_axis',(0.,1.,0.));
#9857=DIRECTION('',(0.,1.,0.));
#9858=DIRECTION('',(0.,0.,1.));
#9859=DIRECTION('',(0.,0.,1.));
#9860=DIRECTION('center_axis',(0.,1.,0.));
#9861=DIRECTION('ref_axis',(-1.,0.,0.));
#9862=DIRECTION('',(-1.,0.,0.));
#9863=DIRECTION('',(0.,0.,1.));
#9864=DIRECTION('center_axis',(-1.,0.,0.));
#9865=DIRECTION('ref_axis',(0.,-1.,0.));
#9866=DIRECTION('',(0.,-1.,0.));
#9867=DIRECTION('',(0.,0.,1.));
#9868=DIRECTION('center_axis',(0.,-1.,0.));
#9869=DIRECTION('ref_axis',(1.,0.,0.));
#9870=DIRECTION('',(1.,0.,0.));
#9871=DIRECTION('center_axis',(1.,0.,0.));
#9872=DIRECTION('ref_axis',(0.,1.,0.));
#9873=DIRECTION('',(0.,1.,0.));
#9874=DIRECTION('',(0.,0.,1.));
#9875=DIRECTION('',(0.,0.,1.));
#9876=DIRECTION('center_axis',(0.,1.,0.));
#9877=DIRECTION('ref_axis',(-1.,0.,0.));
#9878=DIRECTION('',(-1.,0.,0.));
#9879=DIRECTION('',(0.,0.,1.));
#9880=DIRECTION('center_axis',(-1.,0.,0.));
#9881=DIRECTION('ref_axis',(0.,-1.,0.));
#9882=DIRECTION('',(0.,-1.,0.));
#9883=DIRECTION('',(0.,0.,1.));
#9884=DIRECTION('center_axis',(0.,-1.,0.));
#9885=DIRECTION('ref_axis',(1.,0.,0.));
#9886=DIRECTION('',(1.,0.,0.));
#9887=DIRECTION('center_axis',(1.,0.,0.));
#9888=DIRECTION('ref_axis',(0.,1.,0.));
#9889=DIRECTION('',(0.,1.,0.));
#9890=DIRECTION('',(0.,0.,1.));
#9891=DIRECTION('',(0.,0.,1.));
#9892=DIRECTION('center_axis',(0.,1.,0.));
#9893=DIRECTION('ref_axis',(-1.,0.,0.));
#9894=DIRECTION('',(-1.,0.,0.));
#9895=DIRECTION('',(0.,0.,1.));
#9896=DIRECTION('center_axis',(-1.,0.,0.));
#9897=DIRECTION('ref_axis',(0.,-1.,0.));
#9898=DIRECTION('',(0.,-1.,0.));
#9899=DIRECTION('',(0.,0.,1.));
#9900=DIRECTION('center_axis',(0.,-1.,0.));
#9901=DIRECTION('ref_axis',(1.,0.,0.));
#9902=DIRECTION('',(1.,0.,0.));
#9903=DIRECTION('center_axis',(1.,0.,0.));
#9904=DIRECTION('ref_axis',(0.,1.,0.));
#9905=DIRECTION('',(0.,1.,0.));
#9906=DIRECTION('',(0.,0.,1.));
#9907=DIRECTION('',(0.,0.,1.));
#9908=DIRECTION('center_axis',(0.,1.,0.));
#9909=DIRECTION('ref_axis',(-1.,0.,0.));
#9910=DIRECTION('',(-1.,0.,0.));
#9911=DIRECTION('',(0.,0.,1.));
#9912=DIRECTION('center_axis',(-1.,0.,0.));
#9913=DIRECTION('ref_axis',(0.,-1.,0.));
#9914=DIRECTION('',(0.,-1.,0.));
#9915=DIRECTION('',(0.,0.,1.));
#9916=DIRECTION('center_axis',(0.,-1.,0.));
#9917=DIRECTION('ref_axis',(1.,0.,0.));
#9918=DIRECTION('',(1.,0.,0.));
#9919=DIRECTION('center_axis',(1.,0.,0.));
#9920=DIRECTION('ref_axis',(0.,1.,0.));
#9921=DIRECTION('',(0.,1.,0.));
#9922=DIRECTION('',(0.,0.,1.));
#9923=DIRECTION('',(0.,0.,1.));
#9924=DIRECTION('center_axis',(0.,1.,0.));
#9925=DIRECTION('ref_axis',(-1.,0.,0.));
#9926=DIRECTION('',(-1.,0.,0.));
#9927=DIRECTION('',(0.,0.,1.));
#9928=DIRECTION('center_axis',(-1.,0.,0.));
#9929=DIRECTION('ref_axis',(0.,-1.,0.));
#9930=DIRECTION('',(0.,-1.,0.));
#9931=DIRECTION('',(0.,0.,1.));
#9932=DIRECTION('center_axis',(0.,-1.,0.));
#9933=DIRECTION('ref_axis',(1.,0.,0.));
#9934=DIRECTION('',(1.,0.,0.));
#9935=DIRECTION('center_axis',(1.,0.,0.));
#9936=DIRECTION('ref_axis',(0.,1.,0.));
#9937=DIRECTION('',(0.,1.,0.));
#9938=DIRECTION('',(0.,0.,1.));
#9939=DIRECTION('',(0.,0.,1.));
#9940=DIRECTION('center_axis',(0.,1.,0.));
#9941=DIRECTION('ref_axis',(-1.,0.,0.));
#9942=DIRECTION('',(-1.,0.,0.));
#9943=DIRECTION('',(0.,0.,1.));
#9944=DIRECTION('center_axis',(-1.,0.,0.));
#9945=DIRECTION('ref_axis',(0.,-1.,0.));
#9946=DIRECTION('',(0.,-1.,0.));
#9947=DIRECTION('',(0.,0.,1.));
#9948=DIRECTION('center_axis',(0.,-1.,0.));
#9949=DIRECTION('ref_axis',(1.,0.,0.));
#9950=DIRECTION('',(1.,0.,0.));
#9951=DIRECTION('center_axis',(1.,0.,0.));
#9952=DIRECTION('ref_axis',(0.,1.,0.));
#9953=DIRECTION('',(0.,1.,0.));
#9954=DIRECTION('',(0.,0.,1.));
#9955=DIRECTION('',(0.,0.,1.));
#9956=DIRECTION('center_axis',(0.,1.,0.));
#9957=DIRECTION('ref_axis',(-1.,0.,0.));
#9958=DIRECTION('',(-1.,0.,0.));
#9959=DIRECTION('',(0.,0.,1.));
#9960=DIRECTION('center_axis',(-1.,0.,0.));
#9961=DIRECTION('ref_axis',(0.,-1.,0.));
#9962=DIRECTION('',(0.,-1.,0.));
#9963=DIRECTION('',(0.,0.,1.));
#9964=DIRECTION('center_axis',(0.,-1.,0.));
#9965=DIRECTION('ref_axis',(1.,0.,0.));
#9966=DIRECTION('',(1.,0.,0.));
#9967=DIRECTION('center_axis',(1.,0.,0.));
#9968=DIRECTION('ref_axis',(0.,1.,0.));
#9969=DIRECTION('',(0.,1.,0.));
#9970=DIRECTION('',(0.,0.,1.));
#9971=DIRECTION('',(0.,0.,1.));
#9972=DIRECTION('center_axis',(0.,1.,0.));
#9973=DIRECTION('ref_axis',(-1.,0.,0.));
#9974=DIRECTION('',(-1.,0.,0.));
#9975=DIRECTION('',(0.,0.,1.));
#9976=DIRECTION('center_axis',(-1.,0.,0.));
#9977=DIRECTION('ref_axis',(0.,-1.,0.));
#9978=DIRECTION('',(0.,-1.,0.));
#9979=DIRECTION('',(0.,0.,1.));
#9980=DIRECTION('center_axis',(0.,-1.,0.));
#9981=DIRECTION('ref_axis',(1.,0.,0.));
#9982=DIRECTION('',(1.,0.,0.));
#9983=DIRECTION('center_axis',(0.,0.,1.));
#9984=DIRECTION('ref_axis',(-1.,0.,0.));
#9985=DIRECTION('',(1.,0.,0.));
#9986=DIRECTION('',(0.,-1.,0.));
#9987=DIRECTION('',(-1.,0.,0.));
#9988=DIRECTION('',(0.,1.,0.));
#9989=DIRECTION('',(1.,0.,0.));
#9990=DIRECTION('',(0.664126742446692,-0.747620003723245,0.));
#9991=DIRECTION('center_axis',(0.,-1.,0.));
#9992=DIRECTION('ref_axis',(1.,0.,0.));
#9993=DIRECTION('',(1.,0.,0.));
#9994=DIRECTION('',(0.,0.,1.));
#9995=DIRECTION('',(0.,0.,1.));
#9996=DIRECTION('center_axis',(-0.747620003723245,-0.664126742446692,0.));
#9997=DIRECTION('ref_axis',(0.664126742446692,-0.747620003723245,0.));
#9998=DIRECTION('',(0.664126742446692,-0.747620003723245,0.));
#9999=DIRECTION('',(0.,0.,1.));
#10000=DIRECTION('center_axis',(0.,-1.,0.));
#10001=DIRECTION('ref_axis',(1.,0.,0.));
#10002=DIRECTION('',(1.,0.,0.));
#10003=DIRECTION('',(0.,0.,1.));
#10004=DIRECTION('center_axis',(1.,0.,0.));
#10005=DIRECTION('ref_axis',(0.,1.,0.));
#10006=DIRECTION('',(0.,1.,0.));
#10007=DIRECTION('',(0.,0.,1.));
#10008=DIRECTION('center_axis',(0.,1.,0.));
#10009=DIRECTION('ref_axis',(-1.,0.,0.));
#10010=DIRECTION('',(-1.,0.,0.));
#10011=DIRECTION('',(0.,0.,1.));
#10012=DIRECTION('center_axis',(-1.,0.,0.));
#10013=DIRECTION('ref_axis',(0.,-1.,0.));
#10014=DIRECTION('',(0.,-1.,0.));
#10015=DIRECTION('center_axis',(-1.,0.,0.));
#10016=DIRECTION('ref_axis',(0.,-1.,0.));
#10017=DIRECTION('',(0.,0.,1.));
#10018=DIRECTION('',(0.,1.,0.));
#10019=DIRECTION('center_axis',(0.,1.,0.));
#10020=DIRECTION('ref_axis',(-1.,0.,0.));
#10021=DIRECTION('',(0.,0.,1.));
#10022=DIRECTION('',(-1.,0.,0.));
#10023=DIRECTION('center_axis',(0.747307585327278,0.664478271211567,0.));
#10024=DIRECTION('ref_axis',(-0.664478271211567,0.747307585327278,0.));
#10025=DIRECTION('',(0.,0.,1.));
#10026=DIRECTION('',(-0.664478271211567,0.747307585327278,0.));
#10027=DIRECTION('center_axis',(6.1491483442078E-5,0.999999998109399,0.));
#10028=DIRECTION('ref_axis',(-0.999999998109399,6.1491483442078E-5,0.));
#10029=DIRECTION('',(-0.999999998109399,6.1491483442078E-5,0.));
#10030=DIRECTION('center_axis',(0.,0.,1.));
#10031=DIRECTION('ref_axis',(-1.,0.,0.));
#10032=DIRECTION('center_axis',(0.951056516295154,0.309016994374948,0.));
#10033=DIRECTION('ref_axis',(0.,0.,-1.));
#10034=DIRECTION('',(0.,0.,1.));
#10035=DIRECTION('center_axis',(-0.951056516295154,-0.309016994374948,0.));
#10036=DIRECTION('ref_axis',(-0.21850801222441,0.672498511963955,-0.70710678118655));
#10037=DIRECTION('',(0.,0.,1.));
#10038=DIRECTION('center_axis',(-0.951056516295154,-0.309016994374948,0.));
#10039=DIRECTION('ref_axis',(-0.218508012224409,0.672498511963952,0.707106781186553));
#10040=DIRECTION('center_axis',(-0.951056516295154,-0.309016994374948,0.));
#10041=DIRECTION('ref_axis',(-0.21850801222441,0.672498511963955,-0.70710678118655));
#10042=DIRECTION('center_axis',(0.951056516295154,0.309016994374948,0.));
#10043=DIRECTION('ref_axis',(-0.21850801222441,0.672498511963955,-0.70710678118655));
#10044=DIRECTION('',(0.951056516295154,0.309016994374948,0.));
#10045=DIRECTION('center_axis',(-0.951056516295154,-0.309016994374948,0.));
#10046=DIRECTION('ref_axis',(-0.218508012224409,0.672498511963952,0.707106781186553));
#10047=DIRECTION('',(-0.951056516295154,-0.309016994374948,0.));
#10048=DIRECTION('center_axis',(0.951056516295154,0.309016994374948,0.));
#10049=DIRECTION('ref_axis',(-0.218508012224409,0.672498511963952,0.707106781186553));
#10050=DIRECTION('center_axis',(-0.951056516295154,-0.309016994374948,0.));
#10051=DIRECTION('ref_axis',(-6.59764960876713E-18,2.03054775849533E-17,
1.));
#10052=DIRECTION('',(-6.59764960876713E-18,2.03054775849533E-17,1.));
#10053=DIRECTION('',(0.,0.,-1.));
#10054=DIRECTION('center_axis',(-0.309016994374948,0.951056516295154,0.));
#10055=DIRECTION('ref_axis',(0.,0.,1.));
#10056=DIRECTION('center_axis',(0.,0.,1.));
#10057=DIRECTION('ref_axis',(1.,0.,0.));
#10058=DIRECTION('center_axis',(0.,0.,-1.));
#10059=DIRECTION('ref_axis',(-1.,0.,0.));
#10060=DIRECTION('center_axis',(0.,-1.,0.));
#10061=DIRECTION('ref_axis',(-1.,0.,0.));
#10062=DIRECTION('center_axis',(0.,0.,1.));
#10063=DIRECTION('ref_axis',(-1.,0.,0.));
#10064=DIRECTION('center_axis',(0.,0.,1.));
#10065=DIRECTION('ref_axis',(-1.,0.,0.));
#10066=DIRECTION('center_axis',(0.,0.,1.));
#10067=DIRECTION('ref_axis',(-1.,0.,0.));
#10068=DIRECTION('center_axis',(0.,0.,1.));
#10069=DIRECTION('ref_axis',(-1.,0.,0.));
#10070=DIRECTION('center_axis',(0.,0.,1.));
#10071=DIRECTION('ref_axis',(-1.,0.,0.));
#10072=DIRECTION('center_axis',(0.,0.,1.));
#10073=DIRECTION('ref_axis',(-1.,0.,0.));
#10074=DIRECTION('center_axis',(0.,0.,1.));
#10075=DIRECTION('ref_axis',(-1.,0.,0.));
#10076=DIRECTION('center_axis',(0.,0.,1.));
#10077=DIRECTION('ref_axis',(-1.,0.,0.));
#10078=DIRECTION('center_axis',(0.,0.,1.));
#10079=DIRECTION('ref_axis',(-1.,0.,0.));
#10080=DIRECTION('center_axis',(0.,0.,1.));
#10081=DIRECTION('ref_axis',(-1.,0.,0.));
#10082=DIRECTION('center_axis',(0.,0.,1.));
#10083=DIRECTION('ref_axis',(-1.,0.,0.));
#10084=DIRECTION('center_axis',(0.,0.,1.));
#10085=DIRECTION('ref_axis',(-1.,0.,0.));
#10086=DIRECTION('center_axis',(0.,0.,1.));
#10087=DIRECTION('ref_axis',(-1.,0.,0.));
#10088=DIRECTION('center_axis',(0.,0.,1.));
#10089=DIRECTION('ref_axis',(-1.,0.,0.));
#10090=DIRECTION('center_axis',(0.,0.,1.));
#10091=DIRECTION('ref_axis',(-1.,0.,0.));
#10092=DIRECTION('center_axis',(0.,0.,1.));
#10093=DIRECTION('ref_axis',(-1.,0.,0.));
#10094=DIRECTION('center_axis',(0.,0.,1.));
#10095=DIRECTION('ref_axis',(-1.,0.,0.));
#10096=DIRECTION('center_axis',(0.,0.,1.));
#10097=DIRECTION('ref_axis',(-1.,0.,0.));
#10098=DIRECTION('center_axis',(0.,0.,1.));
#10099=DIRECTION('ref_axis',(-1.,0.,0.));
#10100=DIRECTION('center_axis',(0.,0.,1.));
#10101=DIRECTION('ref_axis',(-1.,0.,0.));
#10102=DIRECTION('center_axis',(0.,0.,1.));
#10103=DIRECTION('ref_axis',(-1.,0.,0.));
#10104=DIRECTION('center_axis',(0.,0.,1.));
#10105=DIRECTION('ref_axis',(-1.,0.,0.));
#10106=DIRECTION('center_axis',(0.,0.,1.));
#10107=DIRECTION('ref_axis',(-1.,0.,0.));
#10108=DIRECTION('center_axis',(0.,0.,1.));
#10109=DIRECTION('ref_axis',(-1.,0.,0.));
#10110=DIRECTION('center_axis',(0.,0.,1.));
#10111=DIRECTION('ref_axis',(-1.,0.,0.));
#10112=DIRECTION('center_axis',(0.,0.,1.));
#10113=DIRECTION('ref_axis',(-1.,0.,0.));
#10114=DIRECTION('center_axis',(0.,0.,1.));
#10115=DIRECTION('ref_axis',(-1.,0.,0.));
#10116=DIRECTION('center_axis',(0.,0.,1.));
#10117=DIRECTION('ref_axis',(-1.,0.,0.));
#10118=DIRECTION('center_axis',(0.,0.,1.));
#10119=DIRECTION('ref_axis',(-1.,0.,0.));
#10120=DIRECTION('center_axis',(0.,0.,1.));
#10121=DIRECTION('ref_axis',(-1.,0.,0.));
#10122=DIRECTION('center_axis',(0.,0.,1.));
#10123=DIRECTION('ref_axis',(-1.,0.,0.));
#10124=DIRECTION('center_axis',(0.,0.,1.));
#10125=DIRECTION('ref_axis',(-1.,0.,0.));
#10126=DIRECTION('center_axis',(0.,0.,1.));
#10127=DIRECTION('ref_axis',(-1.,0.,0.));
#10128=DIRECTION('center_axis',(0.,0.,1.));
#10129=DIRECTION('ref_axis',(-1.,0.,0.));
#10130=DIRECTION('center_axis',(0.,0.,1.));
#10131=DIRECTION('ref_axis',(-1.,0.,0.));
#10132=DIRECTION('center_axis',(0.,0.,1.));
#10133=DIRECTION('ref_axis',(-1.,0.,0.));
#10134=DIRECTION('center_axis',(0.,0.,1.));
#10135=DIRECTION('ref_axis',(-1.,0.,0.));
#10136=DIRECTION('center_axis',(0.,0.,1.));
#10137=DIRECTION('ref_axis',(-1.,0.,0.));
#10138=DIRECTION('center_axis',(0.,0.,1.));
#10139=DIRECTION('ref_axis',(-1.,0.,0.));
#10140=DIRECTION('center_axis',(0.,0.,1.));
#10141=DIRECTION('ref_axis',(-1.,0.,0.));
#10142=DIRECTION('center_axis',(0.,0.,1.));
#10143=DIRECTION('ref_axis',(-1.,0.,0.));
#10144=DIRECTION('center_axis',(0.,0.,1.));
#10145=DIRECTION('ref_axis',(-1.,0.,0.));
#10146=DIRECTION('center_axis',(0.,0.,1.));
#10147=DIRECTION('ref_axis',(-1.,0.,0.));
#10148=DIRECTION('center_axis',(0.,0.,1.));
#10149=DIRECTION('ref_axis',(-1.,0.,0.));
#10150=DIRECTION('center_axis',(0.,0.,1.));
#10151=DIRECTION('ref_axis',(-1.,0.,0.));
#10152=DIRECTION('center_axis',(0.,0.,-1.));
#10153=DIRECTION('ref_axis',(-1.,0.,0.));
#10154=DIRECTION('center_axis',(0.,0.,-1.));
#10155=DIRECTION('ref_axis',(-1.,0.,0.));
#10156=DIRECTION('',(0.,0.,1.));
#10157=DIRECTION('center_axis',(0.,0.,-1.));
#10158=DIRECTION('ref_axis',(-1.,0.,0.));
#10159=DIRECTION('center_axis',(0.,0.,1.));
#10160=DIRECTION('ref_axis',(-1.,0.,0.));
#10161=DIRECTION('center_axis',(0.,-1.,0.));
#10162=DIRECTION('ref_axis',(1.,0.,0.));
#10163=DIRECTION('center_axis',(0.,0.,-1.));
#10164=DIRECTION('ref_axis',(-1.,0.,0.));
#10165=DIRECTION('center_axis',(0.,0.,-1.));
#10166=DIRECTION('ref_axis',(-1.,0.,0.));
#10167=DIRECTION('center_axis',(0.,0.,-1.));
#10168=DIRECTION('ref_axis',(-1.,0.,0.));
#10169=DIRECTION('center_axis',(0.,0.,-1.));
#10170=DIRECTION('ref_axis',(-1.,0.,0.));
#10171=DIRECTION('center_axis',(0.,0.,-1.));
#10172=DIRECTION('ref_axis',(-1.,0.,0.));
#10173=DIRECTION('center_axis',(0.,0.,-1.));
#10174=DIRECTION('ref_axis',(-1.,0.,0.));
#10175=DIRECTION('center_axis',(0.,0.,-1.));
#10176=DIRECTION('ref_axis',(-1.,0.,0.));
#10177=DIRECTION('center_axis',(0.,0.,-1.));
#10178=DIRECTION('ref_axis',(-1.,0.,0.));
#10179=DIRECTION('center_axis',(0.,0.,-1.));
#10180=DIRECTION('ref_axis',(-1.,0.,0.));
#10181=DIRECTION('center_axis',(0.,0.,-1.));
#10182=DIRECTION('ref_axis',(-1.,0.,0.));
#10183=DIRECTION('center_axis',(0.,0.,-1.));
#10184=DIRECTION('ref_axis',(-1.,0.,0.));
#10185=DIRECTION('center_axis',(0.,0.,-1.));
#10186=DIRECTION('ref_axis',(-1.,0.,0.));
#10187=DIRECTION('center_axis',(0.,0.,-1.));
#10188=DIRECTION('ref_axis',(-1.,0.,0.));
#10189=DIRECTION('center_axis',(0.,0.,-1.));
#10190=DIRECTION('ref_axis',(-1.,0.,0.));
#10191=DIRECTION('center_axis',(0.,0.,-1.));
#10192=DIRECTION('ref_axis',(-1.,0.,0.));
#10193=DIRECTION('center_axis',(0.,0.,-1.));
#10194=DIRECTION('ref_axis',(-1.,0.,0.));
#10195=DIRECTION('center_axis',(0.,0.,-1.));
#10196=DIRECTION('ref_axis',(-1.,0.,0.));
#10197=DIRECTION('center_axis',(0.,0.,-1.));
#10198=DIRECTION('ref_axis',(-1.,0.,0.));
#10199=DIRECTION('center_axis',(0.,0.,-1.));
#10200=DIRECTION('ref_axis',(-1.,0.,0.));
#10201=DIRECTION('center_axis',(0.,0.,-1.));
#10202=DIRECTION('ref_axis',(-1.,0.,0.));
#10203=DIRECTION('center_axis',(0.,0.,-1.));
#10204=DIRECTION('ref_axis',(-1.,0.,0.));
#10205=DIRECTION('center_axis',(0.,0.,-1.));
#10206=DIRECTION('ref_axis',(-1.,0.,0.));
#10207=DIRECTION('center_axis',(0.,0.,-1.));
#10208=DIRECTION('ref_axis',(-1.,0.,0.));
#10209=DIRECTION('center_axis',(0.,0.,-1.));
#10210=DIRECTION('ref_axis',(-1.,0.,0.));
#10211=DIRECTION('center_axis',(0.,0.,-1.));
#10212=DIRECTION('ref_axis',(-1.,0.,0.));
#10213=DIRECTION('center_axis',(0.,0.,-1.));
#10214=DIRECTION('ref_axis',(-1.,0.,0.));
#10215=DIRECTION('center_axis',(0.,0.,-1.));
#10216=DIRECTION('ref_axis',(-1.,0.,0.));
#10217=DIRECTION('center_axis',(0.,0.,-1.));
#10218=DIRECTION('ref_axis',(-1.,0.,0.));
#10219=DIRECTION('center_axis',(0.,0.,-1.));
#10220=DIRECTION('ref_axis',(-1.,0.,0.));
#10221=DIRECTION('center_axis',(0.,0.,-1.));
#10222=DIRECTION('ref_axis',(-1.,0.,0.));
#10223=DIRECTION('center_axis',(0.,0.,-1.));
#10224=DIRECTION('ref_axis',(-1.,0.,0.));
#10225=DIRECTION('center_axis',(0.,0.,-1.));
#10226=DIRECTION('ref_axis',(-1.,0.,0.));
#10227=DIRECTION('center_axis',(0.,0.,-1.));
#10228=DIRECTION('ref_axis',(-1.,0.,0.));
#10229=DIRECTION('center_axis',(0.,0.,-1.));
#10230=DIRECTION('ref_axis',(-1.,0.,0.));
#10231=DIRECTION('center_axis',(0.,0.,-1.));
#10232=DIRECTION('ref_axis',(-1.,0.,0.));
#10233=DIRECTION('center_axis',(0.,0.,-1.));
#10234=DIRECTION('ref_axis',(-1.,0.,0.));
#10235=DIRECTION('center_axis',(0.,0.,-1.));
#10236=DIRECTION('ref_axis',(-1.,0.,0.));
#10237=DIRECTION('center_axis',(0.,0.,-1.));
#10238=DIRECTION('ref_axis',(-1.,0.,0.));
#10239=DIRECTION('center_axis',(0.,0.,-1.));
#10240=DIRECTION('ref_axis',(-1.,0.,0.));
#10241=DIRECTION('center_axis',(0.,0.,-1.));
#10242=DIRECTION('ref_axis',(-1.,0.,0.));
#10243=DIRECTION('center_axis',(0.,0.,-1.));
#10244=DIRECTION('ref_axis',(-1.,0.,0.));
#10245=DIRECTION('center_axis',(0.,0.,-1.));
#10246=DIRECTION('ref_axis',(-1.,0.,0.));
#10247=DIRECTION('center_axis',(0.,0.,-1.));
#10248=DIRECTION('ref_axis',(-1.,0.,0.));
#10249=DIRECTION('center_axis',(0.,0.,-1.));
#10250=DIRECTION('ref_axis',(-1.,0.,0.));
#10251=DIRECTION('center_axis',(0.,0.,-1.));
#10252=DIRECTION('ref_axis',(-1.,0.,0.));
#10253=DIRECTION('center_axis',(0.743144825477394,0.669130606358858,0.));
#10254=DIRECTION('ref_axis',(0.,0.,-1.));
#10255=DIRECTION('',(0.,0.,1.));
#10256=DIRECTION('center_axis',(-0.743144825477394,-0.669130606358858,0.));
#10257=DIRECTION('ref_axis',(-0.473146789255814,0.525482745498757,-0.707106781186549));
#10258=DIRECTION('',(0.,0.,1.));
#10259=DIRECTION('center_axis',(-0.743144825477394,-0.669130606358858,0.));
#10260=DIRECTION('ref_axis',(-0.473146789255812,0.525482745498755,0.707106781186553));
#10261=DIRECTION('center_axis',(-0.743144825477394,-0.669130606358858,0.));
#10262=DIRECTION('ref_axis',(-0.473146789255814,0.525482745498757,-0.707106781186549));
#10263=DIRECTION('center_axis',(0.743144825477394,0.669130606358858,0.));
#10264=DIRECTION('ref_axis',(-0.473146789255814,0.525482745498757,-0.707106781186549));
#10265=DIRECTION('',(0.743144825477394,0.669130606358858,0.));
#10266=DIRECTION('center_axis',(-0.743144825477394,-0.669130606358858,0.));
#10267=DIRECTION('ref_axis',(-0.473146789255812,0.525482745498755,0.707106781186553));
#10268=DIRECTION('',(-0.743144825477394,-0.669130606358858,0.));
#10269=DIRECTION('center_axis',(0.743144825477394,0.669130606358858,0.));
#10270=DIRECTION('ref_axis',(-0.473146789255812,0.525482745498755,0.707106781186553));
#10271=DIRECTION('center_axis',(-0.743144825477394,-0.669130606358858,0.));
#10272=DIRECTION('ref_axis',(-1.42862346201615E-17,1.58664709589375E-17,
1.));
#10273=DIRECTION('',(-1.42862346201615E-17,1.58664709589375E-17,1.));
#10274=DIRECTION('',(0.,0.,-1.));
#10275=DIRECTION('center_axis',(-0.669130606358858,0.743144825477394,0.));
#10276=DIRECTION('ref_axis',(0.,0.,1.));
#10277=DIRECTION('center_axis',(0.,0.,-1.));
#10278=DIRECTION('ref_axis',(-1.,0.,0.));
#10279=DIRECTION('',(0.,0.,1.));
#10280=DIRECTION('center_axis',(0.642787609686539,0.766044443118978,0.));
#10281=DIRECTION('ref_axis',(0.,0.,-1.));
#10282=DIRECTION('center_axis',(-0.642787609686539,-0.766044443118978,0.));
#10283=DIRECTION('ref_axis',(-0.5416752204197,0.454519477672042,-0.707106781186549));
#10284=DIRECTION('',(0.,0.,1.));
#10285=DIRECTION('center_axis',(-0.642787609686539,-0.766044443118978,0.));
#10286=DIRECTION('ref_axis',(-0.541675220419698,0.45451947767204,0.707106781186553));
#10287=DIRECTION('center_axis',(-0.642787609686539,-0.766044443118978,0.));
#10288=DIRECTION('ref_axis',(-0.5416752204197,0.454519477672042,-0.707106781186549));
#10289=DIRECTION('center_axis',(0.642787609686539,0.766044443118978,0.));
#10290=DIRECTION('ref_axis',(-0.5416752204197,0.454519477672042,-0.707106781186549));
#10291=DIRECTION('',(0.642787609686539,0.766044443118978,0.));
#10292=DIRECTION('center_axis',(-0.642787609686539,-0.766044443118978,0.));
#10293=DIRECTION('ref_axis',(-0.541675220419698,0.45451947767204,0.707106781186553));
#10294=DIRECTION('',(-0.642787609686539,-0.766044443118978,0.));
#10295=DIRECTION('center_axis',(0.642787609686539,0.766044443118978,0.));
#10296=DIRECTION('ref_axis',(-0.541675220419698,0.45451947767204,0.707106781186553));
#10297=DIRECTION('center_axis',(-0.642787609686539,-0.766044443118978,0.));
#10298=DIRECTION('ref_axis',(-1.63553879315445E-17,1.37237999811203E-17,
1.));
#10299=DIRECTION('',(-1.63553879315445E-17,1.37237999811203E-17,1.));
#10300=DIRECTION('',(0.,0.,-1.));
#10301=DIRECTION('center_axis',(-0.766044443118978,0.642787609686539,0.));
#10302=DIRECTION('ref_axis',(0.,0.,1.));
#10303=DIRECTION('center_axis',(0.,0.,-1.));
#10304=DIRECTION('ref_axis',(-1.,0.,0.));
#10305=DIRECTION('',(0.,0.,1.));
#10306=DIRECTION('center_axis',(0.999390827019096,0.0348994967025011,0.));
#10307=DIRECTION('ref_axis',(0.,0.,-1.));
#10308=DIRECTION('',(0.,0.,1.));
#10309=DIRECTION('center_axis',(-0.999390827019096,-0.0348994967025011,
0.));
#10310=DIRECTION('ref_axis',(-0.024677670778336,0.706676030840833,-0.707106781186549));
#10311=DIRECTION('',(0.,0.,1.));
#10312=DIRECTION('center_axis',(-0.999390827019096,-0.0348994967025011,
0.));
#10313=DIRECTION('ref_axis',(-0.0246776707783359,0.706676030840829,0.707106781186553));
#10314=DIRECTION('center_axis',(-0.999390827019096,-0.0348994967025011,
0.));
#10315=DIRECTION('ref_axis',(-0.024677670778336,0.706676030840833,-0.707106781186549));
#10316=DIRECTION('center_axis',(0.999390827019096,0.0348994967025011,0.));
#10317=DIRECTION('ref_axis',(-0.024677670778336,0.706676030840833,-0.707106781186549));
#10318=DIRECTION('',(0.999390827019096,0.0348994967025011,0.));
#10319=DIRECTION('center_axis',(-0.999390827019096,-0.0348994967025011,
0.));
#10320=DIRECTION('ref_axis',(-0.0246776707783359,0.706676030840829,0.707106781186553));
#10321=DIRECTION('',(-0.999390827019096,-0.0348994967025011,0.));
#10322=DIRECTION('center_axis',(0.999390827019096,0.0348994967025011,0.));
#10323=DIRECTION('ref_axis',(-0.0246776707783359,0.706676030840829,0.707106781186553));
#10324=DIRECTION('center_axis',(-0.999390827019096,-0.0348994967025011,
0.));
#10325=DIRECTION('ref_axis',(-7.45119702012392E-19,2.13374365129174E-17,
1.));
#10326=DIRECTION('',(-7.45119702012392E-19,2.13374365129174E-17,1.));
#10327=DIRECTION('',(0.,0.,-1.));
#10328=DIRECTION('center_axis',(-0.0348994967025011,0.999390827019096,0.));
#10329=DIRECTION('ref_axis',(0.,0.,1.));
#10330=DIRECTION('center_axis',(0.,0.,-1.));
#10331=DIRECTION('ref_axis',(-1.,0.,0.));
#10332=DIRECTION('',(0.,0.,1.));
#10333=DIRECTION('center_axis',(0.984807753012208,0.17364817766693,0.));
#10334=DIRECTION('ref_axis',(0.,0.,-1.));
#10335=DIRECTION('center_axis',(-0.984807753012208,-0.17364817766693,0.));
#10336=DIRECTION('ref_axis',(-0.122787803968973,0.696364240320017,-0.70710678118655));
#10337=DIRECTION('',(0.,0.,1.));
#10338=DIRECTION('center_axis',(-0.984807753012208,-0.17364817766693,0.));
#10339=DIRECTION('ref_axis',(-0.122787803968972,0.696364240320014,0.707106781186553));
#10340=DIRECTION('center_axis',(-0.984807753012208,-0.17364817766693,0.));
#10341=DIRECTION('ref_axis',(-0.122787803968973,0.696364240320017,-0.70710678118655));
#10342=DIRECTION('center_axis',(0.984807753012208,0.17364817766693,0.));
#10343=DIRECTION('ref_axis',(-0.122787803968973,0.696364240320017,-0.70710678118655));
#10344=DIRECTION('',(0.984807753012208,0.17364817766693,0.));
#10345=DIRECTION('center_axis',(-0.984807753012208,-0.17364817766693,0.));
#10346=DIRECTION('ref_axis',(-0.122787803968972,0.696364240320014,0.707106781186553));
#10347=DIRECTION('',(-0.984807753012208,-0.17364817766693,0.));
#10348=DIRECTION('center_axis',(0.984807753012208,0.17364817766693,0.));
#10349=DIRECTION('ref_axis',(-0.122787803968972,0.696364240320014,0.707106781186553));
#10350=DIRECTION('center_axis',(-0.984807753012208,-0.17364817766693,0.));
#10351=DIRECTION('ref_axis',(-3.70746545433434E-18,2.10260814280271E-17,
1.));
#10352=DIRECTION('',(-3.70746545433434E-18,2.10260814280271E-17,1.));
#10353=DIRECTION('',(0.,0.,-1.));
#10354=DIRECTION('center_axis',(-0.17364817766693,0.984807753012208,0.));
#10355=DIRECTION('ref_axis',(0.,0.,1.));
#10356=DIRECTION('center_axis',(0.,0.,-1.));
#10357=DIRECTION('ref_axis',(-1.,0.,0.));
#10358=DIRECTION('center_axis',(0.829037572555042,0.559192903470747,0.));
#10359=DIRECTION('ref_axis',(0.,0.,-1.));
#10360=DIRECTION('',(0.,0.,1.));
#10361=DIRECTION('center_axis',(-0.829037572555042,-0.559192903470747,0.));
#10362=DIRECTION('ref_axis',(-0.395409094035558,0.586218089412103,-0.707106781186549));
#10363=DIRECTION('',(0.,0.,1.));
#10364=DIRECTION('center_axis',(-0.829037572555042,-0.559192903470747,0.));
#10365=DIRECTION('ref_axis',(-0.395409094035557,0.5862180894121,0.707106781186553));
#10366=DIRECTION('center_axis',(-0.829037572555042,-0.559192903470747,0.));
#10367=DIRECTION('ref_axis',(-0.395409094035558,0.586218089412103,-0.707106781186549));
#10368=DIRECTION('center_axis',(0.829037572555042,0.559192903470747,0.));
#10369=DIRECTION('ref_axis',(-0.395409094035558,0.586218089412103,-0.707106781186549));
#10370=DIRECTION('',(0.829037572555042,0.559192903470747,0.));
#10371=DIRECTION('center_axis',(-0.829037572555042,-0.559192903470747,0.));
#10372=DIRECTION('ref_axis',(-0.395409094035557,0.5862180894121,0.707106781186553));
#10373=DIRECTION('',(-0.829037572555042,-0.559192903470747,0.));
#10374=DIRECTION('center_axis',(0.829037572555042,0.559192903470747,0.));
#10375=DIRECTION('ref_axis',(-0.395409094035557,0.5862180894121,0.707106781186553));
#10376=DIRECTION('center_axis',(-0.829037572555042,-0.559192903470747,0.));
#10377=DIRECTION('ref_axis',(-1.19390160022482E-17,1.77003191273821E-17,
1.));
#10378=DIRECTION('',(-1.19390160022482E-17,1.77003191273821E-17,1.));
#10379=DIRECTION('',(0.,0.,-1.));
#10380=DIRECTION('center_axis',(-0.559192903470747,0.829037572555042,0.));
#10381=DIRECTION('ref_axis',(0.,0.,1.));
#10382=DIRECTION('center_axis',(0.,0.,-1.));
#10383=DIRECTION('ref_axis',(-1.,0.,0.));
#10384=DIRECTION('center_axis',(0.898794046299167,0.438371146789077,0.));
#10385=DIRECTION('ref_axis',(0.,0.,-1.));
#10386=DIRECTION('center_axis',(-0.898794046299167,-0.438371146789077,0.));
#10387=DIRECTION('ref_axis',(-0.309975210571079,0.635543365028235,-0.707106781186549));
#10388=DIRECTION('',(0.,0.,1.));
#10389=DIRECTION('center_axis',(-0.898794046299167,-0.438371146789077,0.));
#10390=DIRECTION('ref_axis',(-0.309975210571078,0.635543365028232,0.707106781186553));
#10391=DIRECTION('center_axis',(-0.898794046299167,-0.438371146789077,0.));
#10392=DIRECTION('ref_axis',(-0.309975210571079,0.635543365028235,-0.707106781186549));
#10393=DIRECTION('center_axis',(0.898794046299167,0.438371146789077,0.));
#10394=DIRECTION('ref_axis',(-0.309975210571079,0.635543365028235,-0.707106781186549));
#10395=DIRECTION('',(0.898794046299167,0.438371146789078,0.));
#10396=DIRECTION('center_axis',(-0.898794046299167,-0.438371146789077,0.));
#10397=DIRECTION('ref_axis',(-0.309975210571078,0.635543365028232,0.707106781186553));
#10398=DIRECTION('',(-0.898794046299167,-0.438371146789078,0.));
#10399=DIRECTION('center_axis',(0.898794046299167,0.438371146789077,0.));
#10400=DIRECTION('ref_axis',(-0.309975210571078,0.635543365028232,0.707106781186553));
#10401=DIRECTION('center_axis',(-0.898794046299167,-0.438371146789077,0.));
#10402=DIRECTION('ref_axis',(-9.35941801828046E-18,1.91896507178269E-17,
1.));
#10403=DIRECTION('',(-9.35941801828046E-18,1.91896507178269E-17,1.));
#10404=DIRECTION('',(0.,0.,-1.));
#10405=DIRECTION('center_axis',(-0.438371146789077,0.898794046299167,0.));
#10406=DIRECTION('ref_axis',(0.,0.,1.));
#10407=DIRECTION('center_axis',(0.,0.,-1.));
#10408=DIRECTION('ref_axis',(-1.,0.,0.));
#10409=DIRECTION('center_axis',(0.529919264233205,0.848048096156426,0.));
#10410=DIRECTION('ref_axis',(0.,0.,-1.));
#10411=DIRECTION('center_axis',(-0.529919264233205,-0.848048096156426,0.));
#10412=DIRECTION('ref_axis',(-0.599660559564548,0.374709505220684,-0.707106781186549));
#10413=DIRECTION('',(0.,0.,1.));
#10414=DIRECTION('center_axis',(-0.529919264233205,-0.848048096156426,0.));
#10415=DIRECTION('ref_axis',(-0.599660559564546,0.374709505220682,0.707106781186553));
#10416=DIRECTION('center_axis',(-0.529919264233205,-0.848048096156426,0.));
#10417=DIRECTION('ref_axis',(-0.599660559564548,0.374709505220684,-0.707106781186549));
#10418=DIRECTION('center_axis',(0.529919264233205,0.848048096156426,0.));
#10419=DIRECTION('ref_axis',(-0.599660559564548,0.374709505220684,-0.707106781186549));
#10420=DIRECTION('',(0.529919264233205,0.848048096156426,0.));
#10421=DIRECTION('center_axis',(-0.529919264233205,-0.848048096156426,0.));
#10422=DIRECTION('ref_axis',(-0.599660559564546,0.374709505220682,0.707106781186553));
#10423=DIRECTION('',(-0.529919264233205,-0.848048096156426,0.));
#10424=DIRECTION('center_axis',(0.529919264233205,0.848048096156426,0.));
#10425=DIRECTION('ref_axis',(-0.599660559564546,0.374709505220682,0.707106781186553));
#10426=DIRECTION('center_axis',(-0.529919264233205,-0.848048096156426,0.));
#10427=DIRECTION('ref_axis',(-1.81062022208179E-17,1.13140108472617E-17,
1.));
#10428=DIRECTION('',(-1.81062022208179E-17,1.13140108472617E-17,1.));
#10429=DIRECTION('',(0.,0.,-1.));
#10430=DIRECTION('center_axis',(-0.848048096156426,0.529919264233205,0.));
#10431=DIRECTION('ref_axis',(0.,0.,1.));
#10432=DIRECTION('center_axis',(0.,0.,-1.));
#10433=DIRECTION('ref_axis',(-1.,0.,0.));
#10434=DIRECTION('',(0.,0.,-1.));
#10435=DIRECTION('center_axis',(-0.694658370458997,-0.719339800338651,0.));
#10436=DIRECTION('ref_axis',(0.,0.,-1.));
#10437=DIRECTION('',(0.,0.,1.));
#10438=DIRECTION('center_axis',(0.694658370458997,0.719339800338651,0.));
#10439=DIRECTION('ref_axis',(0.508650050796836,-0.491197644359553,-0.70710678118655));
#10440=DIRECTION('',(0.,0.,1.));
#10441=DIRECTION('center_axis',(0.694658370458997,0.719339800338651,0.));
#10442=DIRECTION('ref_axis',(0.508650050796834,-0.49119764435955,0.707106781186553));
#10443=DIRECTION('center_axis',(0.694658370458997,0.719339800338651,0.));
#10444=DIRECTION('ref_axis',(0.508650050796836,-0.491197644359553,-0.70710678118655));
#10445=DIRECTION('center_axis',(-0.694658370458997,-0.719339800338651,0.));
#10446=DIRECTION('ref_axis',(0.508650050796836,-0.491197644359553,-0.70710678118655));
#10447=DIRECTION('',(-0.694658370458997,-0.719339800338651,0.));
#10448=DIRECTION('center_axis',(0.694658370458997,0.719339800338651,0.));
#10449=DIRECTION('ref_axis',(0.508650050796834,-0.49119764435955,0.707106781186553));
#10450=DIRECTION('',(0.694658370458997,0.719339800338651,0.));
#10451=DIRECTION('center_axis',(-0.694658370458997,-0.719339800338651,0.));
#10452=DIRECTION('ref_axis',(0.508650050796834,-0.49119764435955,0.707106781186553));
#10453=DIRECTION('center_axis',(0.694658370458997,0.719339800338651,0.));
#10454=DIRECTION('ref_axis',(1.53582231355095E-17,-1.48312636829438E-17,
1.));
#10455=DIRECTION('',(1.53582231355095E-17,-1.48312636829438E-17,1.));
#10456=DIRECTION('',(0.,0.,-1.));
#10457=DIRECTION('center_axis',(0.719339800338651,-0.694658370458997,0.));
#10458=DIRECTION('ref_axis',(0.,0.,1.));
#10459=DIRECTION('center_axis',(0.,0.,-1.));
#10460=DIRECTION('ref_axis',(-1.,0.,0.));
#10461=DIRECTION('',(0.,0.,1.));
#10462=DIRECTION('center_axis',(-0.788010753606722,-0.615661475325658,0.));
#10463=DIRECTION('ref_axis',(0.,0.,-1.));
#10464=DIRECTION('',(0.,0.,1.));
#10465=DIRECTION('center_axis',(0.788010753606722,0.615661475325658,0.));
#10466=DIRECTION('ref_axis',(0.435338404118086,-0.557207747523233,-0.707106781186549));
#10467=DIRECTION('',(0.,0.,1.));
#10468=DIRECTION('center_axis',(0.788010753606722,0.615661475325658,0.));
#10469=DIRECTION('ref_axis',(0.435338404118084,-0.557207747523231,0.707106781186553));
#10470=DIRECTION('center_axis',(0.788010753606722,0.615661475325658,0.));
#10471=DIRECTION('ref_axis',(0.435338404118086,-0.557207747523233,-0.707106781186549));
#10472=DIRECTION('center_axis',(-0.788010753606722,-0.615661475325658,0.));
#10473=DIRECTION('ref_axis',(0.435338404118086,-0.557207747523233,-0.707106781186549));
#10474=DIRECTION('',(-0.788010753606722,-0.615661475325658,0.));
#10475=DIRECTION('center_axis',(0.788010753606722,0.615661475325658,0.));
#10476=DIRECTION('ref_axis',(0.435338404118084,-0.557207747523231,0.707106781186553));
#10477=DIRECTION('',(0.788010753606722,0.615661475325658,0.));
#10478=DIRECTION('center_axis',(-0.788010753606722,-0.615661475325658,0.));
#10479=DIRECTION('ref_axis',(0.435338404118084,-0.557207747523231,0.707106781186553));
#10480=DIRECTION('center_axis',(0.788010753606722,0.615661475325658,0.));
#10481=DIRECTION('ref_axis',(1.31446450057914E-17,-1.68243783833113E-17,
1.));
#10482=DIRECTION('',(1.31446450057914E-17,-1.68243783833113E-17,1.));
#10483=DIRECTION('',(0.,0.,-1.));
#10484=DIRECTION('center_axis',(0.615661475325658,-0.788010753606722,0.));
#10485=DIRECTION('ref_axis',(0.,0.,1.));
#10486=DIRECTION('center_axis',(0.,0.,-1.));
#10487=DIRECTION('ref_axis',(-1.,0.,0.));
#10488=DIRECTION('center_axis',(-0.866025403784438,-0.5,0.));
#10489=DIRECTION('ref_axis',(0.,0.,-1.));
#10490=DIRECTION('',(0.,0.,1.));
#10491=DIRECTION('center_axis',(0.866025403784438,0.5,0.));
#10492=DIRECTION('ref_axis',(0.353553390593273,-0.612372435695793,-0.707106781186549));
#10493=DIRECTION('',(0.,0.,1.));
#10494=DIRECTION('center_axis',(0.866025403784438,0.5,0.));
#10495=DIRECTION('ref_axis',(0.353553390593272,-0.61237243569579,0.707106781186553));
#10496=DIRECTION('center_axis',(0.866025403784438,0.5,0.));
#10497=DIRECTION('ref_axis',(0.353553390593273,-0.612372435695793,-0.707106781186549));
#10498=DIRECTION('center_axis',(-0.866025403784438,-0.5,0.));
#10499=DIRECTION('ref_axis',(0.353553390593273,-0.612372435695793,-0.707106781186549));
#10500=DIRECTION('',(-0.866025403784438,-0.5,0.));
#10501=DIRECTION('center_axis',(0.866025403784438,0.5,0.));
#10502=DIRECTION('ref_axis',(0.353553390593272,-0.61237243569579,0.707106781186553));
#10503=DIRECTION('',(0.866025403784438,0.5,0.));
#10504=DIRECTION('center_axis',(-0.866025403784438,-0.5,0.));
#10505=DIRECTION('ref_axis',(0.353553390593272,-0.61237243569579,0.707106781186553));
#10506=DIRECTION('center_axis',(0.866025403784438,0.5,0.));
#10507=DIRECTION('ref_axis',(1.06752213128477E-17,-1.84900256958943E-17,
1.));
#10508=DIRECTION('',(1.06752213128477E-17,-1.84900256958943E-17,1.));
#10509=DIRECTION('',(0.,0.,-1.));
#10510=DIRECTION('center_axis',(0.5,-0.866025403784438,0.));
#10511=DIRECTION('ref_axis',(0.,0.,1.));
#10512=DIRECTION('center_axis',(0.,0.,-1.));
#10513=DIRECTION('ref_axis',(-1.,0.,0.));
#10514=DIRECTION('center_axis',(-0.927183854566787,-0.374606593415912,0.));
#10515=DIRECTION('ref_axis',(0.,0.,-1.));
#10516=DIRECTION('',(0.,0.,1.));
#10517=DIRECTION('center_axis',(0.927183854566787,0.374606593415912,0.));
#10518=DIRECTION('ref_axis',(0.264886862481583,-0.655617990970855,-0.70710678118655));
#10519=DIRECTION('',(0.,0.,1.));
#10520=DIRECTION('center_axis',(0.927183854566787,0.374606593415912,0.));
#10521=DIRECTION('ref_axis',(0.264886862481582,-0.655617990970852,0.707106781186553));
#10522=DIRECTION('center_axis',(0.927183854566787,0.374606593415912,0.));
#10523=DIRECTION('ref_axis',(0.264886862481583,-0.655617990970855,-0.70710678118655));
#10524=DIRECTION('center_axis',(-0.927183854566787,-0.374606593415912,0.));
#10525=DIRECTION('ref_axis',(0.264886862481583,-0.655617990970855,-0.70710678118655));
#10526=DIRECTION('',(-0.927183854566787,-0.374606593415912,0.));
#10527=DIRECTION('center_axis',(0.927183854566787,0.374606593415912,0.));
#10528=DIRECTION('ref_axis',(0.264886862481582,-0.655617990970852,0.707106781186553));
#10529=DIRECTION('',(0.927183854566787,0.374606593415912,0.));
#10530=DIRECTION('center_axis',(-0.927183854566787,-0.374606593415912,0.));
#10531=DIRECTION('ref_axis',(0.264886862481582,-0.655617990970852,0.707106781186553));
#10532=DIRECTION('center_axis',(0.927183854566787,0.374606593415912,0.));
#10533=DIRECTION('ref_axis',(7.99801657993361E-18,-1.97957856903992E-17,
1.));
#10534=DIRECTION('',(7.99801657993361E-18,-1.97957856903992E-17,1.));
#10535=DIRECTION('',(0.,0.,-1.));
#10536=DIRECTION('center_axis',(0.374606593415912,-0.927183854566787,0.));
#10537=DIRECTION('ref_axis',(0.,0.,1.));
#10538=DIRECTION('center_axis',(0.,0.,-1.));
#10539=DIRECTION('ref_axis',(-1.,0.,0.));
#10540=DIRECTION('center_axis',(0.927183854566787,-0.374606593415912,0.));
#10541=DIRECTION('ref_axis',(0.,0.,-1.));
#10542=DIRECTION('',(0.,0.,1.));
#10543=DIRECTION('center_axis',(-0.927183854566787,0.374606593415912,0.));
#10544=DIRECTION('ref_axis',(0.264886862481583,0.655617990970855,-0.707106781186549));
#10545=DIRECTION('',(0.,0.,1.));
#10546=DIRECTION('center_axis',(-0.927183854566787,0.374606593415912,0.));
#10547=DIRECTION('ref_axis',(0.264886862481581,0.655617990970852,0.707106781186553));
#10548=DIRECTION('center_axis',(-0.927183854566787,0.374606593415912,0.));
#10549=DIRECTION('ref_axis',(0.264886862481583,0.655617990970855,-0.707106781186549));
#10550=DIRECTION('center_axis',(0.927183854566787,-0.374606593415912,0.));
#10551=DIRECTION('ref_axis',(0.264886862481583,0.655617990970855,-0.707106781186549));
#10552=DIRECTION('',(0.927183854566787,-0.374606593415912,0.));
#10553=DIRECTION('center_axis',(-0.927183854566787,0.374606593415912,0.));
#10554=DIRECTION('ref_axis',(0.264886862481581,0.655617990970852,0.707106781186553));
#10555=DIRECTION('',(-0.927183854566787,0.374606593415912,0.));
#10556=DIRECTION('center_axis',(0.927183854566787,-0.374606593415912,0.));
#10557=DIRECTION('ref_axis',(0.264886862481581,0.655617990970852,0.707106781186553));
#10558=DIRECTION('center_axis',(-0.927183854566787,0.374606593415912,0.));
#10559=DIRECTION('ref_axis',(7.9980165799336E-18,1.97957856903992E-17,1.));
#10560=DIRECTION('',(7.9980165799336E-18,1.97957856903992E-17,1.));
#10561=DIRECTION('',(0.,0.,-1.));
#10562=DIRECTION('center_axis',(0.374606593415912,0.927183854566787,0.));
#10563=DIRECTION('ref_axis',(0.,0.,1.));
#10564=DIRECTION('center_axis',(0.,0.,-1.));
#10565=DIRECTION('ref_axis',(-1.,0.,0.));
#10566=DIRECTION('',(0.,0.,1.));
#10567=DIRECTION('center_axis',(0.866025403784439,-0.5,0.));
#10568=DIRECTION('ref_axis',(0.,0.,-1.));
#10569=DIRECTION('',(0.,0.,1.));
#10570=DIRECTION('center_axis',(-0.866025403784439,0.5,0.));
#10571=DIRECTION('ref_axis',(0.353553390593273,0.612372435695793,-0.70710678118655));
#10572=DIRECTION('',(0.,0.,1.));
#10573=DIRECTION('center_axis',(-0.866025403784439,0.5,0.));
#10574=DIRECTION('ref_axis',(0.353553390593271,0.61237243569579,0.707106781186553));
#10575=DIRECTION('center_axis',(-0.866025403784439,0.5,0.));
#10576=DIRECTION('ref_axis',(0.353553390593273,0.612372435695793,-0.70710678118655));
#10577=DIRECTION('center_axis',(0.866025403784439,-0.5,0.));
#10578=DIRECTION('ref_axis',(0.353553390593273,0.612372435695793,-0.70710678118655));
#10579=DIRECTION('',(0.866025403784439,-0.5,0.));
#10580=DIRECTION('center_axis',(-0.866025403784439,0.5,0.));
#10581=DIRECTION('ref_axis',(0.353553390593271,0.61237243569579,0.707106781186553));
#10582=DIRECTION('',(-0.866025403784439,0.5,0.));
#10583=DIRECTION('center_axis',(0.866025403784439,-0.5,0.));
#10584=DIRECTION('ref_axis',(0.353553390593271,0.61237243569579,0.707106781186553));
#10585=DIRECTION('center_axis',(-0.866025403784439,0.5,0.));
#10586=DIRECTION('ref_axis',(1.06752213128477E-17,1.84900256958943E-17,
1.));
#10587=DIRECTION('',(1.06752213128477E-17,1.84900256958943E-17,1.));
#10588=DIRECTION('',(0.,0.,-1.));
#10589=DIRECTION('center_axis',(0.5,0.866025403784439,0.));
#10590=DIRECTION('ref_axis',(0.,0.,1.));
#10591=DIRECTION('center_axis',(0.,0.,-1.));
#10592=DIRECTION('ref_axis',(-1.,0.,0.));
#10593=DIRECTION('center_axis',(0.469471562785891,-0.882947592858927,0.));
#10594=DIRECTION('ref_axis',(0.,0.,-1.));
#10595=DIRECTION('',(0.,0.,1.));
#10596=DIRECTION('center_axis',(-0.469471562785891,0.882947592858927,0.));
#10597=DIRECTION('ref_axis',(0.624338230342884,0.331966525620148,-0.707106781186549));
#10598=DIRECTION('',(0.,0.,1.));
#10599=DIRECTION('center_axis',(-0.469471562785891,0.882947592858927,0.));
#10600=DIRECTION('ref_axis',(0.624338230342882,0.331966525620147,0.707106781186553));
#10601=DIRECTION('center_axis',(-0.469471562785891,0.882947592858927,0.));
#10602=DIRECTION('ref_axis',(0.624338230342884,0.331966525620148,-0.707106781186549));
#10603=DIRECTION('center_axis',(0.469471562785891,-0.882947592858927,0.));
#10604=DIRECTION('ref_axis',(0.624338230342884,0.331966525620148,-0.707106781186549));
#10605=DIRECTION('',(0.469471562785891,-0.882947592858927,0.));
#10606=DIRECTION('center_axis',(-0.469471562785891,0.882947592858927,0.));
#10607=DIRECTION('ref_axis',(0.624338230342882,0.331966525620147,0.707106781186553));
#10608=DIRECTION('',(-0.469471562785891,0.882947592858927,0.));
#10609=DIRECTION('center_axis',(0.469471562785891,-0.882947592858927,0.));
#10610=DIRECTION('ref_axis',(0.624338230342882,0.331966525620147,0.707106781186553));
#10611=DIRECTION('center_axis',(-0.469471562785891,0.882947592858927,0.));
#10612=DIRECTION('ref_axis',(1.88513219228303E-17,1.00234256656557E-17,
1.));
#10613=DIRECTION('',(1.88513219228303E-17,1.00234256656557E-17,1.));
#10614=DIRECTION('',(0.,0.,-1.));
#10615=DIRECTION('center_axis',(0.882947592858927,0.469471562785891,0.));
#10616=DIRECTION('ref_axis',(0.,0.,1.));
#10617=DIRECTION('center_axis',(0.,0.,-1.));
#10618=DIRECTION('ref_axis',(-1.,0.,0.));
#10619=DIRECTION('',(0.,0.,1.));
#10620=DIRECTION('center_axis',(0.788010753606722,-0.615661475325658,0.));
#10621=DIRECTION('ref_axis',(0.,0.,-1.));
#10622=DIRECTION('',(0.,0.,1.));
#10623=DIRECTION('center_axis',(-0.788010753606722,0.615661475325658,0.));
#10624=DIRECTION('ref_axis',(0.435338404118086,0.557207747523233,-0.707106781186549));
#10625=DIRECTION('',(0.,0.,1.));
#10626=DIRECTION('center_axis',(-0.788010753606722,0.615661475325658,0.));
#10627=DIRECTION('ref_axis',(0.435338404118084,0.557207747523231,0.707106781186553));
#10628=DIRECTION('center_axis',(-0.788010753606722,0.615661475325658,0.));
#10629=DIRECTION('ref_axis',(0.435338404118086,0.557207747523233,-0.707106781186549));
#10630=DIRECTION('center_axis',(0.788010753606722,-0.615661475325658,0.));
#10631=DIRECTION('ref_axis',(0.435338404118086,0.557207747523233,-0.707106781186549));
#10632=DIRECTION('',(0.788010753606722,-0.615661475325658,0.));
#10633=DIRECTION('center_axis',(-0.788010753606722,0.615661475325658,0.));
#10634=DIRECTION('ref_axis',(0.435338404118084,0.557207747523231,0.707106781186553));
#10635=DIRECTION('',(-0.788010753606722,0.615661475325658,0.));
#10636=DIRECTION('center_axis',(0.788010753606722,-0.615661475325658,0.));
#10637=DIRECTION('ref_axis',(0.435338404118084,0.557207747523231,0.707106781186553));
#10638=DIRECTION('center_axis',(-0.788010753606722,0.615661475325658,0.));
#10639=DIRECTION('ref_axis',(1.31446450057914E-17,1.68243783833112E-17,
1.));
#10640=DIRECTION('',(1.31446450057914E-17,1.68243783833112E-17,1.));
#10641=DIRECTION('',(0.,0.,-1.));
#10642=DIRECTION('center_axis',(0.615661475325658,0.788010753606722,0.));
#10643=DIRECTION('ref_axis',(0.,0.,1.));
#10644=DIRECTION('center_axis',(0.,0.,-1.));
#10645=DIRECTION('ref_axis',(-1.,0.,0.));
#10646=DIRECTION('center_axis',(0.587785252292473,-0.809016994374947,0.));
#10647=DIRECTION('ref_axis',(0.,0.,-1.));
#10648=DIRECTION('center_axis',(-0.587785252292473,0.809016994374947,0.));
#10649=DIRECTION('ref_axis',(0.572061402817683,0.415626937777452,-0.707106781186549));
#10650=DIRECTION('',(0.,0.,1.));
#10651=DIRECTION('center_axis',(-0.587785252292473,0.809016994374947,0.));
#10652=DIRECTION('ref_axis',(0.57206140281768,0.41562693777745,0.707106781186553));
#10653=DIRECTION('center_axis',(-0.587785252292473,0.809016994374947,0.));
#10654=DIRECTION('ref_axis',(0.572061402817683,0.415626937777452,-0.707106781186549));
#10655=DIRECTION('center_axis',(0.587785252292473,-0.809016994374947,0.));
#10656=DIRECTION('ref_axis',(0.572061402817683,0.415626937777452,-0.707106781186549));
#10657=DIRECTION('',(0.587785252292473,-0.809016994374947,0.));
#10658=DIRECTION('center_axis',(-0.587785252292473,0.809016994374947,0.));
#10659=DIRECTION('ref_axis',(0.57206140281768,0.41562693777745,0.707106781186553));
#10660=DIRECTION('',(-0.587785252292473,0.809016994374947,0.));
#10661=DIRECTION('center_axis',(0.587785252292473,-0.809016994374947,0.));
#10662=DIRECTION('ref_axis',(0.57206140281768,0.41562693777745,0.707106781186553));
#10663=DIRECTION('center_axis',(-0.587785252292473,0.809016994374947,0.));
#10664=DIRECTION('ref_axis',(1.72728709216148E-17,1.25494753053003E-17,
1.));
#10665=DIRECTION('',(1.72728709216148E-17,1.25494753053003E-17,1.));
#10666=DIRECTION('',(0.,0.,-1.));
#10667=DIRECTION('center_axis',(0.809016994374947,0.587785252292473,0.));
#10668=DIRECTION('ref_axis',(0.,0.,1.));
#10669=DIRECTION('center_axis',(0.,0.,-1.));
#10670=DIRECTION('ref_axis',(-1.,0.,0.));
#10671=DIRECTION('',(0.,0.,1.));
#10672=DIRECTION('center_axis',(0.694658370458997,-0.719339800338651,0.));
#10673=DIRECTION('ref_axis',(0.,0.,-1.));
#10674=DIRECTION('center_axis',(-0.694658370458997,0.719339800338651,0.));
#10675=DIRECTION('ref_axis',(0.508650050796836,0.491197644359552,-0.707106781186549));
#10676=DIRECTION('',(0.,0.,1.));
#10677=DIRECTION('center_axis',(-0.694658370458997,0.719339800338651,0.));
#10678=DIRECTION('ref_axis',(0.508650050796834,0.49119764435955,0.707106781186553));
#10679=DIRECTION('center_axis',(-0.694658370458997,0.719339800338651,0.));
#10680=DIRECTION('ref_axis',(0.508650050796836,0.491197644359552,-0.707106781186549));
#10681=DIRECTION('center_axis',(0.694658370458997,-0.719339800338651,0.));
#10682=DIRECTION('ref_axis',(0.508650050796836,0.491197644359552,-0.707106781186549));
#10683=DIRECTION('',(0.694658370458997,-0.719339800338651,0.));
#10684=DIRECTION('center_axis',(-0.694658370458997,0.719339800338651,0.));
#10685=DIRECTION('ref_axis',(0.508650050796834,0.49119764435955,0.707106781186553));
#10686=DIRECTION('',(-0.694658370458997,0.719339800338651,0.));
#10687=DIRECTION('center_axis',(0.694658370458997,-0.719339800338651,0.));
#10688=DIRECTION('ref_axis',(0.508650050796834,0.49119764435955,0.707106781186553));
#10689=DIRECTION('center_axis',(-0.694658370458997,0.719339800338651,0.));
#10690=DIRECTION('ref_axis',(1.53582231355095E-17,1.48312636829438E-17,
1.));
#10691=DIRECTION('',(1.53582231355095E-17,1.48312636829438E-17,1.));
#10692=DIRECTION('',(0.,0.,-1.));
#10693=DIRECTION('center_axis',(0.719339800338651,0.694658370458997,0.));
#10694=DIRECTION('ref_axis',(0.,0.,1.));
#10695=DIRECTION('center_axis',(0.,0.,-1.));
#10696=DIRECTION('ref_axis',(-1.,0.,0.));
#10697=DIRECTION('center_axis',(0.970295726275996,-0.241921895599668,0.));
#10698=DIRECTION('ref_axis',(0.,0.,-1.));
#10699=DIRECTION('center_axis',(-0.970295726275996,0.241921895599668,0.));
#10700=DIRECTION('ref_axis',(0.171064612896029,0.686102687806081,-0.707106781186549));
#10701=DIRECTION('',(0.,0.,1.));
#10702=DIRECTION('center_axis',(-0.970295726275996,0.241921895599668,0.));
#10703=DIRECTION('ref_axis',(0.171064612896028,0.686102687806078,0.707106781186553));
#10704=DIRECTION('center_axis',(-0.970295726275996,0.241921895599668,0.));
#10705=DIRECTION('ref_axis',(0.171064612896029,0.686102687806081,-0.707106781186549));
#10706=DIRECTION('center_axis',(0.970295726275996,-0.241921895599668,0.));
#10707=DIRECTION('ref_axis',(0.171064612896029,0.686102687806081,-0.707106781186549));
#10708=DIRECTION('',(0.970295726275996,-0.241921895599668,0.));
#10709=DIRECTION('center_axis',(-0.970295726275996,0.241921895599668,0.));
#10710=DIRECTION('ref_axis',(0.171064612896028,0.686102687806078,0.707106781186553));
#10711=DIRECTION('',(-0.970295726275996,0.241921895599668,0.));
#10712=DIRECTION('center_axis',(0.970295726275996,-0.241921895599668,0.));
#10713=DIRECTION('ref_axis',(0.171064612896028,0.686102687806078,0.707106781186553));
#10714=DIRECTION('center_axis',(-0.970295726275996,0.241921895599668,0.));
#10715=DIRECTION('ref_axis',(5.16513955190016E-18,2.0716243233813E-17,1.));
#10716=DIRECTION('',(5.16513955190016E-18,2.0716243233813E-17,1.));
#10717=DIRECTION('',(0.,0.,-1.));
#10718=DIRECTION('center_axis',(0.241921895599668,0.970295726275996,0.));
#10719=DIRECTION('ref_axis',(0.,0.,1.));
#10720=DIRECTION('center_axis',(0.,0.,-1.));
#10721=DIRECTION('ref_axis',(-1.,0.,0.));
#10722=DIRECTION('',(0.,0.,1.));
#10723=DIRECTION('center_axis',(0.994521895368273,-0.104528463267654,0.));
#10724=DIRECTION('ref_axis',(0.,0.,-1.));
#10725=DIRECTION('center_axis',(-0.994521895368273,0.104528463267654,0.));
#10726=DIRECTION('ref_axis',(0.0739127852035666,0.703233176253402,-0.70710678118655));
#10727=DIRECTION('',(0.,0.,1.));
#10728=DIRECTION('center_axis',(-0.994521895368273,0.104528463267654,0.));
#10729=DIRECTION('ref_axis',(0.0739127852035662,0.703233176253399,0.707106781186553));
#10730=DIRECTION('center_axis',(-0.994521895368273,0.104528463267654,0.));
#10731=DIRECTION('ref_axis',(0.0739127852035666,0.703233176253402,-0.70710678118655));
#10732=DIRECTION('center_axis',(0.994521895368273,-0.104528463267654,0.));
#10733=DIRECTION('ref_axis',(0.0739127852035666,0.703233176253402,-0.70710678118655));
#10734=DIRECTION('',(0.994521895368273,-0.104528463267654,0.));
#10735=DIRECTION('center_axis',(-0.994521895368273,0.104528463267654,0.));
#10736=DIRECTION('ref_axis',(0.0739127852035662,0.703233176253399,0.707106781186553));
#10737=DIRECTION('',(-0.994521895368273,0.104528463267654,0.));
#10738=DIRECTION('center_axis',(0.994521895368273,-0.104528463267654,0.));
#10739=DIRECTION('ref_axis',(0.0739127852035662,0.703233176253399,0.707106781186553));
#10740=DIRECTION('center_axis',(-0.994521895368273,0.104528463267654,0.));
#10741=DIRECTION('ref_axis',(2.23172895774814E-18,2.12334826670581E-17,
1.));
#10742=DIRECTION('',(2.23172895774814E-18,2.12334826670581E-17,1.));
#10743=DIRECTION('',(0.,0.,-1.));
#10744=DIRECTION('center_axis',(0.104528463267654,0.994521895368273,0.));
#10745=DIRECTION('ref_axis',(0.,0.,1.));
#10746=DIRECTION('center_axis',(0.,0.,-1.));
#10747=DIRECTION('ref_axis',(-1.,0.,0.));
#10748=DIRECTION('center_axis',(-0.20791169081776,-0.978147600733806,0.));
#10749=DIRECTION('ref_axis',(0.,0.,-1.));
#10750=DIRECTION('',(0.,0.,1.));
#10751=DIRECTION('center_axis',(0.20791169081776,0.978147600733806,0.));
#10752=DIRECTION('ref_axis',(0.691654801480224,-0.147015766465198,-0.707106781186549));
#10753=DIRECTION('',(0.,0.,1.));
#10754=DIRECTION('center_axis',(0.20791169081776,0.978147600733806,0.));
#10755=DIRECTION('ref_axis',(0.691654801480221,-0.147015766465198,0.707106781186553));
#10756=DIRECTION('center_axis',(0.20791169081776,0.978147600733806,0.));
#10757=DIRECTION('ref_axis',(0.691654801480224,-0.147015766465198,-0.707106781186549));
#10758=DIRECTION('center_axis',(-0.20791169081776,-0.978147600733806,0.));
#10759=DIRECTION('ref_axis',(0.691654801480224,-0.147015766465198,-0.707106781186549));
#10760=DIRECTION('',(-0.20791169081776,-0.978147600733805,0.));
#10761=DIRECTION('center_axis',(0.20791169081776,0.978147600733806,0.));
#10762=DIRECTION('ref_axis',(0.691654801480221,-0.147015766465198,0.707106781186553));
#10763=DIRECTION('',(0.20791169081776,0.978147600733805,0.));
#10764=DIRECTION('center_axis',(-0.20791169081776,-0.978147600733806,0.));
#10765=DIRECTION('ref_axis',(0.691654801480221,-0.147015766465198,0.707106781186553));
#10766=DIRECTION('center_axis',(0.20791169081776,0.978147600733806,0.));
#10767=DIRECTION('ref_axis',(2.08838842289286E-17,-4.43900662601588E-18,
1.));
#10768=DIRECTION('',(2.08838842289286E-17,-4.43900662601588E-18,1.));
#10769=DIRECTION('',(0.,0.,-1.));
#10770=DIRECTION('center_axis',(0.978147600733806,-0.20791169081776,0.));
#10771=DIRECTION('ref_axis',(0.,0.,1.));
#10772=DIRECTION('center_axis',(0.,0.,-1.));
#10773=DIRECTION('ref_axis',(-1.,0.,0.));
#10774=DIRECTION('',(0.,0.,-1.));
#10775=DIRECTION('center_axis',(-0.587785252292473,-0.809016994374948,0.));
#10776=DIRECTION('ref_axis',(0.,0.,-1.));
#10777=DIRECTION('center_axis',(0.587785252292473,0.809016994374948,0.));
#10778=DIRECTION('ref_axis',(0.572061402817683,-0.415626937777452,-0.70710678118655));
#10779=DIRECTION('',(0.,0.,1.));
#10780=DIRECTION('center_axis',(0.587785252292473,0.809016994374948,0.));
#10781=DIRECTION('ref_axis',(0.57206140281768,-0.41562693777745,0.707106781186553));
#10782=DIRECTION('center_axis',(0.587785252292473,0.809016994374948,0.));
#10783=DIRECTION('ref_axis',(0.572061402817683,-0.415626937777452,-0.70710678118655));
#10784=DIRECTION('center_axis',(-0.587785252292473,-0.809016994374948,0.));
#10785=DIRECTION('ref_axis',(0.572061402817683,-0.415626937777452,-0.70710678118655));
#10786=DIRECTION('',(-0.587785252292473,-0.809016994374947,0.));
#10787=DIRECTION('center_axis',(0.587785252292473,0.809016994374948,0.));
#10788=DIRECTION('ref_axis',(0.57206140281768,-0.41562693777745,0.707106781186553));
#10789=DIRECTION('',(0.587785252292473,0.809016994374947,0.));
#10790=DIRECTION('center_axis',(-0.587785252292473,-0.809016994374948,0.));
#10791=DIRECTION('ref_axis',(0.57206140281768,-0.41562693777745,0.707106781186553));
#10792=DIRECTION('center_axis',(0.587785252292473,0.809016994374948,0.));
#10793=DIRECTION('ref_axis',(1.72728709216148E-17,-1.25494753053003E-17,
1.));
#10794=DIRECTION('',(1.72728709216148E-17,-1.25494753053003E-17,1.));
#10795=DIRECTION('',(0.,0.,-1.));
#10796=DIRECTION('center_axis',(0.809016994374948,-0.587785252292473,0.));
#10797=DIRECTION('ref_axis',(0.,0.,1.));
#10798=DIRECTION('center_axis',(0.,0.,-1.));
#10799=DIRECTION('ref_axis',(-1.,0.,0.));
#10800=DIRECTION('',(0.,0.,1.));
#10801=DIRECTION('center_axis',(-0.469471562785891,-0.882947592858927,0.));
#10802=DIRECTION('ref_axis',(0.,0.,-1.));
#10803=DIRECTION('center_axis',(0.469471562785891,0.882947592858927,0.));
#10804=DIRECTION('ref_axis',(0.624338230342884,-0.331966525620149,-0.707106781186549));
#10805=DIRECTION('',(0.,0.,1.));
#10806=DIRECTION('center_axis',(0.469471562785891,0.882947592858927,0.));
#10807=DIRECTION('ref_axis',(0.624338230342881,-0.331966525620147,0.707106781186553));
#10808=DIRECTION('center_axis',(0.469471562785891,0.882947592858927,0.));
#10809=DIRECTION('ref_axis',(0.624338230342884,-0.331966525620149,-0.707106781186549));
#10810=DIRECTION('center_axis',(-0.469471562785891,-0.882947592858927,0.));
#10811=DIRECTION('ref_axis',(0.624338230342884,-0.331966525620149,-0.707106781186549));
#10812=DIRECTION('',(-0.469471562785891,-0.882947592858927,0.));
#10813=DIRECTION('center_axis',(0.469471562785891,0.882947592858927,0.));
#10814=DIRECTION('ref_axis',(0.624338230342881,-0.331966525620147,0.707106781186553));
#10815=DIRECTION('',(0.469471562785891,0.882947592858927,0.));
#10816=DIRECTION('center_axis',(-0.469471562785891,-0.882947592858927,0.));
#10817=DIRECTION('ref_axis',(0.624338230342881,-0.331966525620147,0.707106781186553));
#10818=DIRECTION('center_axis',(0.469471562785891,0.882947592858927,0.));
#10819=DIRECTION('ref_axis',(1.88513219228303E-17,-1.00234256656557E-17,
1.));
#10820=DIRECTION('',(1.88513219228303E-17,-1.00234256656557E-17,1.));
#10821=DIRECTION('',(0.,0.,-1.));
#10822=DIRECTION('center_axis',(0.882947592858927,-0.469471562785891,0.));
#10823=DIRECTION('ref_axis',(0.,0.,1.));
#10824=DIRECTION('center_axis',(0.,0.,-1.));
#10825=DIRECTION('ref_axis',(-1.,0.,0.));
#10826=DIRECTION('',(0.,0.,1.));
#10827=DIRECTION('center_axis',(-0.342020143325669,-0.939692620785908,0.));
#10828=DIRECTION('ref_axis',(0.,0.,-1.));
#10829=DIRECTION('center_axis',(0.342020143325669,0.939692620785908,0.));
#10830=DIRECTION('ref_axis',(0.664463024388673,-0.241844762647975,-0.707106781186549));
#10831=DIRECTION('',(0.,0.,1.));
#10832=DIRECTION('center_axis',(0.342020143325669,0.939692620785908,0.));
#10833=DIRECTION('ref_axis',(0.66446302438867,-0.241844762647973,0.707106781186553));
#10834=DIRECTION('center_axis',(0.342020143325669,0.939692620785908,0.));
#10835=DIRECTION('ref_axis',(0.664463024388673,-0.241844762647975,-0.707106781186549));
#10836=DIRECTION('center_axis',(-0.342020143325669,-0.939692620785908,0.));
#10837=DIRECTION('ref_axis',(0.664463024388673,-0.241844762647975,-0.707106781186549));
#10838=DIRECTION('',(-0.342020143325669,-0.939692620785909,0.));
#10839=DIRECTION('center_axis',(0.342020143325669,0.939692620785908,0.));
#10840=DIRECTION('ref_axis',(0.66446302438867,-0.241844762647973,0.707106781186553));
#10841=DIRECTION('',(0.342020143325669,0.939692620785909,0.));
#10842=DIRECTION('center_axis',(-0.342020143325669,-0.939692620785908,0.));
#10843=DIRECTION('ref_axis',(0.66446302438867,-0.241844762647973,0.707106781186553));
#10844=DIRECTION('center_axis',(0.342020143325669,0.939692620785908,0.));
#10845=DIRECTION('ref_axis',(2.00628533858788E-17,-7.30228144690678E-18,
1.));
#10846=DIRECTION('',(2.00628533858788E-17,-7.30228144690678E-18,1.));
#10847=DIRECTION('',(0.,0.,-1.));
#10848=DIRECTION('center_axis',(0.939692620785908,-0.342020143325669,0.));
#10849=DIRECTION('ref_axis',(0.,0.,1.));
#10850=DIRECTION('center_axis',(0.,0.,-1.));
#10851=DIRECTION('ref_axis',(-1.,0.,0.));
#10852=DIRECTION('center_axis',(-0.829037572555042,0.559192903470747,0.));
#10853=DIRECTION('ref_axis',(0.,0.,-1.));
#10854=DIRECTION('',(0.,0.,1.));
#10855=DIRECTION('center_axis',(0.829037572555042,-0.559192903470747,0.));
#10856=DIRECTION('ref_axis',(-0.395409094035559,-0.586218089412103,-0.707106781186549));
#10857=DIRECTION('',(0.,0.,1.));
#10858=DIRECTION('center_axis',(0.829037572555042,-0.559192903470747,0.));
#10859=DIRECTION('ref_axis',(-0.395409094035557,-0.5862180894121,0.707106781186553));
#10860=DIRECTION('center_axis',(0.829037572555042,-0.559192903470747,0.));
#10861=DIRECTION('ref_axis',(-0.395409094035559,-0.586218089412103,-0.707106781186549));
#10862=DIRECTION('center_axis',(-0.829037572555042,0.559192903470747,0.));
#10863=DIRECTION('ref_axis',(-0.395409094035559,-0.586218089412103,-0.707106781186549));
#10864=DIRECTION('',(-0.829037572555042,0.559192903470747,0.));
#10865=DIRECTION('center_axis',(0.829037572555042,-0.559192903470747,0.));
#10866=DIRECTION('ref_axis',(-0.395409094035557,-0.5862180894121,0.707106781186553));
#10867=DIRECTION('',(0.829037572555042,-0.559192903470747,0.));
#10868=DIRECTION('center_axis',(-0.829037572555042,0.559192903470747,0.));
#10869=DIRECTION('ref_axis',(-0.395409094035557,-0.5862180894121,0.707106781186553));
#10870=DIRECTION('center_axis',(0.829037572555042,-0.559192903470747,0.));
#10871=DIRECTION('ref_axis',(-1.19390160022482E-17,-1.77003191273821E-17,
1.));
#10872=DIRECTION('',(-1.19390160022482E-17,-1.77003191273821E-17,1.));
#10873=DIRECTION('',(0.,0.,-1.));
#10874=DIRECTION('center_axis',(-0.559192903470747,-0.829037572555042,0.));
#10875=DIRECTION('ref_axis',(0.,0.,1.));
#10876=DIRECTION('center_axis',(0.,0.,-1.));
#10877=DIRECTION('ref_axis',(-1.,0.,0.));
#10878=DIRECTION('',(0.,0.,1.));
#10879=DIRECTION('center_axis',(-0.898794046299167,0.438371146789077,0.));
#10880=DIRECTION('ref_axis',(0.,0.,-1.));
#10881=DIRECTION('center_axis',(0.898794046299167,-0.438371146789077,0.));
#10882=DIRECTION('ref_axis',(-0.309975210571079,-0.635543365028235,-0.707106781186549));
#10883=DIRECTION('',(0.,0.,1.));
#10884=DIRECTION('center_axis',(0.898794046299167,-0.438371146789077,0.));
#10885=DIRECTION('ref_axis',(-0.309975210571078,-0.635543365028232,0.707106781186553));
#10886=DIRECTION('center_axis',(0.898794046299167,-0.438371146789077,0.));
#10887=DIRECTION('ref_axis',(-0.309975210571079,-0.635543365028235,-0.707106781186549));
#10888=DIRECTION('center_axis',(-0.898794046299167,0.438371146789077,0.));
#10889=DIRECTION('ref_axis',(-0.309975210571079,-0.635543365028235,-0.707106781186549));
#10890=DIRECTION('',(-0.898794046299167,0.438371146789077,0.));
#10891=DIRECTION('center_axis',(0.898794046299167,-0.438371146789077,0.));
#10892=DIRECTION('ref_axis',(-0.309975210571078,-0.635543365028232,0.707106781186553));
#10893=DIRECTION('',(0.898794046299167,-0.438371146789077,0.));
#10894=DIRECTION('center_axis',(-0.898794046299167,0.438371146789077,0.));
#10895=DIRECTION('ref_axis',(-0.309975210571078,-0.635543365028232,0.707106781186553));
#10896=DIRECTION('center_axis',(0.898794046299167,-0.438371146789077,0.));
#10897=DIRECTION('ref_axis',(-9.35941801828046E-18,-1.91896507178269E-17,
1.));
#10898=DIRECTION('',(-9.35941801828046E-18,-1.91896507178269E-17,1.));
#10899=DIRECTION('',(0.,0.,-1.));
#10900=DIRECTION('center_axis',(-0.438371146789077,-0.898794046299167,0.));
#10901=DIRECTION('ref_axis',(0.,0.,1.));
#10902=DIRECTION('center_axis',(0.,0.,-1.));
#10903=DIRECTION('ref_axis',(-1.,0.,0.));
#10904=DIRECTION('',(0.,0.,1.));
#10905=DIRECTION('center_axis',(-0.951056516295154,0.309016994374947,0.));
#10906=DIRECTION('ref_axis',(0.,0.,-1.));
#10907=DIRECTION('center_axis',(0.951056516295154,-0.309016994374947,0.));
#10908=DIRECTION('ref_axis',(-0.21850801222441,-0.672498511963955,-0.707106781186549));
#10909=DIRECTION('',(0.,0.,1.));
#10910=DIRECTION('center_axis',(0.951056516295154,-0.309016994374947,0.));
#10911=DIRECTION('ref_axis',(-0.218508012224409,-0.672498511963952,0.707106781186553));
#10912=DIRECTION('center_axis',(0.951056516295154,-0.309016994374947,0.));
#10913=DIRECTION('ref_axis',(-0.21850801222441,-0.672498511963955,-0.707106781186549));
#10914=DIRECTION('center_axis',(-0.951056516295154,0.309016994374947,0.));
#10915=DIRECTION('ref_axis',(-0.21850801222441,-0.672498511963955,-0.707106781186549));
#10916=DIRECTION('',(-0.951056516295154,0.309016994374947,0.));
#10917=DIRECTION('center_axis',(0.951056516295154,-0.309016994374947,0.));
#10918=DIRECTION('ref_axis',(-0.218508012224409,-0.672498511963952,0.707106781186553));
#10919=DIRECTION('',(0.951056516295154,-0.309016994374947,0.));
#10920=DIRECTION('center_axis',(-0.951056516295154,0.309016994374947,0.));
#10921=DIRECTION('ref_axis',(-0.218508012224409,-0.672498511963952,0.707106781186553));
#10922=DIRECTION('center_axis',(0.951056516295154,-0.309016994374947,0.));
#10923=DIRECTION('ref_axis',(-6.59764960876712E-18,-2.03054775849533E-17,
1.));
#10924=DIRECTION('',(-6.59764960876712E-18,-2.03054775849533E-17,1.));
#10925=DIRECTION('',(0.,0.,-1.));
#10926=DIRECTION('center_axis',(-0.309016994374947,-0.951056516295154,0.));
#10927=DIRECTION('ref_axis',(0.,0.,1.));
#10928=DIRECTION('center_axis',(0.,0.,-1.));
#10929=DIRECTION('ref_axis',(-1.,0.,0.));
#10930=DIRECTION('',(0.,0.,1.));
#10931=DIRECTION('center_axis',(-0.743144825477395,0.669130606358858,0.));
#10932=DIRECTION('ref_axis',(0.,0.,-1.));
#10933=DIRECTION('',(0.,0.,1.));
#10934=DIRECTION('center_axis',(0.743144825477395,-0.669130606358858,0.));
#10935=DIRECTION('ref_axis',(-0.473146789255813,-0.525482745498758,-0.70710678118655));
#10936=DIRECTION('',(0.,0.,1.));
#10937=DIRECTION('center_axis',(0.743144825477395,-0.669130606358858,0.));
#10938=DIRECTION('ref_axis',(-0.473146789255811,-0.525482745498755,0.707106781186553));
#10939=DIRECTION('center_axis',(0.743144825477395,-0.669130606358858,0.));
#10940=DIRECTION('ref_axis',(-0.473146789255813,-0.525482745498758,-0.70710678118655));
#10941=DIRECTION('center_axis',(-0.743144825477395,0.669130606358858,0.));
#10942=DIRECTION('ref_axis',(-0.473146789255813,-0.525482745498758,-0.70710678118655));
#10943=DIRECTION('',(-0.743144825477395,0.669130606358858,0.));
#10944=DIRECTION('center_axis',(0.743144825477395,-0.669130606358858,0.));
#10945=DIRECTION('ref_axis',(-0.473146789255811,-0.525482745498755,0.707106781186553));
#10946=DIRECTION('',(0.743144825477395,-0.669130606358858,0.));
#10947=DIRECTION('center_axis',(-0.743144825477395,0.669130606358858,0.));
#10948=DIRECTION('ref_axis',(-0.473146789255811,-0.525482745498755,0.707106781186553));
#10949=DIRECTION('center_axis',(0.743144825477395,-0.669130606358858,0.));
#10950=DIRECTION('ref_axis',(-1.42862346201615E-17,-1.58664709589375E-17,
1.));
#10951=DIRECTION('',(-1.42862346201615E-17,-1.58664709589375E-17,1.));
#10952=DIRECTION('',(0.,0.,-1.));
#10953=DIRECTION('center_axis',(-0.669130606358858,-0.743144825477395,0.));
#10954=DIRECTION('ref_axis',(0.,0.,1.));
#10955=DIRECTION('center_axis',(0.,0.,-1.));
#10956=DIRECTION('ref_axis',(-1.,0.,0.));
#10957=DIRECTION('center_axis',(-0.64278760968654,0.766044443118978,0.));
#10958=DIRECTION('ref_axis',(0.,0.,-1.));
#10959=DIRECTION('',(0.,0.,1.));
#10960=DIRECTION('center_axis',(0.64278760968654,-0.766044443118978,0.));
#10961=DIRECTION('ref_axis',(-0.5416752204197,-0.454519477672043,-0.707106781186549));
#10962=DIRECTION('',(0.,0.,1.));
#10963=DIRECTION('center_axis',(0.64278760968654,-0.766044443118978,0.));
#10964=DIRECTION('ref_axis',(-0.541675220419698,-0.454519477672041,0.707106781186553));
#10965=DIRECTION('center_axis',(0.64278760968654,-0.766044443118978,0.));
#10966=DIRECTION('ref_axis',(-0.5416752204197,-0.454519477672043,-0.707106781186549));
#10967=DIRECTION('center_axis',(-0.64278760968654,0.766044443118978,0.));
#10968=DIRECTION('ref_axis',(-0.5416752204197,-0.454519477672043,-0.707106781186549));
#10969=DIRECTION('',(-0.64278760968654,0.766044443118978,0.));
#10970=DIRECTION('center_axis',(0.64278760968654,-0.766044443118978,0.));
#10971=DIRECTION('ref_axis',(-0.541675220419698,-0.454519477672041,0.707106781186553));
#10972=DIRECTION('',(0.64278760968654,-0.766044443118978,0.));
#10973=DIRECTION('center_axis',(-0.64278760968654,0.766044443118978,0.));
#10974=DIRECTION('ref_axis',(-0.541675220419698,-0.454519477672041,0.707106781186553));
#10975=DIRECTION('center_axis',(0.64278760968654,-0.766044443118978,0.));
#10976=DIRECTION('ref_axis',(-1.63553879315445E-17,-1.37237999811203E-17,
1.));
#10977=DIRECTION('',(-1.63553879315445E-17,-1.37237999811203E-17,1.));
#10978=DIRECTION('',(0.,0.,-1.));
#10979=DIRECTION('center_axis',(-0.766044443118978,-0.64278760968654,0.));
#10980=DIRECTION('ref_axis',(0.,0.,1.));
#10981=DIRECTION('center_axis',(0.,0.,-1.));
#10982=DIRECTION('ref_axis',(-1.,0.,0.));
#10983=DIRECTION('center_axis',(-0.529919264233205,0.848048096156426,0.));
#10984=DIRECTION('ref_axis',(0.,0.,-1.));
#10985=DIRECTION('',(0.,0.,1.));
#10986=DIRECTION('center_axis',(0.529919264233205,-0.848048096156426,0.));
#10987=DIRECTION('ref_axis',(-0.599660559564548,-0.374709505220684,-0.70710678118655));
#10988=DIRECTION('',(0.,0.,1.));
#10989=DIRECTION('center_axis',(0.529919264233205,-0.848048096156426,0.));
#10990=DIRECTION('ref_axis',(-0.599660559564546,-0.374709505220683,0.707106781186553));
#10991=DIRECTION('center_axis',(0.529919264233205,-0.848048096156426,0.));
#10992=DIRECTION('ref_axis',(-0.599660559564548,-0.374709505220684,-0.70710678118655));
#10993=DIRECTION('center_axis',(-0.529919264233205,0.848048096156426,0.));
#10994=DIRECTION('ref_axis',(-0.599660559564548,-0.374709505220684,-0.70710678118655));
#10995=DIRECTION('',(-0.529919264233205,0.848048096156426,0.));
#10996=DIRECTION('center_axis',(0.529919264233205,-0.848048096156426,0.));
#10997=DIRECTION('ref_axis',(-0.599660559564546,-0.374709505220683,0.707106781186553));
#10998=DIRECTION('',(0.529919264233205,-0.848048096156426,0.));
#10999=DIRECTION('center_axis',(-0.529919264233205,0.848048096156426,0.));
#11000=DIRECTION('ref_axis',(-0.599660559564546,-0.374709505220683,0.707106781186553));
#11001=DIRECTION('center_axis',(0.529919264233205,-0.848048096156426,0.));
#11002=DIRECTION('ref_axis',(-1.81062022208179E-17,-1.13140108472617E-17,
1.));
#11003=DIRECTION('',(-1.81062022208179E-17,-1.13140108472617E-17,1.));
#11004=DIRECTION('',(0.,0.,-1.));
#11005=DIRECTION('center_axis',(-0.848048096156426,-0.529919264233205,0.));
#11006=DIRECTION('ref_axis',(0.,0.,1.));
#11007=DIRECTION('center_axis',(0.,0.,-1.));
#11008=DIRECTION('ref_axis',(-1.,0.,0.));
#11009=DIRECTION('center_axis',(-0.275637355816999,0.961261695938319,0.));
#11010=DIRECTION('ref_axis',(0.,0.,-1.));
#11011=DIRECTION('',(0.,0.,1.));
#11012=DIRECTION('center_axis',(0.275637355816999,-0.961261695938319,0.));
#11013=DIRECTION('ref_axis',(-0.679714663692865,-0.194905043446529,-0.707106781186549));
#11014=DIRECTION('',(0.,0.,1.));
#11015=DIRECTION('center_axis',(0.275637355816999,-0.961261695938319,0.));
#11016=DIRECTION('ref_axis',(-0.679714663692861,-0.194905043446528,0.707106781186553));
#11017=DIRECTION('center_axis',(0.275637355816999,-0.961261695938319,0.));
#11018=DIRECTION('ref_axis',(-0.679714663692865,-0.194905043446529,-0.707106781186549));
#11019=DIRECTION('center_axis',(-0.275637355816999,0.961261695938319,0.));
#11020=DIRECTION('ref_axis',(-0.679714663692865,-0.194905043446529,-0.707106781186549));
#11021=DIRECTION('',(-0.275637355816999,0.961261695938319,0.));
#11022=DIRECTION('center_axis',(0.275637355816999,-0.961261695938319,0.));
#11023=DIRECTION('ref_axis',(-0.679714663692861,-0.194905043446528,0.707106781186553));
#11024=DIRECTION('',(0.275637355816999,-0.961261695938319,0.));
#11025=DIRECTION('center_axis',(-0.275637355816999,0.961261695938319,0.));
#11026=DIRECTION('ref_axis',(-0.679714663692861,-0.194905043446528,0.707106781186553));
#11027=DIRECTION('center_axis',(0.275637355816999,-0.961261695938319,0.));
#11028=DIRECTION('ref_axis',(-2.05233626874097E-17,-5.8849795508692E-18,
1.));
#11029=DIRECTION('',(-2.05233626874097E-17,-5.8849795508692E-18,1.));
#11030=DIRECTION('',(0.,0.,-1.));
#11031=DIRECTION('center_axis',(-0.961261695938319,-0.275637355816999,0.));
#11032=DIRECTION('ref_axis',(0.,0.,1.));
#11033=DIRECTION('center_axis',(0.,0.,-1.));
#11034=DIRECTION('ref_axis',(-1.,0.,0.));
#11035=DIRECTION('',(0.,0.,1.));
#11036=DIRECTION('center_axis',(-0.4067366430758,0.913545457642601,0.));
#11037=DIRECTION('ref_axis',(0.,0.,-1.));
#11038=DIRECTION('center_axis',(0.4067366430758,-0.913545457642601,0.));
#11039=DIRECTION('ref_axis',(-0.645974188021249,-0.28760623847595,-0.707106781186549));
#11040=DIRECTION('',(0.,0.,1.));
#11041=DIRECTION('center_axis',(0.4067366430758,-0.913545457642601,0.));
#11042=DIRECTION('ref_axis',(-0.645974188021246,-0.287606238475949,0.707106781186553));
#11043=DIRECTION('center_axis',(0.4067366430758,-0.913545457642601,0.));
#11044=DIRECTION('ref_axis',(-0.645974188021249,-0.28760623847595,-0.707106781186549));
#11045=DIRECTION('center_axis',(-0.4067366430758,0.913545457642601,0.));
#11046=DIRECTION('ref_axis',(-0.645974188021249,-0.28760623847595,-0.707106781186549));
#11047=DIRECTION('',(-0.4067366430758,0.913545457642601,0.));
#11048=DIRECTION('center_axis',(0.4067366430758,-0.913545457642601,0.));
#11049=DIRECTION('ref_axis',(-0.645974188021246,-0.287606238475949,0.707106781186553));
#11050=DIRECTION('',(0.4067366430758,-0.913545457642601,0.));
#11051=DIRECTION('center_axis',(-0.4067366430758,0.913545457642601,0.));
#11052=DIRECTION('ref_axis',(-0.645974188021246,-0.287606238475949,0.707106781186553));
#11053=DIRECTION('center_axis',(0.4067366430758,-0.913545457642601,0.));
#11054=DIRECTION('ref_axis',(-1.95045998793629E-17,-8.68400736175779E-18,
1.));
#11055=DIRECTION('',(-1.95045998793629E-17,-8.68400736175779E-18,1.));
#11056=DIRECTION('',(0.,0.,-1.));
#11057=DIRECTION('center_axis',(-0.913545457642601,-0.4067366430758,0.));
#11058=DIRECTION('ref_axis',(0.,0.,1.));
#11059=DIRECTION('center_axis',(0.,0.,-1.));
#11060=DIRECTION('ref_axis',(-1.,0.,0.));
#11061=DIRECTION('center_axis',(-0.999390827019096,0.0348994967025013,0.));
#11062=DIRECTION('ref_axis',(0.,0.,-1.));
#11063=DIRECTION('',(0.,0.,1.));
#11064=DIRECTION('center_axis',(0.999390827019096,-0.0348994967025013,0.));
#11065=DIRECTION('ref_axis',(-0.0246776707783361,-0.706676030840833,-0.707106781186549));
#11066=DIRECTION('',(0.,0.,1.));
#11067=DIRECTION('center_axis',(0.999390827019096,-0.0348994967025013,0.));
#11068=DIRECTION('ref_axis',(-0.024677670778336,-0.706676030840829,0.707106781186553));
#11069=DIRECTION('center_axis',(0.999390827019096,-0.0348994967025013,0.));
#11070=DIRECTION('ref_axis',(-0.0246776707783361,-0.706676030840833,-0.707106781186549));
#11071=DIRECTION('center_axis',(-0.999390827019096,0.0348994967025013,0.));
#11072=DIRECTION('ref_axis',(-0.0246776707783361,-0.706676030840833,-0.707106781186549));
#11073=DIRECTION('',(-0.999390827019096,0.0348994967025013,0.));
#11074=DIRECTION('center_axis',(0.999390827019096,-0.0348994967025013,0.));
#11075=DIRECTION('ref_axis',(-0.024677670778336,-0.706676030840829,0.707106781186553));
#11076=DIRECTION('',(0.999390827019096,-0.0348994967025013,0.));
#11077=DIRECTION('center_axis',(-0.999390827019096,0.0348994967025013,0.));
#11078=DIRECTION('ref_axis',(-0.024677670778336,-0.706676030840829,0.707106781186553));
#11079=DIRECTION('center_axis',(0.999390827019096,-0.0348994967025013,0.));
#11080=DIRECTION('ref_axis',(-7.45119702012397E-19,-2.13374365129174E-17,
1.));
#11081=DIRECTION('',(-7.45119702012397E-19,-2.13374365129174E-17,1.));
#11082=DIRECTION('',(0.,0.,-1.));
#11083=DIRECTION('center_axis',(-0.0348994967025013,-0.999390827019096,
0.));
#11084=DIRECTION('ref_axis',(0.,0.,1.));
#11085=DIRECTION('center_axis',(0.,0.,-1.));
#11086=DIRECTION('ref_axis',(-1.,0.,0.));
#11087=DIRECTION('',(0.,0.,1.));
#11088=DIRECTION('center_axis',(-0.994521895368273,-0.104528463267653,0.));
#11089=DIRECTION('ref_axis',(0.,0.,-1.));
#11090=DIRECTION('center_axis',(0.994521895368273,0.104528463267653,0.));
#11091=DIRECTION('ref_axis',(0.0739127852035664,-0.703233176253402,-0.70710678118655));
#11092=DIRECTION('',(0.,0.,1.));
#11093=DIRECTION('center_axis',(0.994521895368273,0.104528463267653,0.));
#11094=DIRECTION('ref_axis',(0.0739127852035661,-0.703233176253399,0.707106781186553));
#11095=DIRECTION('center_axis',(0.994521895368273,0.104528463267653,0.));
#11096=DIRECTION('ref_axis',(0.0739127852035664,-0.703233176253402,-0.70710678118655));
#11097=DIRECTION('center_axis',(-0.994521895368273,-0.104528463267653,0.));
#11098=DIRECTION('ref_axis',(0.0739127852035664,-0.703233176253402,-0.70710678118655));
#11099=DIRECTION('',(-0.994521895368273,-0.104528463267653,0.));
#11100=DIRECTION('center_axis',(0.994521895368273,0.104528463267653,0.));
#11101=DIRECTION('ref_axis',(0.0739127852035661,-0.703233176253399,0.707106781186553));
#11102=DIRECTION('',(0.994521895368273,0.104528463267653,0.));
#11103=DIRECTION('center_axis',(-0.994521895368273,-0.104528463267653,0.));
#11104=DIRECTION('ref_axis',(0.0739127852035661,-0.703233176253399,0.707106781186553));
#11105=DIRECTION('center_axis',(0.994521895368273,0.104528463267653,0.));
#11106=DIRECTION('ref_axis',(2.23172895774813E-18,-2.12334826670581E-17,
1.));
#11107=DIRECTION('',(2.23172895774813E-18,-2.12334826670581E-17,1.));
#11108=DIRECTION('',(0.,0.,-1.));
#11109=DIRECTION('center_axis',(0.104528463267653,-0.994521895368273,0.));
#11110=DIRECTION('ref_axis',(0.,0.,1.));
#11111=DIRECTION('center_axis',(0.,0.,-1.));
#11112=DIRECTION('ref_axis',(-1.,0.,0.));
#11113=DIRECTION('',(0.,0.,1.));
#11114=DIRECTION('center_axis',(-0.984807753012208,0.17364817766693,0.));
#11115=DIRECTION('ref_axis',(0.,0.,-1.));
#11116=DIRECTION('center_axis',(0.984807753012208,-0.17364817766693,0.));
#11117=DIRECTION('ref_axis',(-0.122787803968972,-0.696364240320017,-0.707106781186549));
#11118=DIRECTION('',(0.,0.,1.));
#11119=DIRECTION('center_axis',(0.984807753012208,-0.17364817766693,0.));
#11120=DIRECTION('ref_axis',(-0.122787803968972,-0.696364240320014,0.707106781186553));
#11121=DIRECTION('center_axis',(0.984807753012208,-0.17364817766693,0.));
#11122=DIRECTION('ref_axis',(-0.122787803968972,-0.696364240320017,-0.707106781186549));
#11123=DIRECTION('center_axis',(-0.984807753012208,0.17364817766693,0.));
#11124=DIRECTION('ref_axis',(-0.122787803968972,-0.696364240320017,-0.707106781186549));
#11125=DIRECTION('',(-0.984807753012208,0.17364817766693,0.));
#11126=DIRECTION('center_axis',(0.984807753012208,-0.17364817766693,0.));
#11127=DIRECTION('ref_axis',(-0.122787803968972,-0.696364240320014,0.707106781186553));
#11128=DIRECTION('',(0.984807753012208,-0.17364817766693,0.));
#11129=DIRECTION('center_axis',(-0.984807753012208,0.17364817766693,0.));
#11130=DIRECTION('ref_axis',(-0.122787803968972,-0.696364240320014,0.707106781186553));
#11131=DIRECTION('center_axis',(0.984807753012208,-0.17364817766693,0.));
#11132=DIRECTION('ref_axis',(-3.70746545433434E-18,-2.10260814280271E-17,
1.));
#11133=DIRECTION('',(-3.70746545433434E-18,-2.10260814280271E-17,1.));
#11134=DIRECTION('',(0.,0.,-1.));
#11135=DIRECTION('center_axis',(-0.17364817766693,-0.984807753012208,0.));
#11136=DIRECTION('ref_axis',(0.,0.,1.));
#11137=DIRECTION('center_axis',(0.,0.,-1.));
#11138=DIRECTION('ref_axis',(-1.,0.,0.));
#11139=DIRECTION('center_axis',(-0.970295726275996,-0.241921895599668,0.));
#11140=DIRECTION('ref_axis',(0.,0.,-1.));
#11141=DIRECTION('center_axis',(0.970295726275996,0.241921895599668,0.));
#11142=DIRECTION('ref_axis',(0.171064612896029,-0.686102687806081,-0.707106781186549));
#11143=DIRECTION('',(0.,0.,1.));
#11144=DIRECTION('center_axis',(0.970295726275996,0.241921895599668,0.));
#11145=DIRECTION('ref_axis',(0.171064612896028,-0.686102687806078,0.707106781186553));
#11146=DIRECTION('center_axis',(0.970295726275996,0.241921895599668,0.));
#11147=DIRECTION('ref_axis',(0.171064612896029,-0.686102687806081,-0.707106781186549));
#11148=DIRECTION('center_axis',(-0.970295726275996,-0.241921895599668,0.));
#11149=DIRECTION('ref_axis',(0.171064612896029,-0.686102687806081,-0.707106781186549));
#11150=DIRECTION('',(-0.970295726275996,-0.241921895599668,0.));
#11151=DIRECTION('center_axis',(0.970295726275996,0.241921895599668,0.));
#11152=DIRECTION('ref_axis',(0.171064612896028,-0.686102687806078,0.707106781186553));
#11153=DIRECTION('',(0.970295726275996,0.241921895599668,0.));
#11154=DIRECTION('center_axis',(-0.970295726275996,-0.241921895599668,0.));
#11155=DIRECTION('ref_axis',(0.171064612896028,-0.686102687806078,0.707106781186553));
#11156=DIRECTION('center_axis',(0.970295726275996,0.241921895599668,0.));
#11157=DIRECTION('ref_axis',(5.16513955190016E-18,-2.0716243233813E-17,
1.));
#11158=DIRECTION('',(5.16513955190016E-18,-2.0716243233813E-17,1.));
#11159=DIRECTION('',(0.,0.,-1.));
#11160=DIRECTION('center_axis',(0.241921895599668,-0.970295726275996,0.));
#11161=DIRECTION('ref_axis',(0.,0.,1.));
#11162=DIRECTION('center_axis',(0.,0.,-1.));
#11163=DIRECTION('ref_axis',(-1.,0.,0.));
#11164=DIRECTION('center_axis',(0.,0.,-1.));
#11165=DIRECTION('ref_axis',(-1.,0.,0.));
#11166=DIRECTION('',(0.,0.,-1.));
#11167=DIRECTION('',(0.,0.,1.));
#11168=DIRECTION('center_axis',(0.,0.,-1.));
#11169=DIRECTION('ref_axis',(-1.,0.,0.));
#11170=DIRECTION('',(0.,0.,1.));
#11171=DIRECTION('',(0.,0.,-1.));
#11172=DIRECTION('center_axis',(0.,0.,-1.));
#11173=DIRECTION('ref_axis',(-1.,0.,0.));
#11174=DIRECTION('',(0.,0.,1.));
#11175=DIRECTION('',(0.,0.,-1.));
#11176=DIRECTION('center_axis',(0.,0.,-1.));
#11177=DIRECTION('ref_axis',(-1.,0.,0.));
#11178=DIRECTION('',(0.,0.,1.));
#11179=DIRECTION('',(0.,0.,-1.));
#11180=DIRECTION('center_axis',(0.,0.,-1.));
#11181=DIRECTION('ref_axis',(-1.,0.,0.));
#11182=DIRECTION('',(0.,0.,1.));
#11183=DIRECTION('center_axis',(0.,0.,-1.));
#11184=DIRECTION('ref_axis',(1.,1.30010517655666E-14,0.));
#11185=DIRECTION('',(0.,0.,-1.));
#11186=DIRECTION('',(0.,0.,1.));
#11187=DIRECTION('center_axis',(0.,0.,-1.));
#11188=DIRECTION('ref_axis',(-1.,0.,0.));
#11189=DIRECTION('',(0.,0.,1.));
#11190=DIRECTION('center_axis',(0.,0.,-1.));
#11191=DIRECTION('ref_axis',(-1.,0.,0.));
#11192=DIRECTION('',(0.,0.,1.));
#11193=DIRECTION('',(0.,0.,-1.));
#11194=DIRECTION('center_axis',(0.,0.,1.));
#11195=DIRECTION('ref_axis',(-1.,0.,0.));
#11196=DIRECTION('center_axis',(0.,0.,-1.));
#11197=DIRECTION('ref_axis',(-1.,0.,0.));
#11198=DIRECTION('',(0.,0.,1.));
#11199=DIRECTION('',(0.,0.,-1.));
#11200=DIRECTION('center_axis',(0.,0.,1.));
#11201=DIRECTION('ref_axis',(-1.,0.,0.));
#11202=DIRECTION('center_axis',(0.,0.,-1.));
#11203=DIRECTION('ref_axis',(-1.,0.,0.));
#11204=DIRECTION('center_axis',(0.,0.,-1.));
#11205=DIRECTION('ref_axis',(-1.,0.,0.));
#11206=DIRECTION('',(1.06831261274537E-16,1.,0.));
#11207=DIRECTION('center_axis',(0.,0.,-1.));
#11208=DIRECTION('ref_axis',(-1.,0.,0.));
#11209=DIRECTION('',(0.,0.,1.));
#11210=DIRECTION('',(0.,0.,1.));
#11211=DIRECTION('center_axis',(0.,0.,1.));
#11212=DIRECTION('ref_axis',(-1.,0.,0.));
#11213=DIRECTION('',(0.,0.,1.));
#11214=DIRECTION('center_axis',(1.,-1.06831261274537E-16,0.));
#11215=DIRECTION('ref_axis',(1.06831261274537E-16,1.,0.));
#11216=DIRECTION('',(-1.06831261274537E-16,-1.,0.));
#11217=DIRECTION('center_axis',(0.,0.,1.));
#11218=DIRECTION('ref_axis',(-1.,0.,0.));
#11219=DIRECTION('center_axis',(-0.275637355816999,-0.961261695938319,0.));
#11220=DIRECTION('ref_axis',(-2.05233626874097E-17,5.88497955086921E-18,
1.));
#11221=DIRECTION('center_axis',(0.275637355816999,0.961261695938319,0.));
#11222=DIRECTION('ref_axis',(-0.679714663692861,0.194905043446528,0.707106781186553));
#11223=DIRECTION('',(-2.05233626874097E-17,5.88497955086921E-18,1.));
#11224=DIRECTION('center_axis',(0.275637355816999,0.961261695938319,0.));
#11225=DIRECTION('ref_axis',(-0.679714663692865,0.194905043446529,-0.707106781186549));
#11226=DIRECTION('center_axis',(-0.275637355816999,-0.961261695938319,0.));
#11227=DIRECTION('ref_axis',(-0.679714663692861,0.194905043446528,0.707106781186553));
#11228=DIRECTION('center_axis',(-0.275637355816999,-0.961261695938319,0.));
#11229=DIRECTION('ref_axis',(-0.679714663692861,0.194905043446528,0.707106781186553));
#11230=DIRECTION('',(-0.275637355816999,-0.961261695938319,0.));
#11231=DIRECTION('center_axis',(-0.139173100960065,-0.99026806874157,0.));
#11232=DIRECTION('ref_axis',(-2.1142661585725E-17,2.97140730708798E-18,
1.));
#11233=DIRECTION('center_axis',(0.139173100960065,0.99026806874157,0.));
#11234=DIRECTION('ref_axis',(-0.700225266599666,0.0984102434476216,0.707106781186553));
#11235=DIRECTION('',(-2.1142661585725E-17,2.97140730708798E-18,1.));
#11236=DIRECTION('center_axis',(0.139173100960065,0.99026806874157,0.));
#11237=DIRECTION('ref_axis',(-0.700225266599669,0.098410243447622,-0.70710678118655));
#11238=DIRECTION('center_axis',(-0.139173100960065,-0.99026806874157,0.));
#11239=DIRECTION('ref_axis',(-0.700225266599666,0.0984102434476216,0.707106781186553));
#11240=DIRECTION('center_axis',(-0.139173100960065,-0.99026806874157,0.));
#11241=DIRECTION('ref_axis',(-0.700225266599666,0.0984102434476216,0.707106781186553));
#11242=DIRECTION('',(-0.139173100960065,-0.99026806874157,0.));
#11243=DIRECTION('center_axis',(0.,-1.,0.));
#11244=DIRECTION('ref_axis',(-2.13504426256953E-17,0.,1.));
#11245=DIRECTION('center_axis',(0.,1.,0.));
#11246=DIRECTION('ref_axis',(-0.707106781186542,0.,0.707106781186553));
#11247=DIRECTION('',(-2.13504426256953E-17,0.,1.));
#11248=DIRECTION('center_axis',(0.,1.,0.));
#11249=DIRECTION('ref_axis',(-0.707106781186546,0.,-0.707106781186549));
#11250=DIRECTION('center_axis',(0.,-1.,0.));
#11251=DIRECTION('ref_axis',(-0.707106781186542,0.,0.707106781186553));
#11252=DIRECTION('center_axis',(0.,-1.,0.));
#11253=DIRECTION('ref_axis',(-0.707106781186542,0.,0.707106781186553));
#11254=DIRECTION('',(0.,-1.,0.));
#11255=DIRECTION('center_axis',(0.139173100960066,-0.99026806874157,0.));
#11256=DIRECTION('ref_axis',(-2.1142661585725E-17,-2.97140730708799E-18,
1.));
#11257=DIRECTION('center_axis',(-0.139173100960066,0.99026806874157,0.));
#11258=DIRECTION('ref_axis',(-0.700225266599665,-0.0984102434476219,0.707106781186553));
#11259=DIRECTION('',(-2.1142661585725E-17,-2.97140730708799E-18,1.));
#11260=DIRECTION('center_axis',(-0.139173100960066,0.99026806874157,0.));
#11261=DIRECTION('ref_axis',(-0.700225266599669,-0.0984102434476223,-0.707106781186549));
#11262=DIRECTION('center_axis',(0.139173100960066,-0.99026806874157,0.));
#11263=DIRECTION('ref_axis',(-0.700225266599665,-0.0984102434476219,0.707106781186553));
#11264=DIRECTION('center_axis',(0.139173100960066,-0.99026806874157,0.));
#11265=DIRECTION('ref_axis',(-0.700225266599665,-0.0984102434476219,0.707106781186553));
#11266=DIRECTION('',(0.139173100960066,-0.99026806874157,0.));
#11267=DIRECTION('center_axis',(-0.4067366430758,-0.913545457642601,0.));
#11268=DIRECTION('ref_axis',(-0.645974188021246,0.287606238475949,0.707106781186553));
#11269=DIRECTION('center_axis',(-0.4067366430758,-0.913545457642601,0.));
#11270=DIRECTION('ref_axis',(-0.645974188021246,0.287606238475949,0.707106781186553));
#11271=DIRECTION('',(-0.4067366430758,-0.913545457642601,0.));
#11272=DIRECTION('center_axis',(0.4067366430758,0.913545457642601,0.));
#11273=DIRECTION('ref_axis',(-0.645974188021246,0.287606238475949,0.707106781186553));
#11274=DIRECTION('center_axis',(0.4067366430758,0.913545457642601,0.));
#11275=DIRECTION('ref_axis',(0.,0.,-1.));
#11276=DIRECTION('center_axis',(-0.4067366430758,-0.913545457642601,0.));
#11277=DIRECTION('ref_axis',(-0.645974188021249,0.28760623847595,-0.70710678118655));
#11278=DIRECTION('',(0.,0.,1.));
#11279=DIRECTION('center_axis',(-0.4067366430758,-0.913545457642601,0.));
#11280=DIRECTION('ref_axis',(-0.645974188021249,0.28760623847595,-0.70710678118655));
#11281=DIRECTION('center_axis',(0.4067366430758,0.913545457642601,0.));
#11282=DIRECTION('ref_axis',(-0.645974188021249,0.28760623847595,-0.70710678118655));
#11283=DIRECTION('',(0.4067366430758,0.913545457642601,0.));
#11284=DIRECTION('center_axis',(-0.4067366430758,-0.913545457642601,0.));
#11285=DIRECTION('ref_axis',(-1.95045998793629E-17,8.68400736175779E-18,
1.));
#11286=DIRECTION('',(-1.95045998793629E-17,8.68400736175779E-18,1.));
#11287=DIRECTION('center_axis',(-0.913545457642601,0.4067366430758,0.));
#11288=DIRECTION('ref_axis',(0.,0.,1.));
#11289=DIRECTION('center_axis',(0.275637355816999,0.961261695938319,0.));
#11290=DIRECTION('ref_axis',(0.,0.,-1.));
#11291=DIRECTION('center_axis',(-0.275637355816999,-0.961261695938319,0.));
#11292=DIRECTION('ref_axis',(-0.679714663692865,0.194905043446529,-0.707106781186549));
#11293=DIRECTION('',(0.,0.,1.));
#11294=DIRECTION('center_axis',(-0.275637355816999,-0.961261695938319,0.));
#11295=DIRECTION('ref_axis',(-0.679714663692865,0.194905043446529,-0.707106781186549));
#11296=DIRECTION('',(0.275637355816999,0.961261695938319,0.));
#11297=DIRECTION('center_axis',(-0.961261695938319,0.275637355816999,0.));
#11298=DIRECTION('ref_axis',(0.,0.,1.));
#11299=DIRECTION('center_axis',(0.139173100960065,0.99026806874157,0.));
#11300=DIRECTION('ref_axis',(0.,0.,-1.));
#11301=DIRECTION('center_axis',(-0.139173100960065,-0.99026806874157,0.));
#11302=DIRECTION('ref_axis',(-0.700225266599669,0.098410243447622,-0.70710678118655));
#11303=DIRECTION('',(0.,0.,1.));
#11304=DIRECTION('center_axis',(-0.139173100960065,-0.99026806874157,0.));
#11305=DIRECTION('ref_axis',(-0.700225266599669,0.098410243447622,-0.70710678118655));
#11306=DIRECTION('',(0.139173100960065,0.99026806874157,0.));
#11307=DIRECTION('center_axis',(-0.99026806874157,0.139173100960065,0.));
#11308=DIRECTION('ref_axis',(0.,0.,1.));
#11309=DIRECTION('center_axis',(0.,1.,0.));
#11310=DIRECTION('ref_axis',(0.,0.,-1.));
#11311=DIRECTION('center_axis',(0.,-1.,0.));
#11312=DIRECTION('ref_axis',(-0.707106781186546,0.,-0.707106781186549));
#11313=DIRECTION('',(0.,0.,1.));
#11314=DIRECTION('center_axis',(0.,-1.,0.));
#11315=DIRECTION('ref_axis',(-0.707106781186546,0.,-0.707106781186549));
#11316=DIRECTION('',(0.,1.,0.));
#11317=DIRECTION('center_axis',(-1.,0.,0.));
#11318=DIRECTION('ref_axis',(0.,0.,1.));
#11319=DIRECTION('center_axis',(-0.139173100960066,0.99026806874157,0.));
#11320=DIRECTION('ref_axis',(0.,0.,-1.));
#11321=DIRECTION('center_axis',(0.139173100960066,-0.99026806874157,0.));
#11322=DIRECTION('ref_axis',(-0.700225266599669,-0.0984102434476223,-0.707106781186549));
#11323=DIRECTION('',(0.,0.,1.));
#11324=DIRECTION('center_axis',(0.139173100960066,-0.99026806874157,0.));
#11325=DIRECTION('ref_axis',(-0.700225266599669,-0.0984102434476223,-0.707106781186549));
#11326=DIRECTION('',(-0.139173100960066,0.99026806874157,0.));
#11327=DIRECTION('center_axis',(-0.99026806874157,-0.139173100960066,0.));
#11328=DIRECTION('ref_axis',(0.,0.,1.));
#11329=DIRECTION('center_axis',(-0.0697564737441255,0.997564050259824,0.));
#11330=DIRECTION('ref_axis',(2.12984340205286E-17,1.48933159044477E-18,
1.));
#11331=DIRECTION('center_axis',(0.0697564737441255,-0.997564050259824,0.));
#11332=DIRECTION('ref_axis',(0.705384304606634,0.0493252756161322,0.707106781186553));
#11333=DIRECTION('',(2.12984340205286E-17,1.48933159044477E-18,1.));
#11334=DIRECTION('center_axis',(0.0697564737441255,-0.997564050259824,0.));
#11335=DIRECTION('ref_axis',(0.705384304606638,0.0493252756161324,-0.70710678118655));
#11336=DIRECTION('center_axis',(-0.0697564737441255,0.997564050259824,0.));
#11337=DIRECTION('ref_axis',(0.705384304606634,0.0493252756161322,0.707106781186553));
#11338=DIRECTION('center_axis',(-0.0697564737441255,0.997564050259824,0.));
#11339=DIRECTION('ref_axis',(0.705384304606634,0.0493252756161322,0.707106781186553));
#11340=DIRECTION('',(-0.0697564737441255,0.997564050259824,0.));
#11341=DIRECTION('center_axis',(-0.207911690817759,0.978147600733806,0.));
#11342=DIRECTION('ref_axis',(2.08838842289286E-17,4.43900662601587E-18,
1.));
#11343=DIRECTION('center_axis',(0.207911690817759,-0.978147600733806,0.));
#11344=DIRECTION('ref_axis',(0.691654801480221,0.147015766465197,0.707106781186553));
#11345=DIRECTION('',(2.08838842289286E-17,4.43900662601587E-18,1.));
#11346=DIRECTION('center_axis',(0.207911690817759,-0.978147600733806,0.));
#11347=DIRECTION('ref_axis',(0.691654801480224,0.147015766465198,-0.70710678118655));
#11348=DIRECTION('center_axis',(-0.207911690817759,0.978147600733806,0.));
#11349=DIRECTION('ref_axis',(0.691654801480221,0.147015766465197,0.707106781186553));
#11350=DIRECTION('center_axis',(-0.207911690817759,0.978147600733806,0.));
#11351=DIRECTION('ref_axis',(0.691654801480221,0.147015766465197,0.707106781186553));
#11352=DIRECTION('',(-0.207911690817759,0.978147600733806,0.));
#11353=DIRECTION('center_axis',(-0.342020143325669,0.939692620785908,0.));
#11354=DIRECTION('ref_axis',(2.00628533858788E-17,7.30228144690678E-18,
1.));
#11355=DIRECTION('center_axis',(0.342020143325669,-0.939692620785908,0.));
#11356=DIRECTION('ref_axis',(0.66446302438867,0.241844762647974,0.707106781186553));
#11357=DIRECTION('',(2.00628533858788E-17,7.30228144690678E-18,1.));
#11358=DIRECTION('center_axis',(0.342020143325669,-0.939692620785908,0.));
#11359=DIRECTION('ref_axis',(0.664463024388673,0.241844762647975,-0.70710678118655));
#11360=DIRECTION('center_axis',(-0.342020143325669,0.939692620785908,0.));
#11361=DIRECTION('ref_axis',(0.66446302438867,0.241844762647974,0.707106781186553));
#11362=DIRECTION('center_axis',(-0.342020143325669,0.939692620785908,0.));
#11363=DIRECTION('ref_axis',(0.66446302438867,0.241844762647974,0.707106781186553));
#11364=DIRECTION('',(-0.342020143325669,0.939692620785908,0.));
#11365=DIRECTION('center_axis',(0.0697564737441253,0.997564050259824,0.));
#11366=DIRECTION('ref_axis',(0.705384304606634,-0.049325275616132,0.707106781186553));
#11367=DIRECTION('center_axis',(0.0697564737441253,0.997564050259824,0.));
#11368=DIRECTION('ref_axis',(0.705384304606634,-0.049325275616132,0.707106781186553));
#11369=DIRECTION('',(0.0697564737441253,0.997564050259824,0.));
#11370=DIRECTION('center_axis',(-0.0697564737441253,-0.997564050259824,
0.));
#11371=DIRECTION('ref_axis',(0.705384304606634,-0.049325275616132,0.707106781186553));
#11372=DIRECTION('center_axis',(-0.0697564737441253,-0.997564050259824,
0.));
#11373=DIRECTION('ref_axis',(0.,0.,-1.));
#11374=DIRECTION('center_axis',(0.0697564737441253,0.997564050259824,0.));
#11375=DIRECTION('ref_axis',(0.705384304606638,-0.0493252756161322,-0.70710678118655));
#11376=DIRECTION('',(0.,0.,1.));
#11377=DIRECTION('center_axis',(0.0697564737441253,0.997564050259824,0.));
#11378=DIRECTION('ref_axis',(0.705384304606638,-0.0493252756161322,-0.70710678118655));
#11379=DIRECTION('center_axis',(-0.0697564737441253,-0.997564050259824,
0.));
#11380=DIRECTION('ref_axis',(0.705384304606638,-0.0493252756161322,-0.70710678118655));
#11381=DIRECTION('',(-0.0697564737441253,-0.997564050259824,0.));
#11382=DIRECTION('center_axis',(0.0697564737441253,0.997564050259824,0.));
#11383=DIRECTION('ref_axis',(2.12984340205286E-17,-1.48933159044477E-18,
1.));
#11384=DIRECTION('',(2.12984340205286E-17,-1.48933159044477E-18,1.));
#11385=DIRECTION('center_axis',(0.997564050259824,-0.0697564737441253,0.));
#11386=DIRECTION('ref_axis',(0.,0.,1.));
#11387=DIRECTION('center_axis',(0.0697564737441255,-0.997564050259824,0.));
#11388=DIRECTION('ref_axis',(0.,0.,-1.));
#11389=DIRECTION('center_axis',(-0.0697564737441255,0.997564050259824,0.));
#11390=DIRECTION('ref_axis',(0.705384304606638,0.0493252756161324,-0.70710678118655));
#11391=DIRECTION('',(0.,0.,1.));
#11392=DIRECTION('center_axis',(0.207911690817759,-0.978147600733806,0.));
#11393=DIRECTION('ref_axis',(0.,0.,-1.));
#11394=DIRECTION('center_axis',(-0.207911690817759,0.978147600733806,0.));
#11395=DIRECTION('ref_axis',(0.691654801480224,0.147015766465198,-0.70710678118655));
#11396=DIRECTION('',(0.,0.,1.));
#11397=DIRECTION('center_axis',(-0.207911690817759,0.978147600733806,0.));
#11398=DIRECTION('ref_axis',(0.691654801480224,0.147015766465198,-0.70710678118655));
#11399=DIRECTION('',(0.207911690817759,-0.978147600733806,0.));
#11400=DIRECTION('center_axis',(0.978147600733806,0.207911690817759,0.));
#11401=DIRECTION('ref_axis',(0.,0.,1.));
#11402=DIRECTION('center_axis',(0.342020143325669,-0.939692620785908,0.));
#11403=DIRECTION('ref_axis',(0.,0.,-1.));
#11404=DIRECTION('center_axis',(-0.342020143325669,0.939692620785908,0.));
#11405=DIRECTION('ref_axis',(0.664463024388673,0.241844762647975,-0.70710678118655));
#11406=DIRECTION('',(0.,0.,1.));
#11407=DIRECTION('center_axis',(-0.342020143325669,0.939692620785908,0.));
#11408=DIRECTION('ref_axis',(0.664463024388673,0.241844762647975,-0.70710678118655));
#11409=DIRECTION('',(0.342020143325669,-0.939692620785908,0.));
#11410=DIRECTION('center_axis',(0.939692620785908,0.342020143325669,0.));
#11411=DIRECTION('ref_axis',(0.,0.,1.));
#11412=DIRECTION('center_axis',(-0.0697564737441255,0.997564050259824,0.));
#11413=DIRECTION('ref_axis',(0.705384304606638,0.0493252756161324,-0.70710678118655));
#11414=DIRECTION('',(0.0697564737441255,-0.997564050259824,0.));
#11415=DIRECTION('center_axis',(0.997564050259824,0.0697564737441255,0.));
#11416=DIRECTION('ref_axis',(0.,0.,1.));
#11417=DIRECTION('',(0.,0.,1.));
#11418=DIRECTION('',(1.,0.,0.));
#11419=CARTESIAN_POINT('',(0.,0.,0.));
#11420=CARTESIAN_POINT('',(0.,0.,0.));
#11421=CARTESIAN_POINT('Origin',(143.065786131569,6.794625349255,-19.5));
#11422=CARTESIAN_POINT('',(69.769998833893,25.64157480315,-19.5));
#11423=CARTESIAN_POINT('',(86.8254887493077,6.448310896622,-19.5));
#11424=CARTESIAN_POINT('',(69.769998833893,25.64157480315,-19.5));
#11425=CARTESIAN_POINT('',(86.8159939562709,6.45257649552407,-19.5));
#11426=CARTESIAN_POINT('Origin',(86.8254887493077,6.46101092202199,-19.5));
#11427=CARTESIAN_POINT('',(86.8159939562709,6.45257649552407,-19.5));
#11428=CARTESIAN_POINT('Origin',(143.065786131569,6.794625349255,-19.7));
#11429=CARTESIAN_POINT('',(294.24688849377,-15.24481584963,-19.7));
#11430=CARTESIAN_POINT('',(-8.115316230632,-15.25232410464,-19.7));
#11431=CARTESIAN_POINT('',(-8.115316230632,-15.25232410464,-19.7));
#11432=CARTESIAN_POINT('',(-11.315316230632,-15.25232410464,-19.7));
#11433=CARTESIAN_POINT('',(-11.315316230632,-15.25232410464,-19.7));
#11434=CARTESIAN_POINT('',(-11.315316230632,-13.04481584963,-19.7));
#11435=CARTESIAN_POINT('',(-11.315316230632,-12.05232410464,-19.7));
#11436=CARTESIAN_POINT('',(297.44688849377,-13.04481584963,-19.7));
#11437=CARTESIAN_POINT('',(68.421506223011,-13.04481584963,-19.7));
#11438=CARTESIAN_POINT('',(297.44688849377,-15.24481584963,-19.7));
#11439=CARTESIAN_POINT('',(297.44688849377,5.448310896622,-19.7));
#11440=CARTESIAN_POINT('',(294.24688849377,-15.24481584963,-19.7));
#11441=CARTESIAN_POINT('Origin',(143.065786131569,6.794625349255,0.));
#11442=CARTESIAN_POINT('',(87.71381000762,8.66101092202199,0.));
#11443=CARTESIAN_POINT('',(69.769998833893,28.84157480315,0.));
#11444=CARTESIAN_POINT('',(100.397022230849,-5.60320374289512,0.));
#11445=CARTESIAN_POINT('',(-11.315316230632,28.84157480315,0.));
#11446=CARTESIAN_POINT('',(-8.115316230632,28.84157480315,0.));
#11447=CARTESIAN_POINT('',(-11.315316230632,-15.25232410464,0.));
#11448=CARTESIAN_POINT('',(-11.315316230632,-12.05232410464,0.));
#11449=CARTESIAN_POINT('',(-8.115316230632,-15.25232410464,0.));
#11450=CARTESIAN_POINT('',(-11.315316230632,-15.25232410464,0.));
#11451=CARTESIAN_POINT('',(294.24688849377,-15.24481584963,0.));
#11452=CARTESIAN_POINT('',(-8.115316230632,-15.25232410464,0.));
#11453=CARTESIAN_POINT('',(297.44688849377,-15.24481584963,0.));
#11454=CARTESIAN_POINT('',(294.24688849377,-15.24481584963,0.));
#11455=CARTESIAN_POINT('',(297.44688849377,8.648310896622,0.));
#11456=CARTESIAN_POINT('',(297.44688849377,5.448310896622,0.));
#11457=CARTESIAN_POINT('',(294.24688849377,8.648310896622,0.));
#11458=CARTESIAN_POINT('',(297.44688849377,8.648310896622,0.));
#11459=CARTESIAN_POINT('',(294.24688849377,8.648310896622,0.));
#11460=CARTESIAN_POINT('',(-8.115316230632,-12.05232410464,0.));
#11461=CARTESIAN_POINT('',(-6.234364033488,-12.0523241046413,0.));
#11462=CARTESIAN_POINT('',(-6.234364033488,-12.0523241046413,0.));
#11463=CARTESIAN_POINT('',(-8.115316230632,1.43070526860163,0.));
#11464=CARTESIAN_POINT('',(-8.115316230632,-12.05232410464,0.));
#11465=CARTESIAN_POINT('',(0.88913993143136,6.794625349255,0.));
#11466=CARTESIAN_POINT('',(0.88913993143136,6.794625349255,0.));
#11467=CARTESIAN_POINT('',(-8.115316230632,13.0490161547431,0.));
#11468=CARTESIAN_POINT('',(-8.115316230632,13.0490161547431,0.));
#11469=CARTESIAN_POINT('',(-8.115316230632,25.64157480315,0.));
#11470=CARTESIAN_POINT('',(-8.115316230632,-12.05232410464,0.));
#11471=CARTESIAN_POINT('',(61.4888544830894,25.64157480315,0.));
#11472=CARTESIAN_POINT('',(-8.115316230632,25.64157480315,0.));
#11473=CARTESIAN_POINT('',(66.5000009909272,17.0000002533197,0.));
#11474=CARTESIAN_POINT('',(66.5000009909272,17.0000002533197,0.));
#11475=CARTESIAN_POINT('',(73.7248029756532,21.1895771674355,0.));
#11476=CARTESIAN_POINT('',(73.7248029756532,21.1895771674355,0.));
#11477=CARTESIAN_POINT('',(87.7043152145831,5.45257649552409,0.));
#11478=CARTESIAN_POINT('',(69.769998833893,25.64157480315,0.));
#11479=CARTESIAN_POINT('',(87.71381000762,5.44831089662194,0.));
#11480=CARTESIAN_POINT('Origin',(87.71381000762,5.46101092202198,0.));
#11481=CARTESIAN_POINT('',(294.24688849377,5.448310896622,0.));
#11482=CARTESIAN_POINT('',(87.71381000762,5.44831089662194,0.));
#11483=CARTESIAN_POINT('',(294.24688849377,-12.04481584963,0.));
#11484=CARTESIAN_POINT('',(294.24688849377,5.448310896622,0.));
#11485=CARTESIAN_POINT('',(-6.22277368554698,-12.04481584963,0.));
#11486=CARTESIAN_POINT('',(294.24688849377,-12.04481584963,0.));
#11487=CARTESIAN_POINT('Origin',(-6.222773685547,-12.05751587503,0.));
#11488=CARTESIAN_POINT('',(64.987432054864,22.000043180086,0.));
#11489=CARTESIAN_POINT('Origin',(68.000137160274,22.000043180086,0.));
#11490=CARTESIAN_POINT('',(-7.01271526543,7.00001524003,0.));
#11491=CARTESIAN_POINT('Origin',(-4.50001016002,7.00001524003,0.));
#11492=CARTESIAN_POINT('Origin',(-4.50001016002,7.00001524003,3.));
#11493=CARTESIAN_POINT('',(-2.50001016002,7.00001524003,3.));
#11494=CARTESIAN_POINT('Origin',(-4.50001016002,7.00001524003,3.));
#11495=CARTESIAN_POINT('',(-2.50001016002,7.00001524003,-2.));
#11496=CARTESIAN_POINT('',(-2.50001016002,7.00001524003,3.));
#11497=CARTESIAN_POINT('Origin',(-4.50001016002,7.00001524003,-2.));
#11498=CARTESIAN_POINT('Origin',(-4.50001016002,7.00001524003,-2.));
#11499=CARTESIAN_POINT('Origin',(68.000137160274,22.000043180086,3.));
#11500=CARTESIAN_POINT('',(70.000137160274,22.000043180086,3.));
#11501=CARTESIAN_POINT('Origin',(68.000137160274,22.000043180086,3.));
#11502=CARTESIAN_POINT('',(70.000137160274,22.000043180086,-2.));
#11503=CARTESIAN_POINT('',(70.000137160274,22.000043180086,3.));
#11504=CARTESIAN_POINT('Origin',(68.000137160274,22.000043180086,-2.));
#11505=CARTESIAN_POINT('Origin',(68.000137160274,22.000043180086,-2.));
#11506=CARTESIAN_POINT('Origin',(143.065786131569,6.794625349255,-7.5));
#11507=CARTESIAN_POINT('',(294.24688849377,-15.24481584963,-7.5));
#11508=CARTESIAN_POINT('',(-8.115316230632,-15.25232410464,-7.5));
#11509=CARTESIAN_POINT('',(-8.115316230632,-15.25232410464,-7.5));
#11510=CARTESIAN_POINT('',(297.44688849377,-15.25232410464,-7.5));
#11511=CARTESIAN_POINT('',(67.4752349504683,-15.25232410464,-7.5));
#11512=CARTESIAN_POINT('',(297.44688849377,-15.24481584963,-7.5));
#11513=CARTESIAN_POINT('',(297.44688849377,7.7214681229385,-7.5));
#11514=CARTESIAN_POINT('',(294.24688849377,-15.24481584963,-7.5));
#11515=CARTESIAN_POINT('Origin',(143.065786131569,6.79462534925499,-7.7));
#11516=CARTESIAN_POINT('',(297.44688849377,-15.25232410464,-7.7));
#11517=CARTESIAN_POINT('',(-8.115316230632,-15.25232410464,-7.7));
#11518=CARTESIAN_POINT('',(-11.315316230632,-15.25232410464,-7.7));
#11519=CARTESIAN_POINT('',(294.24688849377,-15.24481584963,-7.7));
#11520=CARTESIAN_POINT('',(218.656611000864,-15.2466929065863,-7.7));
#11521=CARTESIAN_POINT('',(297.44688849377,-15.24481584963,-7.7));
#11522=CARTESIAN_POINT('',(220.25633731267,-15.24481584963,-7.7));
#11523=CARTESIAN_POINT('',(297.44688849377,-15.25232410464,-7.7));
#11524=CARTESIAN_POINT('Origin',(297.44688849377,-15.24481584963,-7.5));
#11525=CARTESIAN_POINT('',(294.24688849377,-15.24481584963,-7.5));
#11526=CARTESIAN_POINT('',(297.44688849377,-15.24481584963,-7.5));
#11527=CARTESIAN_POINT('Origin',(294.24688849377,-15.24481584963,-7.5));
#11528=CARTESIAN_POINT('',(-8.115316230632,-15.25232410464,-7.5));
#11529=CARTESIAN_POINT('Origin',(-6.22277368554698,-13.04481584963,-7.5));
#11530=CARTESIAN_POINT('',(-11.315316230632,-13.04481584963,-7.5));
#11531=CARTESIAN_POINT('',(-11.315316230632,-13.04481584963,-7.5));
#11532=CARTESIAN_POINT('',(297.44688849377,-13.04481584963,-7.5));
#11533=CARTESIAN_POINT('',(68.4215062230108,-13.04481584963,-7.5));
#11534=CARTESIAN_POINT('',(297.44688849377,-13.04481584963,-3.75));
#11535=CARTESIAN_POINT('Origin',(294.24688849377,6.448310896622,-7.5));
#11536=CARTESIAN_POINT('',(294.24688849377,6.448310896622,-7.5));
#11537=CARTESIAN_POINT('',(294.24688849377,6.448310896622,-19.5));
#11538=CARTESIAN_POINT('',(294.24688849377,6.448310896622,-7.5));
#11539=CARTESIAN_POINT('',(86.8254887493077,6.44831089662194,-7.5));
#11540=CARTESIAN_POINT('',(218.656337312669,6.44831089662198,-7.5));
#11541=CARTESIAN_POINT('',(86.8254887493077,6.44831089662194,-7.5));
#11542=CARTESIAN_POINT('',(218.656337312669,6.44831089662198,-19.5));
#11543=CARTESIAN_POINT('Origin',(86.8254887493077,6.46101092202199,-7.5));
#11544=CARTESIAN_POINT('',(86.8159939562709,6.45257649552408,-7.5));
#11545=CARTESIAN_POINT('',(86.8159939562709,6.45257649552408,-7.5));
#11546=CARTESIAN_POINT('Origin',(86.8254887493077,6.46101092202199,-7.5));
#11547=CARTESIAN_POINT('Origin',(143.065786131569,6.794625349255,-7.5));
#11548=CARTESIAN_POINT('',(-11.315316230632,-13.0443241046377,-7.5));
#11549=CARTESIAN_POINT('',(-11.315316230632,-4.2288493776925,-7.5));
#11550=CARTESIAN_POINT('',(-8.11531623063201,-13.04432410464,-7.5));
#11551=CARTESIAN_POINT('',(67.4752349504609,-13.0443241046941,-7.5));
#11552=CARTESIAN_POINT('',(-8.115316230632,-12.05232410464,-7.5));
#11553=CARTESIAN_POINT('',(-8.115316230632,16.2181000762025,-7.5));
#11554=CARTESIAN_POINT('',(-6.234364033488,-12.0523241046413,-7.5));
#11555=CARTESIAN_POINT('',(-6.234364033488,-12.0523241046413,-7.5));
#11556=CARTESIAN_POINT('',(-6.22277368554698,-12.04481584963,-7.5));
#11557=CARTESIAN_POINT('Origin',(-6.222773685547,-12.05751587503,-7.5));
#11558=CARTESIAN_POINT('',(294.24688849377,-12.04481584963,-7.5));
#11559=CARTESIAN_POINT('',(294.24688849377,-12.04481584963,-7.5));
#11560=CARTESIAN_POINT('',(294.24688849377,-13.044689103378,-7.5));
#11561=CARTESIAN_POINT('',(294.24688849377,6.1214681229385,-7.5));
#11562=CARTESIAN_POINT('',(297.44688849377,-13.044689103378,-7.5));
#11563=CARTESIAN_POINT('',(70.2629774762228,-13.044689103378,-7.5));
#11564=CARTESIAN_POINT('',(297.44688849377,7.7214681229385,-7.5));
#11565=CARTESIAN_POINT('Origin',(143.065786131569,6.794625349255,-7.5));
#11566=CARTESIAN_POINT('',(294.24688849377,5.448310896622,-7.5));
#11567=CARTESIAN_POINT('',(294.24688849377,-2.6250952501875,-7.5));
#11568=CARTESIAN_POINT('',(87.71381000762,5.44831089662194,-7.5));
#11569=CARTESIAN_POINT('',(87.71381000762,5.44831089662194,-7.5));
#11570=CARTESIAN_POINT('',(87.7043152145831,5.45257649552409,-7.5));
#11571=CARTESIAN_POINT('Origin',(87.71381000762,5.46101092202198,-7.5));
#11572=CARTESIAN_POINT('',(99.580126938438,-7.91624881708983,-7.5));
#11573=CARTESIAN_POINT('Origin',(-8.115316230632,-15.25232410464,0.));
#11574=CARTESIAN_POINT('',(-8.115316230632,-15.25232410464,0.));
#11575=CARTESIAN_POINT('',(-11.315316230632,-15.25232410464,0.));
#11576=CARTESIAN_POINT('',(297.44688849377,-15.25232410464,-7.5));
#11577=CARTESIAN_POINT('Origin',(68.000137160274,22.000043180086,0.));
#11578=CARTESIAN_POINT('',(64.987432054864,22.000043180086,3.));
#11579=CARTESIAN_POINT('',(64.987432054864,22.000043180086,0.));
#11580=CARTESIAN_POINT('Origin',(68.000137160274,22.000043180086,3.));
#11581=CARTESIAN_POINT('Origin',(68.000137160274,22.000043180086,3.));
#11582=CARTESIAN_POINT('Origin',(-4.50001016002,7.00001524003,0.));
#11583=CARTESIAN_POINT('',(-7.01271526543,7.00001524003,3.));
#11584=CARTESIAN_POINT('',(-7.01271526543,7.00001524003,0.));
#11585=CARTESIAN_POINT('Origin',(-4.50001016002,7.00001524003,3.));
#11586=CARTESIAN_POINT('Origin',(-4.50001016002,7.00001524003,3.));
#11587=CARTESIAN_POINT('Origin',(-8.115316230632,13.0490161547431,0.));
#11588=CARTESIAN_POINT('',(0.88913993143136,6.794625349255,-3.));
#11589=CARTESIAN_POINT('',(0.88913993143136,6.794625349255,0.));
#11590=CARTESIAN_POINT('',(-8.115316230632,13.0490161547431,-3.));
#11591=CARTESIAN_POINT('',(-8.115316230632,13.0490161547431,-3.));
#11592=CARTESIAN_POINT('',(-8.115316230632,13.0490161547431,0.));
#11593=CARTESIAN_POINT('Origin',(0.88913993143136,6.794625349255,0.));
#11594=CARTESIAN_POINT('',(-8.115316230632,1.43070526860163,-3.));
#11595=CARTESIAN_POINT('',(-8.115316230632,1.43070526860162,0.));
#11596=CARTESIAN_POINT('',(0.88913993143136,6.794625349255,-3.));
#11597=CARTESIAN_POINT('Origin',(-3.61308814960032,7.23986071167238,-3.));
#11598=CARTESIAN_POINT('',(-8.115316230632,16.4407177574112,-3.));
#11599=CARTESIAN_POINT('Origin',(73.7248029756532,21.1895771674355,0.));
#11600=CARTESIAN_POINT('',(66.5000009909272,17.0000002533197,-3.));
#11601=CARTESIAN_POINT('',(66.5000009909272,17.0000002533197,0.));
#11602=CARTESIAN_POINT('',(73.7248029756532,21.1895771674355,-3.));
#11603=CARTESIAN_POINT('',(73.7248029756532,21.1895771674355,-3.));
#11604=CARTESIAN_POINT('',(73.7248029756532,21.1895771674355,0.));
#11605=CARTESIAN_POINT('Origin',(66.5000009909272,17.0000002533197,0.));
#11606=CARTESIAN_POINT('',(61.4888544830894,25.64157480315,-3.));
#11607=CARTESIAN_POINT('',(61.4888544830894,25.64157480315,0.));
#11608=CARTESIAN_POINT('',(66.5000009909272,17.0000002533197,-3.));
#11609=CARTESIAN_POINT('Origin',(67.6068287293713,21.3207875282349,-3.));
#11610=CARTESIAN_POINT('',(69.769998833893,25.64157480315,-3.));
#11611=CARTESIAN_POINT('',(68.6884137816321,25.64157480315,-3.));
#11612=CARTESIAN_POINT('',(79.332775069817,14.8765771781974,-3.));
#11613=CARTESIAN_POINT('Origin',(87.704315214583,5.452576495524,0.));
#11614=CARTESIAN_POINT('',(87.7043152145831,5.45257649552409,0.));
#11615=CARTESIAN_POINT('',(69.769998833893,25.64157480315,0.));
#11616=CARTESIAN_POINT('Origin',(-8.115316230632,25.64157480315,0.));
#11617=CARTESIAN_POINT('',(-8.115316230632,-12.05232410464,0.));
#11618=CARTESIAN_POINT('',(-8.11531623063271,-13.04432410464,-19.5));
#11619=CARTESIAN_POINT('',(-8.11531623063271,-13.04432410464,-17.5));
#11620=CARTESIAN_POINT('',(-8.115316230632,25.64157480315,-19.5));
#11621=CARTESIAN_POINT('',(-8.115316230632,16.770008826518,-19.5));
#11622=CARTESIAN_POINT('',(-8.115316230632,25.64157480315,0.));
#11623=CARTESIAN_POINT('Origin',(69.769998833893,25.64157480315,0.));
#11624=CARTESIAN_POINT('',(106.417892482731,25.64157480315,-19.5));
#11625=CARTESIAN_POINT('Origin',(87.71381000762,5.46101092202198,0.));
#11626=CARTESIAN_POINT('',(87.71381000762,5.44831089662194,0.));
#11627=CARTESIAN_POINT('Origin',(294.24688849377,5.448310896622,0.));
#11628=CARTESIAN_POINT('',(294.24688849377,5.448310896622,0.));
#11629=CARTESIAN_POINT('Origin',(-6.22277368554698,-12.04481584963,0.));
#11630=CARTESIAN_POINT('',(294.24688849377,-12.04481584963,0.));
#11631=CARTESIAN_POINT('',(-6.22277368554698,-12.04481584963,0.));
#11632=CARTESIAN_POINT('Origin',(-6.222773685547,-12.05751587503,0.));
#11633=CARTESIAN_POINT('',(-6.234364033488,-12.0523241046413,0.));
#11634=CARTESIAN_POINT('Origin',(-8.115316230632,-12.05232410464,0.));
#11635=CARTESIAN_POINT('Origin',(294.24688849377,-15.24481584963,0.));
#11636=CARTESIAN_POINT('',(294.24688849377,-15.24481584963,0.));
#11637=CARTESIAN_POINT('Origin',(297.44688849377,-15.24481584963,0.));
#11638=CARTESIAN_POINT('',(297.44688849377,-15.24481584963,0.));
#11639=CARTESIAN_POINT('Origin',(143.065786131569,7.898442849886,-19.5));
#11640=CARTESIAN_POINT('',(294.24688849377,-13.04432410464,-19.5));
#11641=CARTESIAN_POINT('',(294.24688849377,-2.073186499872,-19.5));
#11642=CARTESIAN_POINT('',(86.8154901881443,-13.04432410464,-19.5));
#11643=CARTESIAN_POINT('',(86.8159939562709,-12.0622059721978,-19.5));
#11644=CARTESIAN_POINT('',(86.8154901881443,-13.04432410464,-19.5));
#11645=CARTESIAN_POINT('Origin',(87.71381000762,8.66101092202199,0.));
#11646=CARTESIAN_POINT('',(87.71381000762,8.66101092202198,-19.7));
#11647=CARTESIAN_POINT('',(87.71381000762,8.66101092202198,-19.5));
#11648=CARTESIAN_POINT('',(69.769998833893,28.84157480315,-19.7));
#11649=CARTESIAN_POINT('',(100.12296109457,-5.29498002082865,-19.7));
#11650=CARTESIAN_POINT('',(69.769998833893,28.84157480315,-19.5));
#11651=CARTESIAN_POINT('Origin',(86.8154901881443,-13.04432410464,-19.5));
#11652=CARTESIAN_POINT('',(86.8254887493077,6.448310896622,-19.7));
#11653=CARTESIAN_POINT('',(86.8254887493077,6.448310896622,-19.5));
#11654=CARTESIAN_POINT('',(86.8154901881443,-13.04432410464,-19.7));
#11655=CARTESIAN_POINT('',(86.8159939562709,-12.0622059721978,-19.7));
#11656=CARTESIAN_POINT('',(86.8154901881443,-13.04432410464,-19.5));
#11657=CARTESIAN_POINT('Origin',(294.24688849377,-13.04432410464,-19.5));
#11658=CARTESIAN_POINT('',(294.24688849377,-13.04432410464,-19.7));
#11659=CARTESIAN_POINT('',(86.8154901881443,-13.04432410464,-19.7));
#11660=CARTESIAN_POINT('',(294.24688849377,-13.04432410464,-19.5));
#11661=CARTESIAN_POINT('Origin',(294.24688849377,-13.044689103378,-19.5));
#11662=CARTESIAN_POINT('',(294.24688849377,-13.044689103378,-19.7));
#11663=CARTESIAN_POINT('',(294.24688849377,-13.044689103378,-19.7));
#11664=CARTESIAN_POINT('',(294.24688849377,-13.044689103378,-19.5));
#11665=CARTESIAN_POINT('Origin',(297.44688849377,-13.044689103378,-19.5));
#11666=CARTESIAN_POINT('',(297.44688849377,-13.044689103378,-19.7));
#11667=CARTESIAN_POINT('',(297.44688849377,-13.044689103378,-19.7));
#11668=CARTESIAN_POINT('',(297.44688849377,-13.044689103378,-19.5));
#11669=CARTESIAN_POINT('Origin',(297.44688849377,8.648310896622,-19.5));
#11670=CARTESIAN_POINT('',(297.44688849377,8.648310896622,-19.7));
#11671=CARTESIAN_POINT('',(297.44688849377,8.648310896622,-19.7));
#11672=CARTESIAN_POINT('',(297.44688849377,8.648310896622,-19.5));
#11673=CARTESIAN_POINT('Origin',(294.24688849377,8.648310896622,-19.5));
#11674=CARTESIAN_POINT('',(294.24688849377,8.648310896622,-19.7));
#11675=CARTESIAN_POINT('',(294.24688849377,8.648310896622,-19.7));
#11676=CARTESIAN_POINT('',(294.24688849377,8.648310896622,-19.5));
#11677=CARTESIAN_POINT('Origin',(87.71381000762,8.66101092202198,-19.5));
#11678=CARTESIAN_POINT('',(87.71381000762,8.66101092202198,-19.7));
#11679=CARTESIAN_POINT('Origin',(-11.315316230632,28.84157480315,-19.5));
#11680=CARTESIAN_POINT('',(-11.315316230632,28.84157480315,-19.7));
#11681=CARTESIAN_POINT('',(-11.315316230632,28.84157480315,-19.7));
#11682=CARTESIAN_POINT('',(-11.315316230632,28.84157480315,-19.5));
#11683=CARTESIAN_POINT('Origin',(-11.3153162306327,-13.0443241046377,-19.5));
#11684=CARTESIAN_POINT('',(-11.3153162306327,-13.0443241046377,-19.7));
#11685=CARTESIAN_POINT('',(-11.3153162306327,-13.0443241046377,-19.7));
#11686=CARTESIAN_POINT('',(-11.3153162306327,-13.0443241046377,-19.5));
#11687=CARTESIAN_POINT('Origin',(86.8154901881443,-13.0443241047078,-19.5));
#11688=CARTESIAN_POINT('',(-8.11531623063271,-13.04432410464,-19.5));
#11689=CARTESIAN_POINT('',(-8.11531623063271,-13.04432410464,-19.7));
#11690=CARTESIAN_POINT('',(86.8154901881443,-13.04432410464,-19.5));
#11691=CARTESIAN_POINT('Origin',(86.8154901881443,6.448310896622,-19.5));
#11692=CARTESIAN_POINT('',(86.8154901881443,6.448310896622,-19.5));
#11693=CARTESIAN_POINT('',(86.8154901881443,6.448310896622,-19.5));
#11694=CARTESIAN_POINT('',(86.8154901881443,6.448310896622,-19.7));
#11695=CARTESIAN_POINT('',(86.8154901881443,6.448310896622,-19.7));
#11696=CARTESIAN_POINT('',(86.8154901881443,6.448310896622,-19.5));
#11697=CARTESIAN_POINT('Origin',(86.8254887493077,6.448310896622,-19.5));
#11698=CARTESIAN_POINT('',(294.24688849377,6.448310896622,-19.5));
#11699=CARTESIAN_POINT('',(294.24688849377,6.448310896622,-19.7));
#11700=CARTESIAN_POINT('',(86.8254887493077,6.448310896622,-19.5));
#11701=CARTESIAN_POINT('Origin',(86.8254887493077,6.46101092202199,-19.5));
#11702=CARTESIAN_POINT('Origin',(86.8254887493077,6.46101092202199,-19.5));
#11703=CARTESIAN_POINT('',(86.8159939562709,6.45257649552407,-19.7));
#11704=CARTESIAN_POINT('Origin',(86.8254887493077,6.46101092202199,-19.7));
#11705=CARTESIAN_POINT('',(86.8159939562709,6.45257649552407,-19.5));
#11706=CARTESIAN_POINT('Origin',(69.769998833893,25.64157480315,-19.5));
#11707=CARTESIAN_POINT('',(86.8159939562709,6.45257649552407,-19.5));
#11708=CARTESIAN_POINT('',(69.769998833893,25.64157480315,-19.7));
#11709=CARTESIAN_POINT('',(86.8159939562709,6.45257649552407,-19.7));
#11710=CARTESIAN_POINT('',(69.769998833893,25.64157480315,-19.5));
#11711=CARTESIAN_POINT('Origin',(86.8254887493077,6.44831089662197,-19.5));
#11712=CARTESIAN_POINT('',(69.769998833893,25.64157480315,-19.7));
#11713=CARTESIAN_POINT('Origin',(143.065786131569,7.898442849886,-19.7));
#11714=CARTESIAN_POINT('Origin',(143.065786131569,7.898442849886,-19.5));
#11715=CARTESIAN_POINT('Origin',(12.637033274067,25.841640086374,3.1610515156125));
#11716=CARTESIAN_POINT('',(11.637033274067,25.84157480315,3.1610515156125));
#11717=CARTESIAN_POINT('',(12.637033274067,25.84157480315,2.1610515156125));
#11718=CARTESIAN_POINT('Origin',(12.637033274067,25.84157480315,3.1610515156125));
#11719=CARTESIAN_POINT('',(12.637033274067,28.84157480315,2.1610515156125));
#11720=CARTESIAN_POINT('',(12.637033274067,25.841640086374,2.1610515156125));
#11721=CARTESIAN_POINT('',(11.637033274067,28.84157480315,3.1610515156125));
#11722=CARTESIAN_POINT('Origin',(12.637033274067,28.84157480315,3.1610515156125));
#11723=CARTESIAN_POINT('',(11.637033274067,25.841640086374,3.1610515156125));
#11724=CARTESIAN_POINT('Origin',(21.637033274067,25.841640086374,2.1610515156125));
#11725=CARTESIAN_POINT('',(20.637033274067,25.84157480315,2.1610515156125));
#11726=CARTESIAN_POINT('',(1.6608585217175,25.84157480315,2.1610515156125));
#11727=CARTESIAN_POINT('',(20.637033274067,28.84157480315,2.1610515156125));
#11728=CARTESIAN_POINT('',(20.637033274067,25.841640086374,2.1610515156125));
#11729=CARTESIAN_POINT('',(45.70351605398,28.84157480315,2.1610515156125));
#11730=CARTESIAN_POINT('Origin',(20.637033274067,25.841640086374,3.1610515156125));
#11731=CARTESIAN_POINT('',(21.637033274067,28.84157480315,3.1610515156125));
#11732=CARTESIAN_POINT('Origin',(20.637033274067,28.84157480315,3.1610515156125));
#11733=CARTESIAN_POINT('',(21.637033274067,25.84157480315,3.1610515156125));
#11734=CARTESIAN_POINT('Origin',(20.637033274067,25.84157480315,3.1610515156125));
#11735=CARTESIAN_POINT('',(21.637033274067,25.841640086374,3.1610515156125));
#11736=CARTESIAN_POINT('Origin',(20.637033274067,25.841640086374,4.1610515156125));
#11737=CARTESIAN_POINT('',(21.637033274067,25.84157480315,4.1610515156125));
#11738=CARTESIAN_POINT('',(20.637033274067,25.84157480315,5.1610515156125));
#11739=CARTESIAN_POINT('Origin',(20.637033274067,25.84157480315,4.1610515156125));
#11740=CARTESIAN_POINT('',(20.637033274067,28.84157480315,5.1610515156125));
#11741=CARTESIAN_POINT('',(20.637033274067,25.841640086374,5.1610515156125));
#11742=CARTESIAN_POINT('',(21.637033274067,28.84157480315,4.1610515156125));
#11743=CARTESIAN_POINT('Origin',(20.637033274067,28.84157480315,4.1610515156125));
#11744=CARTESIAN_POINT('',(21.637033274067,25.841640086374,4.1610515156125));
#11745=CARTESIAN_POINT('Origin',(11.637033274067,25.841640086374,5.1610515156125));
#11746=CARTESIAN_POINT('',(12.637033274067,25.84157480315,5.1610515156125));
#11747=CARTESIAN_POINT('',(6.6608585217175,25.84157480315,5.1610515156125));
#11748=CARTESIAN_POINT('',(12.637033274067,28.84157480315,5.1610515156125));
#11749=CARTESIAN_POINT('',(12.637033274067,25.841640086374,5.1610515156125));
#11750=CARTESIAN_POINT('',(40.70351605398,28.84157480315,5.1610515156125));
#11751=CARTESIAN_POINT('Origin',(12.637033274067,25.841640086374,4.1610515156125));
#11752=CARTESIAN_POINT('',(11.637033274067,25.84157480315,4.1610515156125));
#11753=CARTESIAN_POINT('Origin',(12.637033274067,25.84157480315,4.1610515156125));
#11754=CARTESIAN_POINT('',(11.637033274067,28.84157480315,4.1610515156125));
#11755=CARTESIAN_POINT('',(11.637033274067,25.841640086374,4.1610515156125));
#11756=CARTESIAN_POINT('Origin',(12.637033274067,28.84157480315,4.1610515156125));
#11757=CARTESIAN_POINT('Origin',(11.637033274067,25.841640086374,2.1610515156125));
#11758=CARTESIAN_POINT('',(11.637033274067,28.84157480315,1.08052575780625));
#11759=CARTESIAN_POINT('',(11.637033274067,25.84157480315,2.58052575780625));
#11760=CARTESIAN_POINT('Origin',(68.000137160274,22.000043180086,3.));
#11761=CARTESIAN_POINT('',(70.000137160274,22.000043180086,0.));
#11762=CARTESIAN_POINT('Origin',(68.000137160274,22.000043180086,0.));
#11763=CARTESIAN_POINT('',(70.000137160274,22.000043180086,3.));
#11764=CARTESIAN_POINT('',(70.000137160274,22.000043180086,3.));
#11765=CARTESIAN_POINT('Origin',(68.000137160274,22.000043180086,3.));
#11766=CARTESIAN_POINT('Origin',(68.000137160274,22.000043180086,0.));
#11767=CARTESIAN_POINT('Origin',(68.000137160274,22.000043180086,3.));
#11768=CARTESIAN_POINT('',(64.987432054864,22.000043180086,13.));
#11769=CARTESIAN_POINT('Origin',(68.000137160274,22.000043180086,13.));
#11770=CARTESIAN_POINT('',(64.987432054864,22.000043180086,3.));
#11771=CARTESIAN_POINT('',(64.987432054864,22.000043180086,3.));
#11772=CARTESIAN_POINT('Origin',(68.000137160274,22.000043180086,3.));
#11773=CARTESIAN_POINT('Origin',(68.000137160274,22.000043180086,3.));
#11774=CARTESIAN_POINT('Origin',(-4.50001016002,7.00001524003,3.));
#11775=CARTESIAN_POINT('',(-2.50001016002,7.00001524003,0.));
#11776=CARTESIAN_POINT('Origin',(-4.50001016002,7.00001524003,0.));
#11777=CARTESIAN_POINT('',(-2.50001016002,7.00001524003,3.));
#11778=CARTESIAN_POINT('',(-2.50001016002,7.00001524003,3.));
#11779=CARTESIAN_POINT('Origin',(-4.50001016002,7.00001524003,3.));
#11780=CARTESIAN_POINT('Origin',(-4.50001016002,7.00001524003,0.));
#11781=CARTESIAN_POINT('Origin',(-4.50001016002,7.00001524003,3.));
#11782=CARTESIAN_POINT('',(-7.01271526543,7.00001524003,13.));
#11783=CARTESIAN_POINT('Origin',(-4.50001016002,7.00001524003,13.));
#11784=CARTESIAN_POINT('',(-7.01271526543,7.00001524003,3.));
#11785=CARTESIAN_POINT('',(-7.01271526543,7.00001524003,3.));
#11786=CARTESIAN_POINT('Origin',(-4.50001016002,7.00001524003,3.));
#11787=CARTESIAN_POINT('Origin',(-4.50001016002,7.00001524003,3.));
#11788=CARTESIAN_POINT('Origin',(220.25633731267,6.148310896622,10.7));
#11789=CARTESIAN_POINT('',(294.24688849377,8.648310896622,10.7));
#11790=CARTESIAN_POINT('',(294.246811629416,6.148310896622,13.2));
#11791=CARTESIAN_POINT('Ctrl Pts',(294.24688849377,8.648310896622,10.7));
#11792=CARTESIAN_POINT('Ctrl Pts',(294.24688676829,8.648310896622,10.7881545684894));
#11793=CARTESIAN_POINT('Ctrl Pts',(294.24688504281,8.64364381649612,10.8763089530854));
#11794=CARTESIAN_POINT('Ctrl Pts',(294.24688331733,8.63433572612355,10.9639707315249));
#11795=CARTESIAN_POINT('Ctrl Pts',(294.246881591904,8.6250279277396,11.0516297600726));
#11796=CARTESIAN_POINT('Ctrl Pts',(294.246879866478,8.6110794493756,11.1387958477067));
#11797=CARTESIAN_POINT('Ctrl Pts',(294.246878141053,8.59256820106538,11.2249821231958));
#11798=CARTESIAN_POINT('Ctrl Pts',(294.246876415677,8.57405749293728,11.3111658836582));
#11799=CARTESIAN_POINT('Ctrl Pts',(294.246874690302,8.55098435861427,11.3963695297189));
#11800=CARTESIAN_POINT('Ctrl Pts',(294.246872964926,8.5234776669157,11.4801171792062));
#11801=CARTESIAN_POINT('Ctrl Pts',(294.246871239597,8.49597171772511,11.5638625680327));
#11802=CARTESIAN_POINT('Ctrl Pts',(294.246869514268,8.46403256545584,11.6461516896798));
#11803=CARTESIAN_POINT('Ctrl Pts',(294.246867788939,8.42783858808428,11.7265249650431));
#11804=CARTESIAN_POINT('Ctrl Pts',(294.246866063653,8.39164550856198,11.8068962466192));
#11805=CARTESIAN_POINT('Ctrl Pts',(294.246864338367,8.35119796616423,11.8853514418733));
#11806=CARTESIAN_POINT('Ctrl Pts',(294.246862613081,8.30672184645461,11.9614524056193));
#11807=CARTESIAN_POINT('Ctrl Pts',(294.246860887834,8.26224673278904,12.0375516479714));
#11808=CARTESIAN_POINT('Ctrl Pts',(294.246859162587,8.21374340969015,12.111296448087));
#11809=CARTESIAN_POINT('Ctrl Pts',(294.24685743734,8.1614827392426,12.1822749853113));
#11810=CARTESIAN_POINT('Ctrl Pts',(294.246855712128,8.10922313666436,12.2532520721944));
#11811=CARTESIAN_POINT('Ctrl Pts',(294.246853986916,8.05320655833216,12.3214627133924));
#11812=CARTESIAN_POINT('Ctrl Pts',(294.246852261704,7.99374581061046,12.3865260087625));
#11813=CARTESIAN_POINT('Ctrl Pts',(294.246850536175,7.93427413345848,12.4516012633625));
#11814=CARTESIAN_POINT('Ctrl Pts',(294.246848810646,7.87135726756351,12.5135277424759));
#11815=CARTESIAN_POINT('Ctrl Pts',(294.246847085117,7.8053466806558,12.5719595108953));
#11816=CARTESIAN_POINT('Ctrl Pts',(294.246845359699,7.73934033629688,12.6303875238622));
#11817=CARTESIAN_POINT('Ctrl Pts',(294.246843634281,7.67024094432361,12.6853210319991));
#11818=CARTESIAN_POINT('Ctrl Pts',(294.246841908863,7.59843445991127,12.7364532037818));
#11819=CARTESIAN_POINT('Ctrl Pts',(294.246840183541,7.52663196209932,12.7875825367745));
#11820=CARTESIAN_POINT('Ctrl Pts',(294.246838458219,7.45212297218814,12.8349107426289));
#11821=CARTESIAN_POINT('Ctrl Pts',(294.246836732896,7.37532361457137,12.8781734985971));
#11822=CARTESIAN_POINT('Ctrl Pts',(294.246835007655,7.29852784887984,12.9214342311552));
#11823=CARTESIAN_POINT('Ctrl Pts',(294.246833282413,7.21944225016173,12.9606297140562));
#11824=CARTESIAN_POINT('Ctrl Pts',(294.246831557172,7.1385084614149,12.9955410653435));
#11825=CARTESIAN_POINT('Ctrl Pts',(294.24682983166,7.05756201672232,13.0304578758607));
#11826=CARTESIAN_POINT('Ctrl Pts',(294.246828106149,6.97476714106014,13.0610890679079));
#11827=CARTESIAN_POINT('Ctrl Pts',(294.246826380638,6.8905863357598,13.0872635322588));
#11828=CARTESIAN_POINT('Ctrl Pts',(294.246824655329,6.80641539330848,13.1134349299392));
#11829=CARTESIAN_POINT('Ctrl Pts',(294.246822930019,6.72085919734999,13.1351505359922));
#11830=CARTESIAN_POINT('Ctrl Pts',(294.24682120471,6.63439556246021,13.1522890730167));
#11831=CARTESIAN_POINT('Ctrl Pts',(294.246819479233,6.54792351028239,13.1694292784882));
#11832=CARTESIAN_POINT('Ctrl Pts',(294.246817753756,6.46054420303344,13.1819914513992));
#11833=CARTESIAN_POINT('Ctrl Pts',(294.246816028279,6.37274573186713,13.18990542084));
#11834=CARTESIAN_POINT('Ctrl Pts',(294.246814561991,6.29813574890476,13.196630607706));
#11835=CARTESIAN_POINT('Ctrl Pts',(294.246813095703,6.22322336351521,13.2));
#11836=CARTESIAN_POINT('Ctrl Pts',(294.246811629416,6.148310896622,13.2));
#11837=CARTESIAN_POINT('',(294.94688849377,6.148310896622,13.2));
#11838=CARTESIAN_POINT('',(220.25633731267,6.148310896622,13.2));
#11839=CARTESIAN_POINT('',(297.44688849377,8.648310896622,10.7));
#11840=CARTESIAN_POINT('Origin',(294.94688849377,6.148310896622,10.7));
#11841=CARTESIAN_POINT('',(220.25633731267,8.648310896622,10.7));
#11842=CARTESIAN_POINT('Origin',(294.94688849377,-4.2250952501875,10.7));
#11843=CARTESIAN_POINT('',(294.94688849377,-12.74481584963,13.2));
#11844=CARTESIAN_POINT('',(294.94688849377,-4.2250952501875,13.2));
#11845=CARTESIAN_POINT('',(297.44688849377,-15.24481584963,10.7));
#11846=CARTESIAN_POINT('Origin',(294.94688849377,-12.74481584963,10.7));
#11847=CARTESIAN_POINT('',(297.44688849377,-4.2250952501875,10.7));
#11848=CARTESIAN_POINT('Origin',(65.8752349504685,-12.75232410464,10.7));
#11849=CARTESIAN_POINT('',(-8.115316230632,-15.25232410464,10.7));
#11850=CARTESIAN_POINT('',(-8.11534727061853,-12.75232410464,13.2));
#11851=CARTESIAN_POINT('Ctrl Pts',(-8.115316230632,-15.25232410464,10.7));
#11852=CARTESIAN_POINT('Ctrl Pts',(-8.11531692742931,-15.25232410464,10.7881545684894));
#11853=CARTESIAN_POINT('Ctrl Pts',(-8.11531762422662,-15.2476570245141,
10.8763089530854));
#11854=CARTESIAN_POINT('Ctrl Pts',(-8.11531832102392,-15.2383489341416,
10.9639707315249));
#11855=CARTESIAN_POINT('Ctrl Pts',(-8.11531901779937,-15.2290411357576,
11.0516297600726));
#11856=CARTESIAN_POINT('Ctrl Pts',(-8.11531971457481,-15.2150926573936,
11.1387958477067));
#11857=CARTESIAN_POINT('Ctrl Pts',(-8.11532041135025,-15.1965814090834,
11.2249821231958));
#11858=CARTESIAN_POINT('Ctrl Pts',(-8.11532110810537,-15.1780707009553,
11.3111658836582));
#11859=CARTESIAN_POINT('Ctrl Pts',(-8.11532180486049,-15.1549975666323,
11.3963695297189));
#11860=CARTESIAN_POINT('Ctrl Pts',(-8.11532250161561,-15.1274908749337,
11.4801171792061));
#11861=CARTESIAN_POINT('Ctrl Pts',(-8.11532319835191,-15.0999849257431,
11.5638625680327));
#11862=CARTESIAN_POINT('Ctrl Pts',(-8.11532389508821,-15.0680457734738,
11.6461516896798));
#11863=CARTESIAN_POINT('Ctrl Pts',(-8.11532459182452,-15.0318517961023,
11.726524965043));
#11864=CARTESIAN_POINT('Ctrl Pts',(-8.11532528854354,-14.99565871658,11.8068962466191));
#11865=CARTESIAN_POINT('Ctrl Pts',(-8.11532598526256,-14.9552111741823,
11.8853514418733));
#11866=CARTESIAN_POINT('Ctrl Pts',(-8.11532668198159,-14.9107350544726,
11.9614524056192));
#11867=CARTESIAN_POINT('Ctrl Pts',(-8.11532737868485,-14.8662599408071,
12.0375516479713));
#11868=CARTESIAN_POINT('Ctrl Pts',(-8.11532807538811,-14.8177566177082,
12.111296448087));
#11869=CARTESIAN_POINT('Ctrl Pts',(-8.11532877209137,-14.7654959472606,
12.1822749853113));
#11870=CARTESIAN_POINT('Ctrl Pts',(-8.1153294687804,-14.7132363446824,12.2532520721943));
#11871=CARTESIAN_POINT('Ctrl Pts',(-8.11533016546943,-14.6572197663502,
12.3214627133924));
#11872=CARTESIAN_POINT('Ctrl Pts',(-8.11533086215846,-14.5977590186285,
12.3865260087625));
#11873=CARTESIAN_POINT('Ctrl Pts',(-8.11533155897554,-14.5382873414765,
12.4516012633625));
#11874=CARTESIAN_POINT('Ctrl Pts',(-8.11533225579262,-14.4753704755815,
12.5135277424759));
#11875=CARTESIAN_POINT('Ctrl Pts',(-8.11533295260971,-14.4093598886738,
12.5719595108953));
#11876=CARTESIAN_POINT('Ctrl Pts',(-8.11533364938201,-14.3433535443149,
12.6303875238622));
#11877=CARTESIAN_POINT('Ctrl Pts',(-8.11533434615432,-14.2742541523416,
12.6853210319991));
#11878=CARTESIAN_POINT('Ctrl Pts',(-8.11533504292662,-14.2024476679293,
12.7364532037818));
#11879=CARTESIAN_POINT('Ctrl Pts',(-8.11533573966023,-14.1306451701173,
12.7875825367745));
#11880=CARTESIAN_POINT('Ctrl Pts',(-8.11533643639384,-14.0561361802062,
12.8349107426289));
#11881=CARTESIAN_POINT('Ctrl Pts',(-8.11533713312745,-13.9793368225894,
12.878173498597));
#11882=CARTESIAN_POINT('Ctrl Pts',(-8.11533782982848,-13.9025410568979,
12.9214342311552));
#11883=CARTESIAN_POINT('Ctrl Pts',(-8.11533852652951,-13.8234554581797,
12.9606297140562));
#11884=CARTESIAN_POINT('Ctrl Pts',(-8.11533922323054,-13.7425216694329,
12.9955410653435));
#11885=CARTESIAN_POINT('Ctrl Pts',(-8.11533992004051,-13.6615752247403,
13.0304578758607));
#11886=CARTESIAN_POINT('Ctrl Pts',(-8.1153406168505,-13.5787803490781,13.0610890679079));
#11887=CARTESIAN_POINT('Ctrl Pts',(-8.11534131366048,-13.4945995437778,
13.0872635322588));
#11888=CARTESIAN_POINT('Ctrl Pts',(-8.11534201038882,-13.4104286013265,
13.1134349299392));
#11889=CARTESIAN_POINT('Ctrl Pts',(-8.11534270711714,-13.324872405368,13.1351505359922));
#11890=CARTESIAN_POINT('Ctrl Pts',(-8.11534340384547,-13.2384087704782,
13.1522890730167));
#11891=CARTESIAN_POINT('Ctrl Pts',(-8.11534410064163,-13.1519367183004,
13.1694292784882));
#11892=CARTESIAN_POINT('Ctrl Pts',(-8.11534479743782,-13.0645574110514,
13.1819914513992));
#11893=CARTESIAN_POINT('Ctrl Pts',(-8.11534549423398,-12.9767589398851,
13.18990542084));
#11894=CARTESIAN_POINT('Ctrl Pts',(-8.11534608636217,-12.9021489569228,
13.196630607706));
#11895=CARTESIAN_POINT('Ctrl Pts',(-8.11534667849034,-12.8272365715332,
13.2));
#11896=CARTESIAN_POINT('Ctrl Pts',(-8.11534727061853,-12.75232410464,13.2));
#11897=CARTESIAN_POINT('',(-8.815316230632,-12.75232410464,13.2));
#11898=CARTESIAN_POINT('',(65.8752349504685,-12.75232410464,13.2));
#11899=CARTESIAN_POINT('',(-11.315316230632,-15.25232410464,10.7));
#11900=CARTESIAN_POINT('Origin',(-8.815316230632,-12.75232410464,10.7));
#11901=CARTESIAN_POINT('',(65.8752349504685,-15.25232410464,10.7));
#11902=CARTESIAN_POINT('Origin',(-8.815316230632,17.8181000762025,10.7));
#11903=CARTESIAN_POINT('',(-8.815316230632,26.34157480315,13.2));
#11904=CARTESIAN_POINT('',(-8.815316230632,17.8181000762025,13.2));
#11905=CARTESIAN_POINT('',(-11.315316230632,28.84157480315,10.7));
#11906=CARTESIAN_POINT('Origin',(-8.815316230632,26.34157480315,10.7));
#11907=CARTESIAN_POINT('',(-11.315316230632,17.8181000762025,10.7));
#11908=CARTESIAN_POINT('Origin',(106.417892482731,26.34157480315,10.7));
#11909=CARTESIAN_POINT('',(69.769998833893,28.84157480315,10.7));
#11910=CARTESIAN_POINT('',(106.417892482731,28.84157480315,10.7));
#11911=CARTESIAN_POINT('',(68.6475636566778,26.34157480315,13.2));
#11912=CARTESIAN_POINT('',(106.417892482731,26.34157480315,13.2));
#11913=CARTESIAN_POINT('Origin',(68.6475636566778,26.34157480315,10.7));
#11914=CARTESIAN_POINT('Origin',(67.4754465586897,-12.7504470348621,10.7));
#11915=CARTESIAN_POINT('',(294.24688849377,-15.24481584963,10.7));
#11916=CARTESIAN_POINT('',(294.246857453783,-12.74481584963,13.2));
#11917=CARTESIAN_POINT('Ctrl Pts',(294.24688849377,-15.24481584963,10.6999999999997));
#11918=CARTESIAN_POINT('Ctrl Pts',(294.246889190567,-15.2448158496127,10.7881545684891));
#11919=CARTESIAN_POINT('Ctrl Pts',(294.246889771472,-15.240148769471,10.876308953085));
#11920=CARTESIAN_POINT('Ctrl Pts',(294.246890237131,-15.230840679084,10.9639707315245));
#11921=CARTESIAN_POINT('Ctrl Pts',(294.246890702775,-15.2215328806856,11.0516297600723));
#11922=CARTESIAN_POINT('Ctrl Pts',(294.246891053182,-15.2075844023086,11.1387958477063));
#11923=CARTESIAN_POINT('Ctrl Pts',(294.246891290286,-15.1890731539868,11.2249821231954));
#11924=CARTESIAN_POINT('Ctrl Pts',(294.246891527384,-15.1705624458471,11.3111658836578));
#11925=CARTESIAN_POINT('Ctrl Pts',(294.246891651187,-15.147489311514,11.3963695297186));
#11926=CARTESIAN_POINT('Ctrl Pts',(294.246891664896,-15.1199826198066,11.4801171792058));
#11927=CARTESIAN_POINT('Ctrl Pts',(294.246891678605,-15.0924766706072,11.5638625680324));
#11928=CARTESIAN_POINT('Ctrl Pts',(294.246891582229,-15.0605375183305,11.6461516896795));
#11929=CARTESIAN_POINT('Ctrl Pts',(294.246891380197,-15.0243435409528,11.7265249650427));
#11930=CARTESIAN_POINT('Ctrl Pts',(294.246891178169,-14.9881504614244,11.8068962466188));
#11931=CARTESIAN_POINT('Ctrl Pts',(294.246890870496,-14.9477029190218,11.885351441873));
#11932=CARTESIAN_POINT('Ctrl Pts',(294.246890462784,-14.9032267993086,11.9614524056189));
#11933=CARTESIAN_POINT('Ctrl Pts',(294.246890055082,-14.8587516856395,12.037551647971));
#11934=CARTESIAN_POINT('Ctrl Pts',(294.246889547351,-14.8102483625382,12.1112964480867));
#11935=CARTESIAN_POINT('Ctrl Pts',(294.246888946318,-14.7579876920895,12.182274985311));
#11936=CARTESIAN_POINT('Ctrl Pts',(294.246888345297,-14.7057280895101,12.2532520721941));
#11937=CARTESIAN_POINT('Ctrl Pts',(294.246887650983,-14.6497115111779,12.3214627133921));
#11938=CARTESIAN_POINT('Ctrl Pts',(294.246886871143,-14.5902507634572,12.3865260087622));
#11939=CARTESIAN_POINT('Ctrl Pts',(294.24688609116,-14.5307790863063,12.4516012633622));
#11940=CARTESIAN_POINT('Ctrl Pts',(294.246885225626,-14.4678622204134,12.5135277424757));
#11941=CARTESIAN_POINT('Ctrl Pts',(294.246884283269,-14.4018516335087,12.5719595108951));
#11942=CARTESIAN_POINT('Ctrl Pts',(294.246883340973,-14.3358452891529,12.6303875238619));
#11943=CARTESIAN_POINT('Ctrl Pts',(294.24688232187,-14.2667458971836,12.6853210319989));
#11944=CARTESIAN_POINT('Ctrl Pts',(294.246881235544,-14.1949394127761,12.7364532037816));
#11945=CARTESIAN_POINT('Ctrl Pts',(294.246880149279,-14.123136914969,12.7875825367743));
#11946=CARTESIAN_POINT('Ctrl Pts',(294.246878995806,-14.0486279250635,12.8349107426287));
#11947=CARTESIAN_POINT('Ctrl Pts',(294.246877785459,-13.9718285674531,12.8781734985969));
#11948=CARTESIAN_POINT('Ctrl Pts',(294.246876575168,-13.8950328017679,12.9214342311551));
#11949=CARTESIAN_POINT('Ctrl Pts',(294.246875308017,-13.8159472030569,12.9606297140561));
#11950=CARTESIAN_POINT('Ctrl Pts',(294.246873994971,-13.7350134143177,12.9955410653434));
#11951=CARTESIAN_POINT('Ctrl Pts',(294.246872681719,-13.6540669696328,13.0304578758606));
#11952=CARTESIAN_POINT('Ctrl Pts',(294.246871322568,-13.5712720939788,13.0610890679078));
#11953=CARTESIAN_POINT('Ctrl Pts',(294.246869929001,-13.4870912886871,13.0872635322587));
#11954=CARTESIAN_POINT('Ctrl Pts',(294.246868535598,-13.4029203462445,13.1134349299392));
#11955=CARTESIAN_POINT('Ctrl Pts',(294.246867107795,-13.317364150295,13.1351505359922));
#11956=CARTESIAN_POINT('Ctrl Pts',(294.24686565746,-13.2309005154146,13.1522890730166));
#11957=CARTESIAN_POINT('Ctrl Pts',(294.246864206983,-13.1444284632462,13.1694292784882));
#11958=CARTESIAN_POINT('Ctrl Pts',(294.246862733977,-13.0570491560068,13.1819914513992));
#11959=CARTESIAN_POINT('Ctrl Pts',(294.246861250562,-12.9692506848503,13.18990542084));
#11960=CARTESIAN_POINT('Ctrl Pts',(294.246859989976,-12.894640701896,13.196630607706));
#11961=CARTESIAN_POINT('Ctrl Pts',(294.246858721881,-12.8197283165147,13.2));
#11962=CARTESIAN_POINT('Ctrl Pts',(294.246857453783,-12.7448158496297,13.2));
#11963=CARTESIAN_POINT('',(67.4754465586897,-12.7504470348621,13.2));
#11964=CARTESIAN_POINT('',(67.4755086386627,-15.2504470340913,10.7));
#11965=CARTESIAN_POINT('Origin',(218.65633731267,-12.74481584963,10.7));
#11966=CARTESIAN_POINT('',(218.65633731267,-12.74481584963,13.2));
#11967=CARTESIAN_POINT('',(218.65633731267,-15.24481584963,10.7));
#11968=CARTESIAN_POINT('Origin',(98.5287532675309,-7.26439942092403,10.7));
#11969=CARTESIAN_POINT('',(87.71381000762,8.66101092202199,10.7));
#11970=CARTESIAN_POINT('',(100.397022230849,-5.60320374289511,10.7));
#11971=CARTESIAN_POINT('',(86.5913134610385,6.16107994127342,13.2));
#11972=CARTESIAN_POINT('',(98.5287532675309,-7.26439942092403,13.2));
#11973=CARTESIAN_POINT('Origin',(86.5913134610386,6.16107994127342,10.7));
#11974=CARTESIAN_POINT('Origin',(218.656240862721,6.15295907296147,10.7));
#11975=CARTESIAN_POINT('',(218.656240862721,6.15295907296147,13.2));
#11976=CARTESIAN_POINT('',(218.65639459143,8.65295906823496,10.7));
#11977=CARTESIAN_POINT('Origin',(297.44688849377,8.648310896622,0.));
#11978=CARTESIAN_POINT('',(297.44688849377,8.648310896622,0.));
#11979=CARTESIAN_POINT('',(297.44688849377,8.648310896622,0.));
#11980=CARTESIAN_POINT('',(294.24688849377,8.648310896622,0.));
#11981=CARTESIAN_POINT('',(294.44688849377,8.648310896622,0.));
#11982=CARTESIAN_POINT('',(294.24688849377,8.648310896622,0.));
#11983=CARTESIAN_POINT('Origin',(297.44688849377,-15.24481584963,0.));
#11984=CARTESIAN_POINT('',(297.44688849377,-15.24481584963,0.));
#11985=CARTESIAN_POINT('',(297.44688849377,-15.24481584963,0.));
#11986=CARTESIAN_POINT('',(297.44688849377,-15.25232410464,0.));
#11987=CARTESIAN_POINT('Origin',(294.24688849377,-15.24481584963,0.));
#11988=CARTESIAN_POINT('',(294.24688849377,-15.24481584963,0.));
#11989=CARTESIAN_POINT('',(294.24688849377,-15.24481584963,0.));
#11990=CARTESIAN_POINT('',(294.24688849377,-15.24481584963,0.));
#11991=CARTESIAN_POINT('Origin',(-8.115316230632,-15.25232410464,0.));
#11992=CARTESIAN_POINT('',(-8.115316230632,-15.25232410464,0.));
#11993=CARTESIAN_POINT('',(-8.115316230632,-15.25232410464,0.));
#11994=CARTESIAN_POINT('',(-8.115316230632,-15.25232410464,0.));
#11995=CARTESIAN_POINT('Origin',(-11.315316230632,-15.25232410464,0.));
#11996=CARTESIAN_POINT('',(-11.315316230632,-15.25232410464,0.));
#11997=CARTESIAN_POINT('',(-11.315316230632,-15.25232410464,0.));
#11998=CARTESIAN_POINT('',(-8.315316230632,-15.25232410464,0.));
#11999=CARTESIAN_POINT('Origin',(143.065786131569,6.794625349255,13.2));
#12000=CARTESIAN_POINT('',(279.562799256765,-11.5675233043118,13.2));
#12001=CARTESIAN_POINT('',(279.562799256765,4.03247631421825,13.2));
#12002=CARTESIAN_POINT('',(279.562799256765,5.41355083173663,13.2));
#12003=CARTESIAN_POINT('',(293.56279891442,4.03247631421825,13.2));
#12004=CARTESIAN_POINT('',(218.314292522994,4.03247631421825,13.2));
#12005=CARTESIAN_POINT('',(293.56279891442,-11.5675233043118,13.2));
#12006=CARTESIAN_POINT('',(293.56279891442,-2.38644897752837,13.2));
#12007=CARTESIAN_POINT('',(211.314292694167,-11.5675233043118,13.2));
#12008=CARTESIAN_POINT('',(203.362646856465,-11.5675233043118,13.2));
#12009=CARTESIAN_POINT('',(203.362646856465,4.03247631421825,13.2));
#12010=CARTESIAN_POINT('',(203.362646856465,5.41355083173663,13.2));
#12011=CARTESIAN_POINT('',(217.36264651412,4.03247631421825,13.2));
#12012=CARTESIAN_POINT('',(180.214216322844,4.03247631421825,13.2));
#12013=CARTESIAN_POINT('',(217.36264651412,-11.5675233043118,13.2));
#12014=CARTESIAN_POINT('',(217.36264651412,-2.38644897752837,13.2));
#12015=CARTESIAN_POINT('',(173.214216494017,-11.5675233043118,13.2));
#12016=CARTESIAN_POINT('',(146.212532556235,-11.5675233043118,13.2));
#12017=CARTESIAN_POINT('',(146.212532556235,4.03247631421825,13.2));
#12018=CARTESIAN_POINT('',(146.212532556235,5.41355083173663,13.2));
#12019=CARTESIAN_POINT('',(160.21253221389,4.03247631421825,13.2));
#12020=CARTESIAN_POINT('',(151.639159172729,4.03247631421825,13.2));
#12021=CARTESIAN_POINT('',(160.21253221389,-11.5675233043118,13.2));
#12022=CARTESIAN_POINT('',(160.21253221389,-2.38644897752837,13.2));
#12023=CARTESIAN_POINT('',(144.639159343902,-11.5675233043118,13.2));
#12024=CARTESIAN_POINT('',(50.962342055856,-11.5675233043118,13.2));
#12025=CARTESIAN_POINT('',(50.962342055856,4.03247631421825,13.2));
#12026=CARTESIAN_POINT('',(50.962342055856,5.41355083173663,13.2));
#12027=CARTESIAN_POINT('',(64.962341713511,4.03247631421825,13.2));
#12028=CARTESIAN_POINT('',(104.01406392254,4.03247631421825,13.2));
#12029=CARTESIAN_POINT('',(64.962341713511,-11.5675233043118,13.2));
#12030=CARTESIAN_POINT('',(64.962341713511,-2.38644897752837,13.2));
#12031=CARTESIAN_POINT('',(97.0140640937125,-11.5675233043118,13.2));
#12032=CARTESIAN_POINT('',(-6.187772244372,-11.5675233043118,13.2));
#12033=CARTESIAN_POINT('',(-6.187772244372,4.03247631421825,13.2));
#12034=CARTESIAN_POINT('',(-6.18777224437201,5.41355083173663,13.2));
#12035=CARTESIAN_POINT('',(7.812227413283,4.03247631421825,13.2));
#12036=CARTESIAN_POINT('',(75.439006772426,4.03247631421825,13.2));
#12037=CARTESIAN_POINT('',(7.812227413283,-11.5675233043118,13.2));
#12038=CARTESIAN_POINT('',(7.812227413283,-2.38644897752837,13.2));
#12039=CARTESIAN_POINT('',(68.4390069435985,-11.5675233043118,13.2));
#12040=CARTESIAN_POINT('',(70.012380155932,-11.5675233043118,13.2));
#12041=CARTESIAN_POINT('',(70.012380155932,4.03247631421825,13.2));
#12042=CARTESIAN_POINT('',(70.012380155932,5.41355083173663,13.2));
#12043=CARTESIAN_POINT('',(84.012379813587,4.03247631421825,13.2));
#12044=CARTESIAN_POINT('',(113.539082972578,4.03247631421825,13.2));
#12045=CARTESIAN_POINT('',(84.012379813587,-11.5675233043118,13.2));
#12046=CARTESIAN_POINT('',(84.012379813587,-2.38644897752837,13.2));
#12047=CARTESIAN_POINT('',(106.539083143751,-11.5675233043118,13.2));
#12048=CARTESIAN_POINT('',(127.162494456155,-11.5675233043118,13.2));
#12049=CARTESIAN_POINT('',(127.162494456155,4.03247631421825,13.2));
#12050=CARTESIAN_POINT('',(127.162494456155,5.41355083173663,13.2));
#12051=CARTESIAN_POINT('',(141.16249411381,4.03247631421825,13.2));
#12052=CARTESIAN_POINT('',(142.114140122689,4.03247631421825,13.2));
#12053=CARTESIAN_POINT('',(141.16249411381,-11.5675233043118,13.2));
#12054=CARTESIAN_POINT('',(141.16249411381,-2.38644897752837,13.2));
#12055=CARTESIAN_POINT('',(135.114140293862,-11.5675233043118,13.2));
#12056=CARTESIAN_POINT('',(222.412684956535,-11.5675233043118,13.2));
#12057=CARTESIAN_POINT('',(222.412684956535,4.03247631421825,13.2));
#12058=CARTESIAN_POINT('',(222.412684956535,5.41355083173663,13.2));
#12059=CARTESIAN_POINT('',(236.41268461419,4.03247631421825,13.2));
#12060=CARTESIAN_POINT('',(189.73923537288,4.03247631421825,13.2));
#12061=CARTESIAN_POINT('',(236.41268461419,-11.5675233043118,13.2));
#12062=CARTESIAN_POINT('',(236.41268461419,-2.38644897752837,13.2));
#12063=CARTESIAN_POINT('',(182.739235544052,-11.5675233043118,13.2));
#12064=CARTESIAN_POINT('',(260.512761156685,-11.5675233043118,13.2));
#12065=CARTESIAN_POINT('',(260.512761156685,4.03247631421825,13.2));
#12066=CARTESIAN_POINT('',(260.512761156685,5.41355083173663,13.2));
#12067=CARTESIAN_POINT('',(274.51276081434,4.03247631421825,13.2));
#12068=CARTESIAN_POINT('',(208.789273472955,4.03247631421825,13.2));
#12069=CARTESIAN_POINT('',(274.51276081434,-11.5675233043118,13.2));
#12070=CARTESIAN_POINT('',(274.51276081434,-2.38644897752837,13.2));
#12071=CARTESIAN_POINT('',(201.789273644127,-11.5675233043118,13.2));
#12072=CARTESIAN_POINT('',(184.312608756385,-11.5675233043118,13.2));
#12073=CARTESIAN_POINT('',(184.312608756385,4.03247631421825,13.2));
#12074=CARTESIAN_POINT('',(184.312608756385,5.41355083173663,13.2));
#12075=CARTESIAN_POINT('',(198.31260841404,4.03247631421825,13.2));
#12076=CARTESIAN_POINT('',(170.689197272805,4.03247631421825,13.2));
#12077=CARTESIAN_POINT('',(198.31260841404,-11.5675233043118,13.2));
#12078=CARTESIAN_POINT('',(198.31260841404,-2.38644897752837,13.2));
#12079=CARTESIAN_POINT('',(163.689197443977,-11.5675233043118,13.2));
#12080=CARTESIAN_POINT('',(108.112456356085,-11.5675233043118,13.2));
#12081=CARTESIAN_POINT('',(108.112456356085,4.03247631421825,13.2));
#12082=CARTESIAN_POINT('',(108.112456356085,5.41355083173663,13.2));
#12083=CARTESIAN_POINT('',(122.11245601374,4.03247631421825,13.2));
#12084=CARTESIAN_POINT('',(132.589121072654,4.03247631421825,13.2));
#12085=CARTESIAN_POINT('',(122.11245601374,-11.5675233043118,13.2));
#12086=CARTESIAN_POINT('',(122.11245601374,-2.38644897752837,13.2));
#12087=CARTESIAN_POINT('',(125.589121243827,-11.5675233043118,13.2));
#12088=CARTESIAN_POINT('',(31.91230395578,-11.5675233043118,13.2));
#12089=CARTESIAN_POINT('',(31.91230395578,4.03247631421825,13.2));
#12090=CARTESIAN_POINT('',(31.91230395578,5.41355083173663,13.2));
#12091=CARTESIAN_POINT('',(45.912303613435,4.03247631421825,13.2));
#12092=CARTESIAN_POINT('',(94.489044872502,4.03247631421825,13.2));
#12093=CARTESIAN_POINT('',(45.912303613435,-11.5675233043118,13.2));
#12094=CARTESIAN_POINT('',(45.912303613435,-2.38644897752837,13.2));
#12095=CARTESIAN_POINT('',(87.4890450436745,-11.5675233043118,13.2));
#12096=CARTESIAN_POINT('',(12.862265855704,-11.5675233043118,13.2));
#12097=CARTESIAN_POINT('',(12.862265855704,4.03247631421825,13.2));
#12098=CARTESIAN_POINT('',(12.862265855704,5.41355083173663,13.2));
#12099=CARTESIAN_POINT('',(26.862265513359,4.03247631421825,13.2));
#12100=CARTESIAN_POINT('',(84.964025822464,4.03247631421825,13.2));
#12101=CARTESIAN_POINT('',(26.862265513359,-11.5675233043118,13.2));
#12102=CARTESIAN_POINT('',(26.862265513359,-2.38644897752837,13.2));
#12103=CARTESIAN_POINT('',(77.9640259936365,-11.5675233043118,13.2));
#12104=CARTESIAN_POINT('',(89.062418256009,-11.5675233043118,13.2));
#12105=CARTESIAN_POINT('',(89.062418256009,4.03247631421825,13.2));
#12106=CARTESIAN_POINT('',(89.062418256009,5.41355083173663,13.2));
#12107=CARTESIAN_POINT('',(103.062417913664,4.03247631421825,13.2));
#12108=CARTESIAN_POINT('',(123.064102022616,4.03247631421825,13.2));
#12109=CARTESIAN_POINT('',(103.062417913664,-11.5675233043118,13.2));
#12110=CARTESIAN_POINT('',(103.062417913664,-2.38644897752837,13.2));
#12111=CARTESIAN_POINT('',(116.064102193789,-11.5675233043118,13.2));
#12112=CARTESIAN_POINT('',(165.262570656305,-11.5675233043118,13.2));
#12113=CARTESIAN_POINT('',(165.262570656305,4.03247631421825,13.2));
#12114=CARTESIAN_POINT('',(165.262570656305,5.41355083173663,13.2));
#12115=CARTESIAN_POINT('',(179.26257031396,4.03247631421825,13.2));
#12116=CARTESIAN_POINT('',(161.164178222764,4.03247631421825,13.2));
#12117=CARTESIAN_POINT('',(179.26257031396,-11.5675233043118,13.2));
#12118=CARTESIAN_POINT('',(179.26257031396,-2.38644897752837,13.2));
#12119=CARTESIAN_POINT('',(154.164178393937,-11.5675233043118,13.2));
#12120=CARTESIAN_POINT('',(241.462723056615,-11.5675233043118,13.2));
#12121=CARTESIAN_POINT('',(241.462723056615,4.03247631421825,13.2));
#12122=CARTESIAN_POINT('',(241.462723056615,5.41355083173663,13.2));
#12123=CARTESIAN_POINT('',(255.46272271427,4.03247631421825,13.2));
#12124=CARTESIAN_POINT('',(199.26425442292,4.03247631421825,13.2));
#12125=CARTESIAN_POINT('',(255.46272271427,-11.5675233043118,13.2));
#12126=CARTESIAN_POINT('',(255.46272271427,-2.38644897752837,13.2));
#12127=CARTESIAN_POINT('',(192.264254594092,-11.5675233043118,13.2));
#12128=CARTESIAN_POINT('',(5.409004290024,16.637033274067,13.2));
#12129=CARTESIAN_POINT('Origin',(1.909004320162,16.637033274067,13.2));
#12130=CARTESIAN_POINT('Origin',(21.637033274067,25.841640086374,5.1610515156125));
#12131=CARTESIAN_POINT('',(21.637033274067,25.84157480315,1.08052575780625));
#12132=CARTESIAN_POINT('',(21.637033274067,28.84157480315,2.58052575780625));
#12133=CARTESIAN_POINT('Origin',(1.909004320162,16.637033274067,12.600050675247));
#12134=CARTESIAN_POINT('',(5.409004290024,16.637033274067,13.));
#12135=CARTESIAN_POINT('Origin',(1.909004320162,16.637033274067,13.));
#12136=CARTESIAN_POINT('',(5.409004290024,16.637033274067,12.600050675247));
#12137=CARTESIAN_POINT('Origin',(255.46272271427,-11.5675233043118,7.850050561683));
#12138=CARTESIAN_POINT('',(255.46272271427,-11.5675233043118,13.));
#12139=CARTESIAN_POINT('',(255.46272271427,4.03247631421825,13.));
#12140=CARTESIAN_POINT('',(255.46272271427,-2.38644897752837,13.));
#12141=CARTESIAN_POINT('',(255.46272271427,-11.5675233043118,7.850050561683));
#12142=CARTESIAN_POINT('',(255.46272271427,4.03247631421825,7.850050561683));
#12143=CARTESIAN_POINT('Origin',(255.46272271427,4.03247631421825,7.850050561683));
#12144=CARTESIAN_POINT('',(241.462723056615,4.03247631421825,13.));
#12145=CARTESIAN_POINT('',(199.26425442292,4.03247631421825,13.));
#12146=CARTESIAN_POINT('',(241.462723056615,4.03247631421825,7.850050561683));
#12147=CARTESIAN_POINT('Origin',(241.462723056615,4.03247631421825,7.850050561683));
#12148=CARTESIAN_POINT('',(241.462723056615,-11.5675233043118,13.));
#12149=CARTESIAN_POINT('',(241.462723056615,5.41355083173663,13.));
#12150=CARTESIAN_POINT('',(241.462723056615,-11.5675233043118,7.850050561683));
#12151=CARTESIAN_POINT('Origin',(241.462723056615,-11.5675233043118,7.850050561683));
#12152=CARTESIAN_POINT('',(192.264254594092,-11.5675233043118,13.));
#12153=CARTESIAN_POINT('Origin',(179.26257031396,-11.5675233043118,7.850050561683));
#12154=CARTESIAN_POINT('',(179.26257031396,-11.5675233043118,13.));
#12155=CARTESIAN_POINT('',(179.26257031396,4.03247631421825,13.));
#12156=CARTESIAN_POINT('',(179.26257031396,-2.38644897752837,13.));
#12157=CARTESIAN_POINT('',(179.26257031396,-11.5675233043118,7.850050561683));
#12158=CARTESIAN_POINT('',(179.26257031396,4.03247631421825,7.850050561683));
#12159=CARTESIAN_POINT('Origin',(179.26257031396,4.03247631421825,7.850050561683));
#12160=CARTESIAN_POINT('',(165.262570656305,4.03247631421825,13.));
#12161=CARTESIAN_POINT('',(161.164178222764,4.03247631421825,13.));
#12162=CARTESIAN_POINT('',(165.262570656305,4.03247631421825,7.850050561683));
#12163=CARTESIAN_POINT('Origin',(165.262570656305,4.03247631421825,7.850050561683));
#12164=CARTESIAN_POINT('',(165.262570656305,-11.5675233043118,13.));
#12165=CARTESIAN_POINT('',(165.262570656305,5.41355083173663,13.));
#12166=CARTESIAN_POINT('',(165.262570656305,-11.5675233043118,7.850050561683));
#12167=CARTESIAN_POINT('Origin',(165.262570656305,-11.5675233043118,7.850050561683));
#12168=CARTESIAN_POINT('',(154.164178393937,-11.5675233043118,13.));
#12169=CARTESIAN_POINT('Origin',(103.062417913664,-11.5675233043118,7.850050561683));
#12170=CARTESIAN_POINT('',(103.062417913664,-11.5675233043118,13.));
#12171=CARTESIAN_POINT('',(103.062417913664,4.03247631421825,13.));
#12172=CARTESIAN_POINT('',(103.062417913664,-2.38644897752837,13.));
#12173=CARTESIAN_POINT('',(103.062417913664,-11.5675233043118,7.850050561683));
#12174=CARTESIAN_POINT('',(103.062417913664,4.03247631421825,7.850050561683));
#12175=CARTESIAN_POINT('Origin',(103.062417913664,4.03247631421825,7.850050561683));
#12176=CARTESIAN_POINT('',(89.062418256009,4.03247631421825,13.));
#12177=CARTESIAN_POINT('',(123.064102022616,4.03247631421825,13.));
#12178=CARTESIAN_POINT('',(89.062418256009,4.03247631421825,7.850050561683));
#12179=CARTESIAN_POINT('Origin',(89.062418256009,4.03247631421825,7.850050561683));
#12180=CARTESIAN_POINT('',(89.062418256009,-11.5675233043118,13.));
#12181=CARTESIAN_POINT('',(89.062418256009,5.41355083173663,13.));
#12182=CARTESIAN_POINT('',(89.062418256009,-11.5675233043118,7.850050561683));
#12183=CARTESIAN_POINT('Origin',(89.062418256009,-11.5675233043118,7.850050561683));
#12184=CARTESIAN_POINT('',(116.064102193789,-11.5675233043118,13.));
#12185=CARTESIAN_POINT('Origin',(26.862265513359,-11.5675233043118,7.850050561683));
#12186=CARTESIAN_POINT('',(26.862265513359,-11.5675233043118,13.));
#12187=CARTESIAN_POINT('',(26.862265513359,4.03247631421825,13.));
#12188=CARTESIAN_POINT('',(26.862265513359,-2.38644897752837,13.));
#12189=CARTESIAN_POINT('',(26.862265513359,-11.5675233043118,7.850050561683));
#12190=CARTESIAN_POINT('',(26.862265513359,4.03247631421825,7.850050561683));
#12191=CARTESIAN_POINT('Origin',(26.862265513359,4.03247631421825,7.850050561683));
#12192=CARTESIAN_POINT('',(12.862265855704,4.03247631421825,13.));
#12193=CARTESIAN_POINT('',(84.964025822464,4.03247631421825,13.));
#12194=CARTESIAN_POINT('',(12.862265855704,4.03247631421825,7.850050561683));
#12195=CARTESIAN_POINT('Origin',(12.862265855704,4.03247631421825,7.850050561683));
#12196=CARTESIAN_POINT('',(12.862265855704,-11.5675233043118,13.));
#12197=CARTESIAN_POINT('',(12.862265855704,5.41355083173663,13.));
#12198=CARTESIAN_POINT('',(12.862265855704,-11.5675233043118,7.850050561683));
#12199=CARTESIAN_POINT('Origin',(12.862265855704,-11.5675233043118,7.850050561683));
#12200=CARTESIAN_POINT('',(77.9640259936365,-11.5675233043118,13.));
#12201=CARTESIAN_POINT('Origin',(45.912303613435,-11.5675233043118,7.850050561683));
#12202=CARTESIAN_POINT('',(45.912303613435,-11.5675233043118,13.));
#12203=CARTESIAN_POINT('',(45.912303613435,4.03247631421825,13.));
#12204=CARTESIAN_POINT('',(45.912303613435,-2.38644897752837,13.));
#12205=CARTESIAN_POINT('',(45.912303613435,-11.5675233043118,7.850050561683));
#12206=CARTESIAN_POINT('',(45.912303613435,4.03247631421825,7.850050561683));
#12207=CARTESIAN_POINT('Origin',(45.912303613435,4.03247631421825,7.850050561683));
#12208=CARTESIAN_POINT('',(31.91230395578,4.03247631421825,13.));
#12209=CARTESIAN_POINT('',(94.489044872502,4.03247631421825,13.));
#12210=CARTESIAN_POINT('',(31.91230395578,4.03247631421825,7.850050561683));
#12211=CARTESIAN_POINT('Origin',(31.91230395578,4.03247631421825,7.850050561683));
#12212=CARTESIAN_POINT('',(31.91230395578,-11.5675233043118,13.));
#12213=CARTESIAN_POINT('',(31.91230395578,5.41355083173663,13.));
#12214=CARTESIAN_POINT('',(31.91230395578,-11.5675233043118,7.850050561683));
#12215=CARTESIAN_POINT('Origin',(31.91230395578,-11.5675233043118,7.850050561683));
#12216=CARTESIAN_POINT('',(87.4890450436745,-11.5675233043118,13.));
#12217=CARTESIAN_POINT('Origin',(122.11245601374,-11.5675233043118,7.850050561683));
#12218=CARTESIAN_POINT('',(122.11245601374,-11.5675233043118,13.));
#12219=CARTESIAN_POINT('',(122.11245601374,4.03247631421825,13.));
#12220=CARTESIAN_POINT('',(122.11245601374,-2.38644897752837,13.));
#12221=CARTESIAN_POINT('',(122.11245601374,-11.5675233043118,7.850050561683));
#12222=CARTESIAN_POINT('',(122.11245601374,4.03247631421825,7.850050561683));
#12223=CARTESIAN_POINT('Origin',(122.11245601374,4.03247631421825,7.850050561683));
#12224=CARTESIAN_POINT('',(108.112456356085,4.03247631421825,13.));
#12225=CARTESIAN_POINT('',(132.589121072654,4.03247631421825,13.));
#12226=CARTESIAN_POINT('',(108.112456356085,4.03247631421825,7.850050561683));
#12227=CARTESIAN_POINT('Origin',(108.112456356085,4.03247631421825,7.850050561683));
#12228=CARTESIAN_POINT('',(108.112456356085,-11.5675233043118,13.));
#12229=CARTESIAN_POINT('',(108.112456356085,5.41355083173663,13.));
#12230=CARTESIAN_POINT('',(108.112456356085,-11.5675233043118,7.850050561683));
#12231=CARTESIAN_POINT('Origin',(108.112456356085,-11.5675233043118,7.850050561683));
#12232=CARTESIAN_POINT('',(125.589121243827,-11.5675233043118,13.));
#12233=CARTESIAN_POINT('Origin',(198.31260841404,-11.5675233043118,7.850050561683));
#12234=CARTESIAN_POINT('',(198.31260841404,-11.5675233043118,13.));
#12235=CARTESIAN_POINT('',(198.31260841404,4.03247631421825,13.));
#12236=CARTESIAN_POINT('',(198.31260841404,-2.38644897752837,13.));
#12237=CARTESIAN_POINT('',(198.31260841404,-11.5675233043118,7.850050561683));
#12238=CARTESIAN_POINT('',(198.31260841404,4.03247631421825,7.850050561683));
#12239=CARTESIAN_POINT('Origin',(198.31260841404,4.03247631421825,7.850050561683));
#12240=CARTESIAN_POINT('',(184.312608756385,4.03247631421825,13.));
#12241=CARTESIAN_POINT('',(170.689197272805,4.03247631421825,13.));
#12242=CARTESIAN_POINT('',(184.312608756385,4.03247631421825,7.850050561683));
#12243=CARTESIAN_POINT('Origin',(184.312608756385,4.03247631421825,7.850050561683));
#12244=CARTESIAN_POINT('',(184.312608756385,-11.5675233043118,13.));
#12245=CARTESIAN_POINT('',(184.312608756385,5.41355083173663,13.));
#12246=CARTESIAN_POINT('',(184.312608756385,-11.5675233043118,7.850050561683));
#12247=CARTESIAN_POINT('Origin',(184.312608756385,-11.5675233043118,7.850050561683));
#12248=CARTESIAN_POINT('',(163.689197443977,-11.5675233043118,13.));
#12249=CARTESIAN_POINT('Origin',(274.51276081434,-11.5675233043118,7.850050561683));
#12250=CARTESIAN_POINT('',(274.51276081434,-11.5675233043118,13.));
#12251=CARTESIAN_POINT('',(274.51276081434,4.03247631421825,13.));
#12252=CARTESIAN_POINT('',(274.51276081434,-2.38644897752837,13.));
#12253=CARTESIAN_POINT('',(274.51276081434,-11.5675233043118,7.850050561683));
#12254=CARTESIAN_POINT('',(274.51276081434,4.03247631421825,7.850050561683));
#12255=CARTESIAN_POINT('Origin',(274.51276081434,4.03247631421825,7.850050561683));
#12256=CARTESIAN_POINT('',(260.512761156685,4.03247631421825,13.));
#12257=CARTESIAN_POINT('',(208.789273472955,4.03247631421825,13.));
#12258=CARTESIAN_POINT('',(260.512761156685,4.03247631421825,7.850050561683));
#12259=CARTESIAN_POINT('Origin',(260.512761156685,4.03247631421825,7.850050561683));
#12260=CARTESIAN_POINT('',(260.512761156685,-11.5675233043118,13.));
#12261=CARTESIAN_POINT('',(260.512761156685,5.41355083173663,13.));
#12262=CARTESIAN_POINT('',(260.512761156685,-11.5675233043118,7.850050561683));
#12263=CARTESIAN_POINT('Origin',(260.512761156685,-11.5675233043118,7.850050561683));
#12264=CARTESIAN_POINT('',(201.789273644127,-11.5675233043118,13.));
#12265=CARTESIAN_POINT('Origin',(236.41268461419,-11.5675233043118,7.850050561683));
#12266=CARTESIAN_POINT('',(236.41268461419,-11.5675233043118,13.));
#12267=CARTESIAN_POINT('',(236.41268461419,4.03247631421825,13.));
#12268=CARTESIAN_POINT('',(236.41268461419,-2.38644897752837,13.));
#12269=CARTESIAN_POINT('',(236.41268461419,-11.5675233043118,7.850050561683));
#12270=CARTESIAN_POINT('',(236.41268461419,4.03247631421825,7.850050561683));
#12271=CARTESIAN_POINT('Origin',(236.41268461419,4.03247631421825,7.850050561683));
#12272=CARTESIAN_POINT('',(222.412684956535,4.03247631421825,13.));
#12273=CARTESIAN_POINT('',(189.73923537288,4.03247631421825,13.));
#12274=CARTESIAN_POINT('',(222.412684956535,4.03247631421825,7.850050561683));
#12275=CARTESIAN_POINT('Origin',(222.412684956535,4.03247631421825,7.850050561683));
#12276=CARTESIAN_POINT('',(222.412684956535,-11.5675233043118,13.));
#12277=CARTESIAN_POINT('',(222.412684956535,5.41355083173663,13.));
#12278=CARTESIAN_POINT('',(222.412684956535,-11.5675233043118,7.850050561683));
#12279=CARTESIAN_POINT('Origin',(222.412684956535,-11.5675233043118,7.850050561683));
#12280=CARTESIAN_POINT('',(182.739235544052,-11.5675233043118,13.));
#12281=CARTESIAN_POINT('Origin',(141.16249411381,-11.5675233043118,7.850050561683));
#12282=CARTESIAN_POINT('',(141.16249411381,-11.5675233043118,13.));
#12283=CARTESIAN_POINT('',(141.16249411381,4.03247631421825,13.));
#12284=CARTESIAN_POINT('',(141.16249411381,-2.38644897752837,13.));
#12285=CARTESIAN_POINT('',(141.16249411381,-11.5675233043118,7.850050561683));
#12286=CARTESIAN_POINT('',(141.16249411381,4.03247631421825,7.850050561683));
#12287=CARTESIAN_POINT('Origin',(141.16249411381,4.03247631421825,7.850050561683));
#12288=CARTESIAN_POINT('',(127.162494456155,4.03247631421825,13.));
#12289=CARTESIAN_POINT('',(142.114140122689,4.03247631421825,13.));
#12290=CARTESIAN_POINT('',(127.162494456155,4.03247631421825,7.850050561683));
#12291=CARTESIAN_POINT('Origin',(127.162494456155,4.03247631421825,7.850050561683));
#12292=CARTESIAN_POINT('',(127.162494456155,-11.5675233043118,13.));
#12293=CARTESIAN_POINT('',(127.162494456155,5.41355083173663,13.));
#12294=CARTESIAN_POINT('',(127.162494456155,-11.5675233043118,7.850050561683));
#12295=CARTESIAN_POINT('Origin',(127.162494456155,-11.5675233043118,7.850050561683));
#12296=CARTESIAN_POINT('',(135.114140293862,-11.5675233043118,13.));
#12297=CARTESIAN_POINT('Origin',(84.012379813587,-11.5675233043118,7.850050561683));
#12298=CARTESIAN_POINT('',(84.012379813587,-11.5675233043118,13.));
#12299=CARTESIAN_POINT('',(84.012379813587,4.03247631421825,13.));
#12300=CARTESIAN_POINT('',(84.012379813587,-2.38644897752837,13.));
#12301=CARTESIAN_POINT('',(84.012379813587,-11.5675233043118,7.850050561683));
#12302=CARTESIAN_POINT('',(84.012379813587,4.03247631421825,7.850050561683));
#12303=CARTESIAN_POINT('Origin',(84.012379813587,4.03247631421825,7.850050561683));
#12304=CARTESIAN_POINT('',(70.012380155932,4.03247631421825,13.));
#12305=CARTESIAN_POINT('',(113.539082972578,4.03247631421825,13.));
#12306=CARTESIAN_POINT('',(70.012380155932,4.03247631421825,7.850050561683));
#12307=CARTESIAN_POINT('Origin',(70.012380155932,4.03247631421825,7.850050561683));
#12308=CARTESIAN_POINT('',(70.012380155932,-11.5675233043118,13.));
#12309=CARTESIAN_POINT('',(70.012380155932,5.41355083173663,13.));
#12310=CARTESIAN_POINT('',(70.012380155932,-11.5675233043118,7.850050561683));
#12311=CARTESIAN_POINT('Origin',(70.012380155932,-11.5675233043118,7.850050561683));
#12312=CARTESIAN_POINT('',(106.539083143751,-11.5675233043118,13.));
#12313=CARTESIAN_POINT('Origin',(7.812227413283,-11.5675233043118,7.850050561683));
#12314=CARTESIAN_POINT('',(7.812227413283,-11.5675233043118,13.));
#12315=CARTESIAN_POINT('',(7.812227413283,4.03247631421825,13.));
#12316=CARTESIAN_POINT('',(7.812227413283,-2.38644897752837,13.));
#12317=CARTESIAN_POINT('',(7.812227413283,-11.5675233043118,7.850050561683));
#12318=CARTESIAN_POINT('',(7.812227413283,4.03247631421825,7.850050561683));
#12319=CARTESIAN_POINT('Origin',(7.812227413283,4.03247631421825,7.850050561683));
#12320=CARTESIAN_POINT('',(-6.187772244372,4.03247631421825,13.));
#12321=CARTESIAN_POINT('',(75.439006772426,4.03247631421825,13.));
#12322=CARTESIAN_POINT('',(-6.187772244372,4.03247631421825,7.850050561683));
#12323=CARTESIAN_POINT('Origin',(-6.187772244372,4.03247631421825,7.850050561683));
#12324=CARTESIAN_POINT('',(-6.187772244372,-11.5675233043118,13.));
#12325=CARTESIAN_POINT('',(-6.18777224437201,5.41355083173663,13.));
#12326=CARTESIAN_POINT('',(-6.187772244372,-11.5675233043118,7.850050561683));
#12327=CARTESIAN_POINT('Origin',(-6.187772244372,-11.5675233043118,7.850050561683));
#12328=CARTESIAN_POINT('',(68.4390069435985,-11.5675233043118,13.));
#12329=CARTESIAN_POINT('Origin',(64.962341713511,-11.5675233043118,7.850050561683));
#12330=CARTESIAN_POINT('',(64.962341713511,-11.5675233043118,13.));
#12331=CARTESIAN_POINT('',(64.962341713511,4.03247631421825,13.));
#12332=CARTESIAN_POINT('',(64.962341713511,-2.38644897752837,13.));
#12333=CARTESIAN_POINT('',(64.962341713511,-11.5675233043118,7.850050561683));
#12334=CARTESIAN_POINT('',(64.962341713511,4.03247631421825,7.850050561683));
#12335=CARTESIAN_POINT('Origin',(64.962341713511,4.03247631421825,7.850050561683));
#12336=CARTESIAN_POINT('',(50.962342055856,4.03247631421825,13.));
#12337=CARTESIAN_POINT('',(104.01406392254,4.03247631421825,13.));
#12338=CARTESIAN_POINT('',(50.962342055856,4.03247631421825,7.850050561683));
#12339=CARTESIAN_POINT('Origin',(50.962342055856,4.03247631421825,7.850050561683));
#12340=CARTESIAN_POINT('',(50.962342055856,-11.5675233043118,13.));
#12341=CARTESIAN_POINT('',(50.962342055856,5.41355083173663,13.));
#12342=CARTESIAN_POINT('',(50.962342055856,-11.5675233043118,7.850050561683));
#12343=CARTESIAN_POINT('Origin',(50.962342055856,-11.5675233043118,7.850050561683));
#12344=CARTESIAN_POINT('',(97.0140640937125,-11.5675233043118,13.));
#12345=CARTESIAN_POINT('Origin',(160.21253221389,-11.5675233043118,7.850050561683));
#12346=CARTESIAN_POINT('',(160.21253221389,-11.5675233043118,13.));
#12347=CARTESIAN_POINT('',(160.21253221389,4.03247631421825,13.));
#12348=CARTESIAN_POINT('',(160.21253221389,-2.38644897752837,13.));
#12349=CARTESIAN_POINT('',(160.21253221389,-11.5675233043118,7.850050561683));
#12350=CARTESIAN_POINT('',(160.21253221389,4.03247631421825,7.850050561683));
#12351=CARTESIAN_POINT('Origin',(160.21253221389,4.03247631421825,7.850050561683));
#12352=CARTESIAN_POINT('',(146.212532556235,4.03247631421825,13.));
#12353=CARTESIAN_POINT('',(151.639159172729,4.03247631421825,13.));
#12354=CARTESIAN_POINT('',(146.212532556235,4.03247631421825,7.850050561683));
#12355=CARTESIAN_POINT('Origin',(146.212532556235,4.03247631421825,7.850050561683));
#12356=CARTESIAN_POINT('',(146.212532556235,-11.5675233043118,13.));
#12357=CARTESIAN_POINT('',(146.212532556235,5.41355083173663,13.));
#12358=CARTESIAN_POINT('',(146.212532556235,-11.5675233043118,7.850050561683));
#12359=CARTESIAN_POINT('Origin',(146.212532556235,-11.5675233043118,7.850050561683));
#12360=CARTESIAN_POINT('',(144.639159343902,-11.5675233043118,13.));
#12361=CARTESIAN_POINT('Origin',(217.36264651412,-11.5675233043118,7.850050561683));
#12362=CARTESIAN_POINT('',(217.36264651412,-11.5675233043118,13.));
#12363=CARTESIAN_POINT('',(217.36264651412,4.03247631421825,13.));
#12364=CARTESIAN_POINT('',(217.36264651412,-2.38644897752837,13.));
#12365=CARTESIAN_POINT('',(217.36264651412,-11.5675233043118,7.850050561683));
#12366=CARTESIAN_POINT('',(217.36264651412,4.03247631421825,7.850050561683));
#12367=CARTESIAN_POINT('Origin',(217.36264651412,4.03247631421825,7.850050561683));
#12368=CARTESIAN_POINT('',(203.362646856465,4.03247631421825,13.));
#12369=CARTESIAN_POINT('',(180.214216322844,4.03247631421825,13.));
#12370=CARTESIAN_POINT('',(203.362646856465,4.03247631421825,7.850050561683));
#12371=CARTESIAN_POINT('Origin',(203.362646856465,4.03247631421825,7.850050561683));
#12372=CARTESIAN_POINT('',(203.362646856465,-11.5675233043118,13.));
#12373=CARTESIAN_POINT('',(203.362646856465,5.41355083173663,13.));
#12374=CARTESIAN_POINT('',(203.362646856465,-11.5675233043118,7.850050561683));
#12375=CARTESIAN_POINT('Origin',(203.362646856465,-11.5675233043118,7.850050561683));
#12376=CARTESIAN_POINT('',(173.214216494017,-11.5675233043118,13.));
#12377=CARTESIAN_POINT('Origin',(293.56279891442,-11.5675233043118,7.850050561683));
#12378=CARTESIAN_POINT('',(293.56279891442,-11.5675233043118,13.));
#12379=CARTESIAN_POINT('',(293.56279891442,4.03247631421825,13.));
#12380=CARTESIAN_POINT('',(293.56279891442,-2.38644897752837,13.));
#12381=CARTESIAN_POINT('',(293.56279891442,-11.5675233043118,7.850050561683));
#12382=CARTESIAN_POINT('',(293.56279891442,4.03247631421825,7.850050561683));
#12383=CARTESIAN_POINT('Origin',(293.56279891442,4.03247631421825,7.850050561683));
#12384=CARTESIAN_POINT('',(279.562799256765,4.03247631421825,13.));
#12385=CARTESIAN_POINT('',(218.314292522994,4.03247631421825,13.));
#12386=CARTESIAN_POINT('',(279.562799256765,4.03247631421825,7.850050561683));
#12387=CARTESIAN_POINT('Origin',(279.562799256765,4.03247631421825,7.850050561683));
#12388=CARTESIAN_POINT('',(279.562799256765,-11.5675233043118,13.));
#12389=CARTESIAN_POINT('',(279.562799256765,5.41355083173663,13.));
#12390=CARTESIAN_POINT('',(279.562799256765,-11.5675233043118,7.850050561683));
#12391=CARTESIAN_POINT('Origin',(279.562799256765,-11.5675233043118,7.850050561683));
#12392=CARTESIAN_POINT('',(211.314292694167,-11.5675233043118,13.));
#12393=CARTESIAN_POINT('Origin',(143.065786131569,6.794625349255,13.));
#12394=CARTESIAN_POINT('',(87.6965562604092,5.661310896622,13.));
#12395=CARTESIAN_POINT('',(294.44688849377,5.661310896622,13.));
#12396=CARTESIAN_POINT('',(87.6965562604092,5.661310896622,13.));
#12397=CARTESIAN_POINT('',(294.44688849377,-12.24432410464,13.));
#12398=CARTESIAN_POINT('',(294.44688849377,-12.24432410464,13.));
#12399=CARTESIAN_POINT('',(-8.31531623063199,-12.24432410464,13.));
#12400=CARTESIAN_POINT('',(297.44688849377,-12.24432410464,13.));
#12401=CARTESIAN_POINT('',(-8.31531623063199,25.84157480315,13.));
#12402=CARTESIAN_POINT('',(-8.315316230632,28.84157480315,13.));
#12403=CARTESIAN_POINT('',(69.769998833893,25.84157480315,13.));
#12404=CARTESIAN_POINT('',(-8.315316230632,25.84157480315,13.));
#12405=CARTESIAN_POINT('',(87.6965562604092,5.661310896622,13.));
#12406=CARTESIAN_POINT('Origin',(87.6965562604092,5.661310896622,0.));
#12407=CARTESIAN_POINT('',(87.6965562604092,5.661310896622,0.));
#12408=CARTESIAN_POINT('',(294.44688849377,5.661310896622,0.));
#12409=CARTESIAN_POINT('',(87.6965562604092,5.661310896622,0.));
#12410=CARTESIAN_POINT('',(294.44688849377,5.661310896622,0.));
#12411=CARTESIAN_POINT('',(87.6965562604092,5.661310896622,0.));
#12412=CARTESIAN_POINT('Origin',(69.769998833893,25.84157480315,0.));
#12413=CARTESIAN_POINT('',(69.769998833893,25.84157480315,0.));
#12414=CARTESIAN_POINT('',(87.6965562604092,5.661310896622,0.));
#12415=CARTESIAN_POINT('',(69.769998833893,25.84157480315,0.));
#12416=CARTESIAN_POINT('Origin',(-8.315316230632,25.84157480315,0.));
#12417=CARTESIAN_POINT('',(-8.315316230632,25.84157480315,0.));
#12418=CARTESIAN_POINT('',(-8.315316230632,25.84157480315,0.));
#12419=CARTESIAN_POINT('',(-8.315316230632,25.84157480315,0.));
#12420=CARTESIAN_POINT('Origin',(-8.315316230632,-12.24432410464,0.));
#12421=CARTESIAN_POINT('',(-8.31531623063199,-12.24432410464,0.));
#12422=CARTESIAN_POINT('',(-8.315316230632,28.84157480315,0.));
#12423=CARTESIAN_POINT('',(-8.31531623063199,-12.24432410464,0.));
#12424=CARTESIAN_POINT('Origin',(294.44688849377,-12.24432410464,0.));
#12425=CARTESIAN_POINT('',(294.44688849377,-12.24432410464,0.));
#12426=CARTESIAN_POINT('',(297.44688849377,-12.24432410464,0.));
#12427=CARTESIAN_POINT('',(294.44688849377,-12.24432410464,0.));
#12428=CARTESIAN_POINT('Origin',(294.44688849377,5.661310896622,0.));
#12429=CARTESIAN_POINT('',(294.44688849377,-12.24432410464,0.));
#12430=CARTESIAN_POINT('Origin',(-11.315316230632,28.84157480315,0.));
#12431=CARTESIAN_POINT('',(-11.315316230632,28.84157480315,0.));
#12432=CARTESIAN_POINT('',(-11.315316230632,28.84157480315,0.));
#12433=CARTESIAN_POINT('',(-11.315316230632,-15.25232410464,0.));
#12434=CARTESIAN_POINT('Origin',(69.769998833893,28.84157480315,0.));
#12435=CARTESIAN_POINT('',(69.769998833893,28.84157480315,0.));
#12436=CARTESIAN_POINT('',(69.769998833893,28.84157480315,0.));
#12437=CARTESIAN_POINT('',(69.769998833893,28.84157480315,0.));
#12438=CARTESIAN_POINT('Origin',(87.71381000762,8.66101092202199,0.));
#12439=CARTESIAN_POINT('',(87.71381000762,8.66101092202199,0.));
#12440=CARTESIAN_POINT('',(87.71381000762,8.66101092202199,0.));
#12441=CARTESIAN_POINT('',(87.71381000762,8.66101092202199,0.));
#12442=CARTESIAN_POINT('Origin',(294.24688849377,8.648310896622,0.));
#12443=CARTESIAN_POINT('',(294.24688849377,8.648310896622,0.));
#12444=CARTESIAN_POINT('Origin',(143.065786131569,6.794625349255,0.));
#12445=CARTESIAN_POINT('Origin',(1.68324296166458,18.1408722848196,26.10005066233));
#12446=CARTESIAN_POINT('',(0.758339584285185,20.987432182858,26.10005066233));
#12447=CARTESIAN_POINT('',(0.84240116114544,20.7287172516462,26.7851834927457));
#12448=CARTESIAN_POINT('Ctrl Pts',(0.758339584285185,20.987432182858,26.10005066233));
#12449=CARTESIAN_POINT('Ctrl Pts',(0.758339584285185,20.987432182858,26.2233924119046));
#12450=CARTESIAN_POINT('Ctrl Pts',(0.767271488270991,20.9599426090052,26.3685527851869));
#12451=CARTESIAN_POINT('Ctrl Pts',(0.795298927715056,20.873683020039,26.587331434126));
#12452=CARTESIAN_POINT('Ctrl Pts',(0.817715610333505,20.8046915649862,26.7004010265476));
#12453=CARTESIAN_POINT('Ctrl Pts',(0.842401161145441,20.7287172516462,26.7851834927457));
#12454=CARTESIAN_POINT('',(0.758339584285185,20.987432182858,15.10005066233));
#12455=CARTESIAN_POINT('',(0.758339584285185,20.987432182858,26.10005066233));
#12456=CARTESIAN_POINT('',(0.876542375855436,20.623641397194,14.1001617226999));
#12457=CARTESIAN_POINT('Ctrl Pts',(0.876542375855438,20.623641397194,14.1001617226999));
#12458=CARTESIAN_POINT('Ctrl Pts',(0.842486207851106,20.7284555048002,14.2231754267415));
#12459=CARTESIAN_POINT('Ctrl Pts',(0.812337431019048,20.8212438989222,14.3803756595301));
#12460=CARTESIAN_POINT('Ctrl Pts',(0.7717355180652,20.9462037379981,14.6973246482317));
#12461=CARTESIAN_POINT('Ctrl Pts',(0.758339584285185,20.987432182858,14.91505081423));
#12462=CARTESIAN_POINT('Ctrl Pts',(0.758339584285185,20.987432182858,15.10005066233));
#12463=CARTESIAN_POINT('',(0.725290279102242,21.0891474853346,14.60005066233));
#12464=CARTESIAN_POINT('Origin',(0.879798776289715,20.613619227187,14.60005066233));
#12465=CARTESIAN_POINT('',(0.725290279102242,21.0891474853346,26.30005066233));
#12466=CARTESIAN_POINT('',(0.725290279102242,21.0891474853346,26.10005066233));
#12467=CARTESIAN_POINT('Origin',(0.879798776289715,20.613619227187,26.30005066233));
#12468=CARTESIAN_POINT('Origin',(0.760916711752821,20.5749921028901,14.60005066233));
#12469=CARTESIAN_POINT('',(0.401014117707864,20.4691329000065,14.1001617226998));
#12470=CARTESIAN_POINT('Ctrl Pts',(0.401014117707863,20.4691329000065,14.1001617226999));
#12471=CARTESIAN_POINT('Ctrl Pts',(0.473070382710751,20.4975852515906,14.1002627656476));
#12472=CARTESIAN_POINT('Ctrl Pts',(0.545860504037999,20.5239974691827,14.1003731134355));
#12473=CARTESIAN_POINT('Ctrl Pts',(0.704966332703406,20.5764617514427,14.100399848137));
#12474=CARTESIAN_POINT('Ctrl Pts',(0.790314611300576,20.6014171957318,14.1002778633063));
#12475=CARTESIAN_POINT('Ctrl Pts',(0.876542375855436,20.623641397194,14.1001617226999));
#12476=CARTESIAN_POINT('',(0.249762020954667,20.9346389881471,14.60005066233));
#12477=CARTESIAN_POINT('Origin',(0.40427051814214,20.4591107299995,14.60005066233));
#12478=CARTESIAN_POINT('',(0.606408214565348,21.0505203610377,14.60005066233));
#12479=CARTESIAN_POINT('Origin',(0.642034647215928,20.5363649785933,26.30005066233));
#12480=CARTESIAN_POINT('',(0.366872902997845,20.5742087544587,26.7851834927457));
#12481=CARTESIAN_POINT('Ctrl Pts',(0.84240116114544,20.7287172516462,26.7851834927457));
#12482=CARTESIAN_POINT('Ctrl Pts',(0.757323648563429,20.7081778360492,26.7834980782304));
#12483=CARTESIAN_POINT('Ctrl Pts',(0.673388409464212,20.6844415357033,26.7825466261503));
#12484=CARTESIAN_POINT('Ctrl Pts',(0.513555383744229,20.6317840560635,26.7827333697195));
#12485=CARTESIAN_POINT('Ctrl Pts',(0.439744522223508,20.6042849874745,26.7836653719623));
#12486=CARTESIAN_POINT('Ctrl Pts',(0.366872902997872,20.5742087544587,26.7851834927457));
#12487=CARTESIAN_POINT('',(0.249762020954667,20.9346389881471,26.30005066233));
#12488=CARTESIAN_POINT('',(0.487526150028454,21.0118932367408,26.30005066233));
#12489=CARTESIAN_POINT('Origin',(0.40427051814214,20.4591107299995,26.30005066233));
#12490=CARTESIAN_POINT('Origin',(1.207714703517,17.9863637876321,14.10005066233));
#12491=CARTESIAN_POINT('',(0.282811326137611,20.8329236856705,26.10005066233));
#12492=CARTESIAN_POINT('Ctrl Pts',(0.366872902997855,20.5742087544587,26.7851834927456));
#12493=CARTESIAN_POINT('Ctrl Pts',(0.342187352185924,20.6501830677987,26.7004010265476));
#12494=CARTESIAN_POINT('Ctrl Pts',(0.31977066956748,20.7191745228516,26.587331434126));
#12495=CARTESIAN_POINT('Ctrl Pts',(0.291743230123418,20.8054341118177,26.3685527851869));
#12496=CARTESIAN_POINT('Ctrl Pts',(0.282811326137611,20.8329236856705,26.2233924119046));
#12497=CARTESIAN_POINT('Ctrl Pts',(0.282811326137611,20.8329236856705,26.10005066233));
#12498=CARTESIAN_POINT('',(0.249762020954667,20.9346389881471,26.10005066233));
#12499=CARTESIAN_POINT('',(0.282811326137611,20.8329236856705,15.10005066233));
#12500=CARTESIAN_POINT('Ctrl Pts',(0.282811326137612,20.8329236856705,15.10005066233));
#12501=CARTESIAN_POINT('Ctrl Pts',(0.282811326137612,20.8329236856705,14.91505081423));
#12502=CARTESIAN_POINT('Ctrl Pts',(0.296207259917626,20.7916952408106,14.6973246482317));
#12503=CARTESIAN_POINT('Ctrl Pts',(0.336809172871475,20.6667354017348,14.3803756595301));
#12504=CARTESIAN_POINT('Ctrl Pts',(0.366957949703533,20.5739470076128,14.2231754267415));
#12505=CARTESIAN_POINT('Ctrl Pts',(0.401014117707865,20.4691329000066,14.1001617226998));
#12506=CARTESIAN_POINT('',(0.282811326137611,20.8329236856705,26.10005066233));
#12507=CARTESIAN_POINT('Origin',(0.487526150028454,21.0118932367408,20.10005066233));
#12508=CARTESIAN_POINT('Origin',(1.909004320162,16.637033274067,26.10005066233));
#12509=CARTESIAN_POINT('',(-1.590995679838,16.637033274067,27.10005066233));
#12510=CARTESIAN_POINT('Origin',(1.909004320162,16.637033274067,27.10005066233));
#12511=CARTESIAN_POINT('',(-2.32180001230566,16.637033274067,26.7826376733744));
#12512=CARTESIAN_POINT('Origin',(-1.590995679838,16.637033274067,26.10005066233));
#12513=CARTESIAN_POINT('',(-2.31201689172524,16.3870332740669,26.7851834927457));
#12514=CARTESIAN_POINT('Ctrl Pts',(-2.31201689172525,16.3870332740669,26.7851834927457));
#12515=CARTESIAN_POINT('Ctrl Pts',(-2.31847765813872,16.470477471117,26.7835717901036));
#12516=CARTESIAN_POINT('Ctrl Pts',(-2.32180001230566,16.5533102301363,26.7826376733744));
#12517=CARTESIAN_POINT('Ctrl Pts',(-2.32180001230566,16.637033274067,26.7826376733744));
#12518=CARTESIAN_POINT('',(-2.58404586874085,16.3870332740669,26.10005066233));
#12519=CARTESIAN_POINT('Ctrl Pts',(-2.58404586874085,16.3870332740669,26.10005066233));
#12520=CARTESIAN_POINT('Ctrl Pts',(-2.58404586874085,16.3870332740669,26.2233924119046));
#12521=CARTESIAN_POINT('Ctrl Pts',(-2.55514162027428,16.3870332740669,26.3685527851869));
#12522=CARTESIAN_POINT('Ctrl Pts',(-2.46444292099803,16.3870332740669,26.587331434126));
#12523=CARTESIAN_POINT('Ctrl Pts',(-2.39190101221469,16.3870332740669,26.7004010265476));
#12524=CARTESIAN_POINT('Ctrl Pts',(-2.31201689172524,16.3870332740669,26.7851834927457));
#12525=CARTESIAN_POINT('',(-2.57511308840179,16.2592885636935,26.10005066233));
#12526=CARTESIAN_POINT('Origin',(1.909004320162,16.637033274067,26.10005066233));
#12527=CARTESIAN_POINT('',(-2.3057314786908,16.2971476799758,26.7851834927457));
#12528=CARTESIAN_POINT('Ctrl Pts',(-2.3057314786908,16.2971476799758,26.7851834927457));
#12529=CARTESIAN_POINT('Ctrl Pts',(-2.384838172411,16.2860299592098,26.7004010265476));
#12530=CARTESIAN_POINT('Ctrl Pts',(-2.45667410832471,16.2759340768148,26.587331434126));
#12531=CARTESIAN_POINT('Ctrl Pts',(-2.54649013409437,16.2633112575835,26.3685527851869));
#12532=CARTESIAN_POINT('Ctrl Pts',(-2.57511308840179,16.2592885636935,26.2233924119046));
#12533=CARTESIAN_POINT('Ctrl Pts',(-2.57511308840179,16.2592885636935,26.10005066233));
#12534=CARTESIAN_POINT('',(-2.23614492821076,15.802013645605,26.7851834927457));
#12535=CARTESIAN_POINT('Ctrl Pts',(-2.23614492821076,15.802013645605,26.7851834927457));
#12536=CARTESIAN_POINT('Ctrl Pts',(-2.25321754367294,15.8794879285259,26.7836557674797));
#12537=CARTESIAN_POINT('Ctrl Pts',(-2.26749349936911,15.95715190339,26.7827272934891));
#12538=CARTESIAN_POINT('Ctrl Pts',(-2.29149180979432,16.1232674447733,26.7825522447409));
#12539=CARTESIAN_POINT('Ctrl Pts',(-2.30027306209981,16.2097224434044,26.7834966579457));
#12540=CARTESIAN_POINT('Ctrl Pts',(-2.3057314786908,16.2971476799758,26.7851834927457));
#12541=CARTESIAN_POINT('',(-2.50552653792175,15.7641545293227,26.10005066233));
#12542=CARTESIAN_POINT('Ctrl Pts',(-2.50552653792175,15.7641545293227,26.10005066233));
#12543=CARTESIAN_POINT('Ctrl Pts',(-2.50552653792175,15.7641545293227,26.2233924119046));
#12544=CARTESIAN_POINT('Ctrl Pts',(-2.47690358361434,15.7681772232127,26.3685527851869));
#12545=CARTESIAN_POINT('Ctrl Pts',(-2.38708755784467,15.7808000424441,26.587331434126));
#12546=CARTESIAN_POINT('Ctrl Pts',(-2.31525162193096,15.790895924839,26.7004010265476));
#12547=CARTESIAN_POINT('Ctrl Pts',(-2.23614492821076,15.802013645605,26.7851834927457));
#12548=CARTESIAN_POINT('',(-2.47890206331298,15.6388962244293,26.10005066233));
#12549=CARTESIAN_POINT('Origin',(1.909004320162,16.637033274067,26.10005066233));
#12550=CARTESIAN_POINT('',(-2.21741102752252,15.7138775723595,26.7851834927457));
#12551=CARTESIAN_POINT('Ctrl Pts',(-2.47890206331298,15.6388962244293,26.10005066233));
#12552=CARTESIAN_POINT('Ctrl Pts',(-2.47890206331298,15.6388962244293,26.2233924119046));
#12553=CARTESIAN_POINT('Ctrl Pts',(-2.45111751641218,15.6468633150485,26.3685527851869));
#12554=CARTESIAN_POINT('Ctrl Pts',(-2.36393233092649,15.671863264693,26.587331434126));
#12555=CARTESIAN_POINT('Ctrl Pts',(-2.29420057266279,15.691858524616,26.7004010265476));
#12556=CARTESIAN_POINT('Ctrl Pts',(-2.21741102752254,15.7138775723595,26.7851834927457));
#12557=CARTESIAN_POINT('',(-2.07959234961408,15.2332467243903,26.7851834927457));
#12558=CARTESIAN_POINT('Ctrl Pts',(-2.21741102752259,15.7138775723595,26.7851834927457));
#12559=CARTESIAN_POINT('Ctrl Pts',(-2.19989421815029,15.6283349601697,26.7835020073831));
#12560=CARTESIAN_POINT('Ctrl Pts',(-2.17917168558284,15.5438816256754,26.7825520126482));
#12561=CARTESIAN_POINT('Ctrl Pts',(-2.13218401479908,15.3823649002802,26.7827274569104));
#12562=CARTESIAN_POINT('Ctrl Pts',(-2.10721142388722,15.3074037651937,26.7836596147037));
#12563=CARTESIAN_POINT('Ctrl Pts',(-2.07959234961408,15.2332467243903,26.7851834927457));
#12564=CARTESIAN_POINT('',(-2.34108338540448,15.1582653764601,26.10005066233));
#12565=CARTESIAN_POINT('Ctrl Pts',(-2.07959234961408,15.2332467243903,26.7851834927457));
#12566=CARTESIAN_POINT('Ctrl Pts',(-2.15638189475431,15.2112276766468,26.7004010265476));
#12567=CARTESIAN_POINT('Ctrl Pts',(-2.22611365301799,15.1912324167239,26.587331434126));
#12568=CARTESIAN_POINT('Ctrl Pts',(-2.31329883850368,15.1662324670793,26.3685527851869));
#12569=CARTESIAN_POINT('Ctrl Pts',(-2.34108338540448,15.1582653764601,26.2233924119046));
#12570=CARTESIAN_POINT('Ctrl Pts',(-2.34108338540448,15.1582653764601,26.10005066233));
#12571=CARTESIAN_POINT('',(-2.29728543163937,15.0379314874722,26.10005066233));
#12572=CARTESIAN_POINT('Origin',(1.909004320162,16.637033274067,26.10005066233));
#12573=CARTESIAN_POINT('',(-2.04877459533959,15.1485756404028,26.7851834927457));
#12574=CARTESIAN_POINT('Ctrl Pts',(-2.29728543163937,15.0379314874722,26.10005066233));
#12575=CARTESIAN_POINT('Ctrl Pts',(-2.29728543163937,15.0379314874722,26.2233924119046));
#12576=CARTESIAN_POINT('Ctrl Pts',(-2.27088008674616,15.0496879044641,26.3685527851869));
#12577=CARTESIAN_POINT('Ctrl Pts',(-2.18802270200824,15.086578388939,26.587331434126));
#12578=CARTESIAN_POINT('Ctrl Pts',(-2.1217523707505,15.1160838413999,26.7004010265476));
#12579=CARTESIAN_POINT('Ctrl Pts',(-2.04877459533959,15.1485756404028,26.7851834927457));
#12580=CARTESIAN_POINT('',(-1.84540627380162,14.6918029115816,26.7851834927457));
#12581=CARTESIAN_POINT('Ctrl Pts',(-2.04877459533959,15.1485756404028,26.7851834927457));
#12582=CARTESIAN_POINT('Ctrl Pts',(-2.01924608253972,15.0655244623424,26.7834860875759));
#12583=CARTESIAN_POINT('Ctrl Pts',(-1.98655161893352,14.9837974274519,26.7825307246921));
#12584=CARTESIAN_POINT('Ctrl Pts',(-1.91729214401932,14.8302368915327,26.7827510154087));
#12585=CARTESIAN_POINT('Ctrl Pts',(-1.88252381770756,14.7603720880547,26.783682001381));
#12586=CARTESIAN_POINT('Ctrl Pts',(-1.84540627380168,14.6918029115815,26.7851834927457));
#12587=CARTESIAN_POINT('',(-2.09391711010146,14.5811587586509,26.10005066233));
#12588=CARTESIAN_POINT('Ctrl Pts',(-1.84540627380165,14.6918029115816,26.7851834927457));
#12589=CARTESIAN_POINT('Ctrl Pts',(-1.91838404921257,14.6593111125786,26.7004010265476));
#12590=CARTESIAN_POINT('Ctrl Pts',(-1.98465438047033,14.6298056601178,26.587331434126));
#12591=CARTESIAN_POINT('Ctrl Pts',(-2.06751176520825,14.5929151756428,26.3685527851869));
#12592=CARTESIAN_POINT('Ctrl Pts',(-2.09391711010146,14.5811587586509,26.2233924119046));
#12593=CARTESIAN_POINT('Ctrl Pts',(-2.09391711010146,14.5811587586509,26.10005066233));
#12594=CARTESIAN_POINT('',(-2.03379815453061,14.4680914478398,26.10005066233));
#12595=CARTESIAN_POINT('Origin',(1.909004320162,16.637033274067,26.10005066233));
#12596=CARTESIAN_POINT('',(-1.80310449847314,14.61224484319,26.7851834927457));
#12597=CARTESIAN_POINT('Ctrl Pts',(-2.03379815453061,14.4680914478398,26.10005066233));
#12598=CARTESIAN_POINT('Ctrl Pts',(-2.03379815453061,14.4680914478398,26.2233924119046));
#12599=CARTESIAN_POINT('Ctrl Pts',(-2.0092859616477,14.4834083659204,26.3685527851869));
#12600=CARTESIAN_POINT('Ctrl Pts',(-1.93236910240261,14.5314713539078,26.587331434126));
#12601=CARTESIAN_POINT('Ctrl Pts',(-1.87085007476735,14.5699127088363,26.7004010265476));
#12602=CARTESIAN_POINT('Ctrl Pts',(-1.80310449847314,14.61224484319,26.7851834927457));
#12603=CARTESIAN_POINT('',(-1.53814486635659,14.1882207951118,26.7851834927457));
#12604=CARTESIAN_POINT('Ctrl Pts',(-1.80310449847314,14.61224484319,26.7851834927457));
#12605=CARTESIAN_POINT('Ctrl Pts',(-1.762711283727,14.5348898002631,26.7835029959879));
#12606=CARTESIAN_POINT('Ctrl Pts',(-1.71933589965286,14.4590867891485,26.7825459493938));
#12607=CARTESIAN_POINT('Ctrl Pts',(-1.62940823364671,14.3164820459343,26.7827340115517));
#12608=CARTESIAN_POINT('Ctrl Pts',(-1.58483873044747,14.2514915317235,26.7836692057369));
#12609=CARTESIAN_POINT('Ctrl Pts',(-1.53814486635653,14.1882207951118,26.7851834927457));
#12610=CARTESIAN_POINT('',(-1.768838522414,14.0440673997616,26.10005066233));
#12611=CARTESIAN_POINT('Ctrl Pts',(-1.53814486635657,14.1882207951118,26.7851834927456));
#12612=CARTESIAN_POINT('Ctrl Pts',(-1.60589044265076,14.1458886607581,26.7004010265476));
#12613=CARTESIAN_POINT('Ctrl Pts',(-1.66740947028601,14.1074473058296,26.587331434126));
#12614=CARTESIAN_POINT('Ctrl Pts',(-1.7443263295311,14.0593843178422,26.3685527851869));
#12615=CARTESIAN_POINT('Ctrl Pts',(-1.768838522414,14.0440673997616,26.2233924119046));
#12616=CARTESIAN_POINT('Ctrl Pts',(-1.768838522414,14.0440673997616,26.10005066233));
#12617=CARTESIAN_POINT('',(-1.69356871212331,13.9404673937202,26.10005066233));
#12618=CARTESIAN_POINT('Origin',(1.909004320162,16.637033274067,26.10005066233));
#12619=CARTESIAN_POINT('',(-1.48518242591316,14.1153242496215,26.7851834927457));
#12620=CARTESIAN_POINT('Ctrl Pts',(-1.69356871212331,13.9404673937202,26.10005066233));
#12621=CARTESIAN_POINT('Ctrl Pts',(-1.69356871212331,13.9404673937202,26.2233924119046));
#12622=CARTESIAN_POINT('Ctrl Pts',(-1.67142677320296,13.9590466865018,26.3685527851869));
#12623=CARTESIAN_POINT('Ctrl Pts',(-1.60194753862427,14.0173466866113,26.587331434126));
#12624=CARTESIAN_POINT('Ctrl Pts',(-1.54637721250755,14.0639757267602,26.7004010265476));
#12625=CARTESIAN_POINT('Ctrl Pts',(-1.48518242591316,14.1153242496215,26.7851834927457));
#12626=CARTESIAN_POINT('',(-1.16378862106983,13.7323020280621,26.7851834927457));
#12627=CARTESIAN_POINT('Ctrl Pts',(-1.48518242591316,14.1153242496215,26.7851834927457));
#12628=CARTESIAN_POINT('Ctrl Pts',(-1.43569912897113,14.0461369321126,26.7835454522741));
#12629=CARTESIAN_POINT('Ctrl Pts',(-1.38354615469914,13.9787107928262,26.7825909429789));
#12630=CARTESIAN_POINT('Ctrl Pts',(-1.27487521278109,13.8497449369095,26.7826855652398));
#12631=CARTESIAN_POINT('Ctrl Pts',(-1.22030407787375,13.789958607876,26.7836287542644));
#12632=CARTESIAN_POINT('Ctrl Pts',(-1.16378862106988,13.732302028062,26.7851834927457));
#12633=CARTESIAN_POINT('',(-1.37217490728003,13.5574451721607,26.10005066233));
#12634=CARTESIAN_POINT('Ctrl Pts',(-1.16378862106985,13.7323020280621,26.7851834927457));
#12635=CARTESIAN_POINT('Ctrl Pts',(-1.22498340766425,13.6809535052007,26.7004010265476));
#12636=CARTESIAN_POINT('Ctrl Pts',(-1.28055373378099,13.6343244650518,26.587331434126));
#12637=CARTESIAN_POINT('Ctrl Pts',(-1.35003296835969,13.5760244649423,26.3685527851869));
#12638=CARTESIAN_POINT('Ctrl Pts',(-1.37217490728003,13.5574451721607,26.2233924119046));
#12639=CARTESIAN_POINT('Ctrl Pts',(-1.37217490728003,13.5574451721607,26.10005066233));
#12640=CARTESIAN_POINT('',(-1.28321928350866,13.4653289271633,26.10005066233));
#12641=CARTESIAN_POINT('Origin',(1.909004320162,16.637033274067,26.10005066233));
#12642=CARTESIAN_POINT('',(-1.10119636917102,13.6674858538123,26.7851834927457));
#12643=CARTESIAN_POINT('Ctrl Pts',(-1.28321928350866,13.4653289271633,26.10005066233));
#12644=CARTESIAN_POINT('Ctrl Pts',(-1.28321928350866,13.4653289271633,26.2233924119046));
#12645=CARTESIAN_POINT('Ctrl Pts',(-1.26387856620587,13.4868089698455,26.3685527851869));
#12646=CARTESIAN_POINT('Ctrl Pts',(-1.20318929056319,13.5542112388902,26.587331434126));
#12647=CARTESIAN_POINT('Ctrl Pts',(-1.15464927915257,13.6081203830328,26.7004010265476));
#12648=CARTESIAN_POINT('Ctrl Pts',(-1.10119636917102,13.6674858538123,26.7851834927457));
#12649=CARTESIAN_POINT('',(-0.729623956432319,13.3329205506329,26.7851834927457));
#12650=CARTESIAN_POINT('Ctrl Pts',(-1.10119636917102,13.6674858538123,26.7851834927457));
#12651=CARTESIAN_POINT('Ctrl Pts',(-1.0443088594341,13.6076909323731,26.7835941551486));
#12652=CARTESIAN_POINT('Ctrl Pts',(-0.985131308288616,13.5498546455267,
26.7826454745079));
#12653=CARTESIAN_POINT('Ctrl Pts',(-0.859838055084672,13.4369627937173,
26.782629904161));
#12654=CARTESIAN_POINT('Ctrl Pts',(-0.795609151893957,13.3836858121702,
26.7835802702433));
#12655=CARTESIAN_POINT('Ctrl Pts',(-0.729623956432319,13.3329205506329,
26.7851834927457));
#12656=CARTESIAN_POINT('',(-0.911646870769958,13.1307636239839,26.10005066233));
#12657=CARTESIAN_POINT('Ctrl Pts',(-0.729623956432319,13.3329205506329,
26.7851834927457));
#12658=CARTESIAN_POINT('Ctrl Pts',(-0.783076866413866,13.2735550798534,
26.7004010265476));
#12659=CARTESIAN_POINT('Ctrl Pts',(-0.831616877824495,13.2196459357108,
26.587331434126));
#12660=CARTESIAN_POINT('Ctrl Pts',(-0.892306153467174,13.1522436666661,
26.3685527851869));
#12661=CARTESIAN_POINT('Ctrl Pts',(-0.911646870769958,13.1307636239839,
26.2233924119046));
#12662=CARTESIAN_POINT('Ctrl Pts',(-0.911646870769958,13.1307636239839,
26.10005066233));
#12663=CARTESIAN_POINT('',(-0.810736853549092,13.0519240779587,26.10005066233));
#12664=CARTESIAN_POINT('Origin',(1.909004320162,16.637033274067,26.10005066233));
#12665=CARTESIAN_POINT('',(-0.658620180063555,13.2774463207283,26.7851834927457));
#12666=CARTESIAN_POINT('Ctrl Pts',(-0.810736853549092,13.0519240779587,
26.10005066233));
#12667=CARTESIAN_POINT('Ctrl Pts',(-0.810736853549092,13.0519240779587,
26.2233924119046));
#12668=CARTESIAN_POINT('Ctrl Pts',(-0.79457380292643,13.0758867859439,26.3685527851869));
#12669=CARTESIAN_POINT('Ctrl Pts',(-0.743855733937122,13.1510794154258,
26.587331434126));
#12670=CARTESIAN_POINT('Ctrl Pts',(-0.703290813341257,13.211219383392,26.7004010265476));
#12671=CARTESIAN_POINT('Ctrl Pts',(-0.658620180063557,13.2774463207283,
26.7851834927457));
#12672=CARTESIAN_POINT('',(-0.244101393786032,12.9978498689929,26.7851834927457));
#12673=CARTESIAN_POINT('Ctrl Pts',(-0.658620180063557,13.2774463207283,
26.7851834927457));
#12674=CARTESIAN_POINT('Ctrl Pts',(-0.595846660836673,13.2276438156365,
26.7836404227705));
#12675=CARTESIAN_POINT('Ctrl Pts',(-0.531204721728247,13.1799787437197,
26.7826996449201));
#12676=CARTESIAN_POINT('Ctrl Pts',(-0.391674495805488,13.0853214466486,
26.7825776455699));
#12677=CARTESIAN_POINT('Ctrl Pts',(-0.318668169289011,13.0401626058238,
26.7835324760464));
#12678=CARTESIAN_POINT('Ctrl Pts',(-0.244101393786033,12.9978498689929,
26.7851834927457));
#12679=CARTESIAN_POINT('',(-0.39621806727157,12.7723276262233,26.10005066233));
#12680=CARTESIAN_POINT('Ctrl Pts',(-0.244101393786032,12.9978498689929,
26.7851834927457));
#12681=CARTESIAN_POINT('Ctrl Pts',(-0.288772027063732,12.9316229316567,
26.7004010265476));
#12682=CARTESIAN_POINT('Ctrl Pts',(-0.329336947659599,12.8714829636904,
26.587331434126));
#12683=CARTESIAN_POINT('Ctrl Pts',(-0.380055016648908,12.7962903342085,
26.3685527851869));
#12684=CARTESIAN_POINT('Ctrl Pts',(-0.39621806727157,12.7723276262233,26.2233924119046));
#12685=CARTESIAN_POINT('Ctrl Pts',(-0.39621806727157,12.7723276262233,26.10005066233));
#12686=CARTESIAN_POINT('',(-0.285317755302968,12.708299301255,26.10005066233));
#12687=CARTESIAN_POINT('Origin',(1.909004320162,16.637033274067,26.10005066233));
#12688=CARTESIAN_POINT('',(-0.166068100688777,12.9527973262175,26.7851834927457));
#12689=CARTESIAN_POINT('Ctrl Pts',(-0.285317755302969,12.708299301255,26.10005066233));
#12690=CARTESIAN_POINT('Ctrl Pts',(-0.285317755302969,12.708299301255,26.2233924119046));
#12691=CARTESIAN_POINT('Ctrl Pts',(-0.272646966755601,12.7342782676895,
26.3685527851869));
#12692=CARTESIAN_POINT('Ctrl Pts',(-0.232887273941592,12.8157977186061,
26.587331434126));
#12693=CARTESIAN_POINT('Ctrl Pts',(-0.201086994197972,12.8809979543277,
26.7004010265476));
#12694=CARTESIAN_POINT('Ctrl Pts',(-0.166068100688775,12.9527973262175,
26.7851834927457));
#12695=CARTESIAN_POINT('',(0.28332892246081,12.733611752823,26.7851834927457));
#12696=CARTESIAN_POINT('Ctrl Pts',(-0.166068100688779,12.9527973262175,
26.7851834927457));
#12697=CARTESIAN_POINT('Ctrl Pts',(-0.0985446551682996,12.9131381995071,
26.7836754930341));
#12698=CARTESIAN_POINT('Ctrl Pts',(-0.029603489257102,12.8757853382823,
26.7827426384114));
#12699=CARTESIAN_POINT('Ctrl Pts',(0.121510882650715,12.8012425489052,26.7825382033702));
#12700=CARTESIAN_POINT('Ctrl Pts',(0.201735466638793,12.7658718236813,26.7834938860565));
#12701=CARTESIAN_POINT('Ctrl Pts',(0.283328922460809,12.733611752823,26.7851834927457));
#12702=CARTESIAN_POINT('',(0.164079267846615,12.4891137278605,26.10005066233));
#12703=CARTESIAN_POINT('Ctrl Pts',(0.28332892246081,12.733611752823,26.7851834927457));
#12704=CARTESIAN_POINT('Ctrl Pts',(0.248310028951616,12.6618123809332,26.7004010265476));
#12705=CARTESIAN_POINT('Ctrl Pts',(0.216509749207991,12.5966121452116,26.587331434126));
#12706=CARTESIAN_POINT('Ctrl Pts',(0.176750056393982,12.515092694295,26.3685527851869));
#12707=CARTESIAN_POINT('Ctrl Pts',(0.164079267846615,12.4891137278605,26.2233924119046));
#12708=CARTESIAN_POINT('Ctrl Pts',(0.164079267846615,12.4891137278605,26.10005066233));
#12709=CARTESIAN_POINT('',(0.282811326137714,12.4411428624635,26.10005066233));
#12710=CARTESIAN_POINT('Origin',(1.909004320162,16.637033274067,26.10005066233));
#12711=CARTESIAN_POINT('',(0.366872902997969,12.6998577936753,26.7851834927457));
#12712=CARTESIAN_POINT('Ctrl Pts',(0.282811326137713,12.4411428624635,26.10005066233));
#12713=CARTESIAN_POINT('Ctrl Pts',(0.282811326137713,12.4411428624635,26.2233924119046));
#12714=CARTESIAN_POINT('Ctrl Pts',(0.29174323012352,12.4686324363162,26.3685527851869));
#12715=CARTESIAN_POINT('Ctrl Pts',(0.319770669567585,12.5548920252824,26.587331434126));
#12716=CARTESIAN_POINT('Ctrl Pts',(0.342187352186034,12.6238834803353,26.7004010265476));
#12717=CARTESIAN_POINT('Ctrl Pts',(0.366872902997968,12.6998577936753,26.7851834927457));
#12718=CARTESIAN_POINT('',(0.842401161145546,12.5453492964878,26.7851834927457));
#12719=CARTESIAN_POINT('Ctrl Pts',(0.366872902997968,12.6998577936753,26.7851834927457));
#12720=CARTESIAN_POINT('Ctrl Pts',(0.438437496962255,12.6703210079332,26.7836926009746));
#12721=CARTESIAN_POINT('Ctrl Pts',(0.510916736752405,12.6432661479712,26.7827659027022));
#12722=CARTESIAN_POINT('Ctrl Pts',(0.67068214190978,12.59039174428,26.7825176310559));
#12723=CARTESIAN_POINT('Ctrl Pts',(0.755944666837065,12.5662216258938,26.7834707601325));
#12724=CARTESIAN_POINT('Ctrl Pts',(0.842401161145546,12.5453492964878,26.7851834927457));
#12725=CARTESIAN_POINT('',(0.75833958428529,12.286634365276,26.10005066233));
#12726=CARTESIAN_POINT('Ctrl Pts',(0.842401161145545,12.5453492964878,26.7851834927457));
#12727=CARTESIAN_POINT('Ctrl Pts',(0.81771561033361,12.4693749831478,26.7004010265476));
#12728=CARTESIAN_POINT('Ctrl Pts',(0.795298927715161,12.4003835280949,26.587331434126));
#12729=CARTESIAN_POINT('Ctrl Pts',(0.767271488271096,12.3141239391288,26.3685527851869));
#12730=CARTESIAN_POINT('Ctrl Pts',(0.75833958428529,12.286634365276,26.2233924119046));
#12731=CARTESIAN_POINT('Ctrl Pts',(0.75833958428529,12.286634365276,26.10005066233));
#12732=CARTESIAN_POINT('',(0.882592404439965,12.2556546577792,26.10005066233));
#12733=CARTESIAN_POINT('Origin',(1.909004320162,16.637033274067,26.10005066233));
#12734=CARTESIAN_POINT('',(0.929829740571313,12.5235509033881,26.7851834927457));
#12735=CARTESIAN_POINT('Ctrl Pts',(0.882592404439965,12.2556546577792,26.10005066233));
#12736=CARTESIAN_POINT('Ctrl Pts',(0.882592404439965,12.2556546577792,26.2233924119046));
#12737=CARTESIAN_POINT('Ctrl Pts',(0.887611574513018,12.2841197857641,26.3685527851869));
#12738=CARTESIAN_POINT('Ctrl Pts',(0.903361238359098,12.3734405679995,26.587331434126));
#12739=CARTESIAN_POINT('Ctrl Pts',(0.915958008623802,12.4448804021876,26.7004010265475));
#12740=CARTESIAN_POINT('Ctrl Pts',(0.929829740571317,12.5235509033881,26.7851834927456));
#12741=CARTESIAN_POINT('',(1.42223361707743,12.4367268145547,26.7851834927457));
#12742=CARTESIAN_POINT('Ctrl Pts',(0.929829740571331,12.5235509033882,26.7851834927457));
#12743=CARTESIAN_POINT('Ctrl Pts',(1.00382501636172,12.504514475872,26.783712158689));
#12744=CARTESIAN_POINT('Ctrl Pts',(1.07816824535405,12.4880441671438,26.7827933145175));
#12745=CARTESIAN_POINT('Ctrl Pts',(1.2433608941549,12.457794761208,26.78249412402));
#12746=CARTESIAN_POINT('Ctrl Pts',(1.33224046277701,12.4455073339833,26.7834422562082));
#12747=CARTESIAN_POINT('Ctrl Pts',(1.42223361707743,12.4367268145547,26.7851834927457));
#12748=CARTESIAN_POINT('',(1.37499628094607,12.1688305689458,26.10005066233));
#12749=CARTESIAN_POINT('Ctrl Pts',(1.42223361707743,12.4367268145547,26.7851834927457));
#12750=CARTESIAN_POINT('Ctrl Pts',(1.40836188512991,12.3580563133541,26.7004010265476));
#12751=CARTESIAN_POINT('Ctrl Pts',(1.3957651148652,12.286616479166,26.587331434126));
#12752=CARTESIAN_POINT('Ctrl Pts',(1.38001545101912,12.1972956969306,26.3685527851869));
#12753=CARTESIAN_POINT('Ctrl Pts',(1.37499628094607,12.1688305689458,26.2233924119046));
#12754=CARTESIAN_POINT('Ctrl Pts',(1.37499628094607,12.1688305689458,26.10005066233));
#12755=CARTESIAN_POINT('',(1.50235142315549,12.1554450041167,26.10005066233));
#12756=CARTESIAN_POINT('Origin',(1.909004320162,16.637033274067,26.10005066233));
#12757=CARTESIAN_POINT('',(1.51184509754183,12.4273082684295,26.7851834927457));
#12758=CARTESIAN_POINT('Ctrl Pts',(1.50235142315549,12.1554450041167,26.10005066233));
#12759=CARTESIAN_POINT('Ctrl Pts',(1.50235142315549,12.1554450041167,26.2233924119046));
#12760=CARTESIAN_POINT('Ctrl Pts',(1.50336016687954,12.1843316448961,26.3685527851869));
#12761=CARTESIAN_POINT('Ctrl Pts',(1.50652550583585,12.2749750929753,26.587331434126));
#12762=CARTESIAN_POINT('Ctrl Pts',(1.50905718194223,12.3474728111878,26.7004010265476));
#12763=CARTESIAN_POINT('Ctrl Pts',(1.51184509754183,12.4273082684295,26.7851834927457));
#12764=CARTESIAN_POINT('',(2.01154051105138,12.4098585200782,26.7851834927457));
#12765=CARTESIAN_POINT('Ctrl Pts',(1.51184509754184,12.4273082684295,26.7851834927457));
#12766=CARTESIAN_POINT('Ctrl Pts',(1.59204939362287,12.4182731304292,26.783629221264));
#12767=CARTESIAN_POINT('Ctrl Pts',(1.67191776703236,12.4121611254431,26.7827004586508));
#12768=CARTESIAN_POINT('Ctrl Pts',(1.83937998222882,12.4058572873277,26.7825769671122));
#12769=CARTESIAN_POINT('Ctrl Pts',(1.92509217438439,12.4061939053321,26.7835172533159));
#12770=CARTESIAN_POINT('Ctrl Pts',(2.01154051105138,12.4098585200782,26.7851834927457));
#12771=CARTESIAN_POINT('',(2.00204683666504,12.1379952557654,26.10005066233));
#12772=CARTESIAN_POINT('Ctrl Pts',(2.01154051105138,12.4098585200782,26.7851834927457));
#12773=CARTESIAN_POINT('Ctrl Pts',(2.00875259545178,12.3300230628366,26.7004010265476));
#12774=CARTESIAN_POINT('Ctrl Pts',(2.0062209193454,12.2575253446241,26.587331434126));
#12775=CARTESIAN_POINT('Ctrl Pts',(2.00305558038909,12.1668818965448,26.3685527851869));
#12776=CARTESIAN_POINT('Ctrl Pts',(2.00204683666504,12.1379952557654,26.2233924119046));
#12777=CARTESIAN_POINT('Ctrl Pts',(2.00204683666504,12.1379952557654,26.10005066233));
#12778=CARTESIAN_POINT('',(2.13002547795045,12.1424643683976,26.10005066233));
#12779=CARTESIAN_POINT('Origin',(1.909004320162,16.637033274067,26.10005066233));
#12780=CARTESIAN_POINT('',(2.10159070701874,12.4130031422142,26.7851834927457));
#12781=CARTESIAN_POINT('Ctrl Pts',(2.13002547795045,12.1424643683976,26.10005066233));
#12782=CARTESIAN_POINT('Ctrl Pts',(2.13002547795045,12.1424643683976,26.2233924119046));
#12783=CARTESIAN_POINT('Ctrl Pts',(2.12700416127633,12.1712102763668,26.3685527851869));
#12784=CARTESIAN_POINT('Ctrl Pts',(2.11752356562061,12.2614121186785,26.587331434126));
#12785=CARTESIAN_POINT('Ctrl Pts',(2.10994087137298,12.3335566352953,26.7004010265475));
#12786=CARTESIAN_POINT('Ctrl Pts',(2.10159070701874,12.4130031422143,26.7851834927456));
#12787=CARTESIAN_POINT('',(2.59885165470286,12.4652673738482,26.7851834927457));
#12788=CARTESIAN_POINT('Ctrl Pts',(2.10159070701874,12.4130031422143,26.7851834927457));
#12789=CARTESIAN_POINT('Ctrl Pts',(2.18861460079779,12.4153923503729,26.7835070333757));
#12790=CARTESIAN_POINT('Ctrl Pts',(2.27473344898639,12.4210928780497,26.7825645538317));
#12791=CARTESIAN_POINT('Ctrl Pts',(2.44149973416335,12.4391746787529,26.7827138596918));
#12792=CARTESIAN_POINT('Ctrl Pts',(2.52018543227865,12.4507905851553,26.7836431711864));
#12793=CARTESIAN_POINT('Ctrl Pts',(2.59885165470287,12.4652673738481,26.7851834927457));
#12794=CARTESIAN_POINT('',(2.62728642563458,12.1947286000315,26.10005066233));
#12795=CARTESIAN_POINT('Ctrl Pts',(2.59885165470286,12.4652673738482,26.7851834927457));
#12796=CARTESIAN_POINT('Ctrl Pts',(2.60720181905711,12.3858208669292,26.7004010265476));
#12797=CARTESIAN_POINT('Ctrl Pts',(2.61478451330474,12.3136763503123,26.587331434126));
#12798=CARTESIAN_POINT('Ctrl Pts',(2.62426510896046,12.2234745080006,26.3685527851869));
#12799=CARTESIAN_POINT('Ctrl Pts',(2.62728642563458,12.1947286000315,26.2233924119046));
#12800=CARTESIAN_POINT('Ctrl Pts',(2.62728642563458,12.1947286000315,26.10005066233));
#12801=CARTESIAN_POINT('',(2.75339760731688,12.2169654039311,26.10005066233));
#12802=CARTESIAN_POINT('Origin',(1.909004320162,16.637033274067,26.10005066233));
#12803=CARTESIAN_POINT('',(2.68758784153923,12.4809139577526,26.7851834927457));
#12804=CARTESIAN_POINT('Ctrl Pts',(2.75339760731688,12.2169654039311,26.10005066233));
#12805=CARTESIAN_POINT('Ctrl Pts',(2.75339760731688,12.2169654039311,26.2233924119046));
#12806=CARTESIAN_POINT('Ctrl Pts',(2.74640503673697,12.2450110726894,26.3685527851869));
#12807=CARTESIAN_POINT('Ctrl Pts',(2.72446303547963,12.333015632976,26.587331434126));
#12808=CARTESIAN_POINT('Ctrl Pts',(2.70691355939635,12.4034027370443,26.7004010265476));
#12809=CARTESIAN_POINT('Ctrl Pts',(2.68758784153923,12.4809139577526,26.7851834927457));
#12810=CARTESIAN_POINT('',(3.17273570467722,12.6018749055524,26.7851834927457));
#12811=CARTESIAN_POINT('Ctrl Pts',(2.68758784153923,12.4809139577526,26.7851834927457));
#12812=CARTESIAN_POINT('Ctrl Pts',(2.77410056583896,12.4955039980373,26.7834939830108));
#12813=CARTESIAN_POINT('Ctrl Pts',(2.85953466946481,12.5133500788726,26.7825450096115));
#12814=CARTESIAN_POINT('Ctrl Pts',(3.02249353912638,12.5547036468516,26.782735207667));
#12815=CARTESIAN_POINT('Ctrl Pts',(3.09794228388215,12.5769547703757,26.7836653455505));
#12816=CARTESIAN_POINT('Ctrl Pts',(3.17273570467722,12.6018749055524,26.7851834927457));
#12817=CARTESIAN_POINT('',(3.23854547045487,12.3379263517309,26.10005066233));
#12818=CARTESIAN_POINT('Ctrl Pts',(3.17273570467722,12.6018749055524,26.7851834927457));
#12819=CARTESIAN_POINT('Ctrl Pts',(3.19206142253434,12.5243636848442,26.7004010265476));
#12820=CARTESIAN_POINT('Ctrl Pts',(3.20961089861762,12.4539765807758,26.587331434126));
#12821=CARTESIAN_POINT('Ctrl Pts',(3.23155289987496,12.3659720204893,26.3685527851869));
#12822=CARTESIAN_POINT('Ctrl Pts',(3.23854547045487,12.3379263517309,26.2233924119046));
#12823=CARTESIAN_POINT('Ctrl Pts',(3.23854547045487,12.3379263517309,26.10005066233));
#12824=CARTESIAN_POINT('',(3.36033458183198,12.3774980328041,26.10005066233));
#12825=CARTESIAN_POINT('Origin',(1.909004320162,16.637033274067,26.10005066233));
#12826=CARTESIAN_POINT('',(3.25843073344172,12.6297189082673,26.7851834927457));
#12827=CARTESIAN_POINT('Ctrl Pts',(3.36033458183198,12.3774980328041,26.10005066233));
#12828=CARTESIAN_POINT('Ctrl Pts',(3.36033458183198,12.3774980328041,26.2233924119046));
#12829=CARTESIAN_POINT('Ctrl Pts',(3.34950685977867,12.4042975853107,26.3685527851869));
#12830=CARTESIAN_POINT('Ctrl Pts',(3.31553052901553,12.4883919549098,26.587331434126));
#12831=CARTESIAN_POINT('Ctrl Pts',(3.28835585168631,12.5556516415132,26.7004010265476));
#12832=CARTESIAN_POINT('Ctrl Pts',(3.25843073344173,12.6297189082673,26.7851834927457));
#12833=CARTESIAN_POINT('',(3.72202266072513,12.8170222049752,26.7851834927457));
#12834=CARTESIAN_POINT('Ctrl Pts',(3.25843073344174,12.6297189082672,26.7851834927457));
#12835=CARTESIAN_POINT('Ctrl Pts',(3.34226499903129,12.6562686476748,26.7834900638946));
#12836=CARTESIAN_POINT('Ctrl Pts',(3.42483971711549,12.6859960630328,26.7825359203402));
#12837=CARTESIAN_POINT('Ctrl Pts',(3.58069169834714,12.749797400519,26.78274521823));
#12838=CARTESIAN_POINT('Ctrl Pts',(3.6519496233783,12.782195928768,26.7836766199739));
#12839=CARTESIAN_POINT('Ctrl Pts',(3.72202266072514,12.8170222049752,26.7851834927457));
#12840=CARTESIAN_POINT('',(3.82392650911537,12.564801329512,26.10005066233));
#12841=CARTESIAN_POINT('Ctrl Pts',(3.72202266072513,12.8170222049752,26.7851834927457));
#12842=CARTESIAN_POINT('Ctrl Pts',(3.75194777896971,12.7429549382211,26.7004010265476));
#12843=CARTESIAN_POINT('Ctrl Pts',(3.77912245629893,12.6756952516178,26.587331434126));
#12844=CARTESIAN_POINT('Ctrl Pts',(3.81309878706206,12.5916008820186,26.3685527851869));
#12845=CARTESIAN_POINT('Ctrl Pts',(3.82392650911537,12.564801329512,26.2233924119046));
#12846=CARTESIAN_POINT('Ctrl Pts',(3.82392650911537,12.564801329512,26.10005066233));
#12847=CARTESIAN_POINT('',(3.93902306366737,12.6209376699987,26.10005066233));
#12848=CARTESIAN_POINT('Origin',(1.909004320162,16.637033274067,26.10005066233));
#12849=CARTESIAN_POINT('',(3.80300857515957,12.8565216746597,26.7851834927457));
#12850=CARTESIAN_POINT('Ctrl Pts',(3.93902306366737,12.6209376699987,26.10005066233));
#12851=CARTESIAN_POINT('Ctrl Pts',(3.93902306366737,12.6209376699987,26.2233924119046));
#12852=CARTESIAN_POINT('Ctrl Pts',(3.92457093943409,12.645969483448,26.3685527851869));
#12853=CARTESIAN_POINT('Ctrl Pts',(3.87922158979596,12.7245168611115,26.587331434126));
#12854=CARTESIAN_POINT('Ctrl Pts',(3.84295063540429,12.7873399969569,26.7004010265476));
#12855=CARTESIAN_POINT('Ctrl Pts',(3.80300857515957,12.8565216746597,26.7851834927457));
#12856=CARTESIAN_POINT('',(4.23602127705178,13.1065216746597,26.7851834927457));
#12857=CARTESIAN_POINT('Ctrl Pts',(3.80300857515957,12.8565216746597,26.7851834927457));
#12858=CARTESIAN_POINT('Ctrl Pts',(3.88213783257436,12.8943876113196,26.7834942082482));
#12859=CARTESIAN_POINT('Ctrl Pts',(3.95976705960998,12.9353009869753,26.7825370784559));
#12860=CARTESIAN_POINT('Ctrl Pts',(4.10536763688465,13.0202446581658,26.7827438572681));
#12861=CARTESIAN_POINT('Ctrl Pts',(4.17150121875962,13.0622985977923,26.7836771838404));
#12862=CARTESIAN_POINT('Ctrl Pts',(4.23602127705178,13.1065216746597,26.7851834927457));
#12863=CARTESIAN_POINT('',(4.37203576555959,12.8709376699987,26.10005066233));
#12864=CARTESIAN_POINT('Ctrl Pts',(4.23602127705178,13.1065216746597,26.7851834927457));
#12865=CARTESIAN_POINT('Ctrl Pts',(4.27596333729651,13.0373399969569,26.7004010265476));
#12866=CARTESIAN_POINT('Ctrl Pts',(4.31223429168818,12.9745168611115,26.587331434126));
#12867=CARTESIAN_POINT('Ctrl Pts',(4.3575836413263,12.895969483448,26.3685527851869));
#12868=CARTESIAN_POINT('Ctrl Pts',(4.37203576555959,12.8709376699987,26.2233924119046));
#12869=CARTESIAN_POINT('Ctrl Pts',(4.37203576555959,12.8709376699987,26.10005066233));
#12870=CARTESIAN_POINT('',(4.47819953977253,12.9425460398855,26.10005066233));
#12871=CARTESIAN_POINT('Origin',(1.909004320162,16.637033274067,26.10005066233));
#12872=CARTESIAN_POINT('',(4.31072177845173,13.1569077990664,26.7851834927457));
#12873=CARTESIAN_POINT('Ctrl Pts',(4.47819953977253,12.9425460398855,26.10005066233));
#12874=CARTESIAN_POINT('Ctrl Pts',(4.47819953977253,12.9425460398855,26.2233924119046));
#12875=CARTESIAN_POINT('Ctrl Pts',(4.46040430751842,12.965322898502,26.3685527851869));
#12876=CARTESIAN_POINT('Ctrl Pts',(4.40456461251188,13.0367944488699,26.587331434126));
#12877=CARTESIAN_POINT('Ctrl Pts',(4.35990335392738,13.0939582530783,26.7004010265476));
#12878=CARTESIAN_POINT('Ctrl Pts',(4.31072177845174,13.1569077990664,26.7851834927457));
#12879=CARTESIAN_POINT('',(4.70472715525512,13.4647385367292,26.7851834927457));
#12880=CARTESIAN_POINT('Ctrl Pts',(4.31072177845177,13.1569077990664,26.7851834927457));
#12881=CARTESIAN_POINT('Ctrl Pts',(4.38209178630176,13.2042768077477,26.7835339446091));
#12882=CARTESIAN_POINT('Ctrl Pts',(4.45175242673412,13.2544008490588,26.7825784698041));
#12883=CARTESIAN_POINT('Ctrl Pts',(4.58436728676625,13.3585741515712,26.7826987562245));
#12884=CARTESIAN_POINT('Ctrl Pts',(4.64556194440946,13.4106614408292,26.7836399361627));
#12885=CARTESIAN_POINT('Ctrl Pts',(4.70472715525512,13.4647385367292,26.7851834927457));
#12886=CARTESIAN_POINT('',(4.87220491657588,13.2503767775483,26.10005066233));
#12887=CARTESIAN_POINT('Ctrl Pts',(4.70472715525513,13.4647385367292,26.7851834927457));
#12888=CARTESIAN_POINT('Ctrl Pts',(4.75390873073075,13.4017889907411,26.7004010265476));
#12889=CARTESIAN_POINT('Ctrl Pts',(4.79856998931524,13.3446251865327,26.587331434126));
#12890=CARTESIAN_POINT('Ctrl Pts',(4.85440968432178,13.2731536361649,26.3685527851869));
#12891=CARTESIAN_POINT('Ctrl Pts',(4.87220491657589,13.2503767775483,26.2233924119046));
#12892=CARTESIAN_POINT('Ctrl Pts',(4.87220491657589,13.2503767775483,26.10005066233));
#12893=CARTESIAN_POINT('',(4.96736955334422,13.3360634013686,26.10005066233));
#12894=CARTESIAN_POINT('Origin',(1.909004320162,16.637033274067,26.10005066233));
#12895=CARTESIAN_POINT('',(4.77168828333147,13.5250306072599,26.7851834927457));
#12896=CARTESIAN_POINT('Ctrl Pts',(4.96736955334421,13.3360634013686,26.10005066233));
#12897=CARTESIAN_POINT('Ctrl Pts',(4.96736955334421,13.3360634013686,26.2233924119046));
#12898=CARTESIAN_POINT('Ctrl Pts',(4.94657757702333,13.3561419795078,26.3685527851869));
#12899=CARTESIAN_POINT('Ctrl Pts',(4.88133439279498,13.4191465901497,26.587331434126));
#12900=CARTESIAN_POINT('Ctrl Pts',(4.82915211061459,13.4695384342952,26.7004010265476));
#12901=CARTESIAN_POINT('Ctrl Pts',(4.77168828333148,13.5250306072599,26.7851834927457));
#12902=CARTESIAN_POINT('',(5.11901746856102,13.8847005074292,26.7851834927457));
#12903=CARTESIAN_POINT('Ctrl Pts',(4.77168828333147,13.5250306072599,26.7851834927457));
#12904=CARTESIAN_POINT('Ctrl Pts',(4.83391013102828,13.580220635778,26.783581850872));
#12905=CARTESIAN_POINT('Ctrl Pts',(4.89422094227638,13.637800493037,26.7826314520788));
#12906=CARTESIAN_POINT('Ctrl Pts',(5.01134442371196,13.7591515974496,26.7826439145094));
#12907=CARTESIAN_POINT('Ctrl Pts',(5.06639080870277,13.8210239150742,26.783592679764));
#12908=CARTESIAN_POINT('Ctrl Pts',(5.11901746856096,13.8847005074292,26.7851834927457));
#12909=CARTESIAN_POINT('',(5.31469873857371,13.695733301538,26.10005066233));
#12910=CARTESIAN_POINT('Ctrl Pts',(5.119017468561,13.8847005074292,26.7851834927456));
#12911=CARTESIAN_POINT('Ctrl Pts',(5.17648129584409,13.8292083344645,26.7004010265476));
#12912=CARTESIAN_POINT('Ctrl Pts',(5.22866357802447,13.7788164903191,26.587331434126));
#12913=CARTESIAN_POINT('Ctrl Pts',(5.29390676225283,13.7158118796771,26.3685527851869));
#12914=CARTESIAN_POINT('Ctrl Pts',(5.31469873857371,13.695733301538,26.2233924119046));
#12915=CARTESIAN_POINT('Ctrl Pts',(5.31469873857371,13.695733301538,26.10005066233));
#12916=CARTESIAN_POINT('',(5.3970119664909,13.7938303866263,26.10005066233));
#12917=CARTESIAN_POINT('Origin',(1.909004320162,16.637033274067,26.10005066233));
#12918=CARTESIAN_POINT('',(5.17693590112283,13.9537250075123,26.7851834927457));
#12919=CARTESIAN_POINT('Ctrl Pts',(5.3970119664909,13.7938303866263,26.10005066233));
#12920=CARTESIAN_POINT('Ctrl Pts',(5.3970119664909,13.7938303866263,26.2233924119046));
#12921=CARTESIAN_POINT('Ctrl Pts',(5.37362793827181,13.8108198776035,26.3685527851869));
#12922=CARTESIAN_POINT('Ctrl Pts',(5.30025114918962,13.8641312354402,26.587331434126));
#12923=CARTESIAN_POINT('Ctrl Pts',(5.24156351217949,13.9067702995962,26.7004010265476));
#12924=CARTESIAN_POINT('Ctrl Pts',(5.17693590112283,13.9537250075123,26.7851834927457));
#12925=CARTESIAN_POINT('',(5.47082852726906,14.3582335046998,26.7851834927457));
#12926=CARTESIAN_POINT('Ctrl Pts',(5.17693590112283,13.9537250075123,26.7851834927457));
#12927=CARTESIAN_POINT('Ctrl Pts',(5.22926388737504,14.0151507281638,26.7836295822382));
#12928=CARTESIAN_POINT('Ctrl Pts',(5.27949763868027,14.0785530839259,26.7826867395962));
#12929=CARTESIAN_POINT('Ctrl Pts',(5.37890122455502,14.2147620859296,26.7825898325905));
#12930=CARTESIAN_POINT('Ctrl Pts',(5.42624904003032,14.2856929857023,26.7835438710244));
#12931=CARTESIAN_POINT('Ctrl Pts',(5.47082852726906,14.3582335046998,26.7851834927457));
#12932=CARTESIAN_POINT('',(5.69090459263713,14.1983388838138,26.10005066233));
#12933=CARTESIAN_POINT('Ctrl Pts',(5.47082852726906,14.3582335046998,26.7851834927457));
#12934=CARTESIAN_POINT('Ctrl Pts',(5.53545613832572,14.3112787967837,26.7004010265476));
#12935=CARTESIAN_POINT('Ctrl Pts',(5.59414377533584,14.2686397326277,26.587331434126));
#12936=CARTESIAN_POINT('Ctrl Pts',(5.66752056441804,14.215328374791,26.3685527851869));
#12937=CARTESIAN_POINT('Ctrl Pts',(5.69090459263713,14.1983388838138,26.2233924119046));
#12938=CARTESIAN_POINT('Ctrl Pts',(5.69090459263713,14.1983388838138,26.10005066233));
#12939=CARTESIAN_POINT('',(5.75876427835168,14.3069370819927,26.10005066233));
#12940=CARTESIAN_POINT('Origin',(1.909004320162,16.637033274067,26.10005066233));
#12941=CARTESIAN_POINT('',(5.51857694790788,14.4346469509552,26.7851834927457));
#12942=CARTESIAN_POINT('Ctrl Pts',(5.75876427835168,14.3069370819927,26.10005066233));
#12943=CARTESIAN_POINT('Ctrl Pts',(5.75876427835168,14.3069370819927,26.2233924119046));
#12944=CARTESIAN_POINT('Ctrl Pts',(5.73324334174473,14.3205068046914,26.3685527851869));
#12945=CARTESIAN_POINT('Ctrl Pts',(5.65316114354332,14.3630872647833,26.587331434126));
#12946=CARTESIAN_POINT('Ctrl Pts',(5.58911043980169,14.3971436280673,26.7004010265476));
#12947=CARTESIAN_POINT('Ctrl Pts',(5.51857694790787,14.4346469509552,26.7851834927457));
#12948=CARTESIAN_POINT('',(5.75331272930081,14.8761207473847,26.7851834927457));
#12949=CARTESIAN_POINT('Ctrl Pts',(5.51857694790788,14.4346469509552,26.7851834927457));
#12950=CARTESIAN_POINT('Ctrl Pts',(5.56077141286243,14.5010646610317,26.7836682042135));
#12951=CARTESIAN_POINT('Ctrl Pts',(5.60070208938229,14.569016336346,26.7827334769816));
#12952=CARTESIAN_POINT('Ctrl Pts',(5.68043320603714,14.7174987406634,26.7825464588462));
#12953=CARTESIAN_POINT('Ctrl Pts',(5.71839888629004,14.7961019811731,26.7835022718025));
#12954=CARTESIAN_POINT('Ctrl Pts',(5.75331272930082,14.8761207473847,26.7851834927457));
#12955=CARTESIAN_POINT('',(5.99350005974462,14.7484108784221,26.10005066233));
#12956=CARTESIAN_POINT('Ctrl Pts',(5.75331272930081,14.8761207473847,26.7851834927457));
#12957=CARTESIAN_POINT('Ctrl Pts',(5.82384622119462,14.8386174244967,26.7004010265476));
#12958=CARTESIAN_POINT('Ctrl Pts',(5.88789692493626,14.8045610612127,26.587331434126));
#12959=CARTESIAN_POINT('Ctrl Pts',(5.96797912313767,14.7619806011209,26.3685527851869));
#12960=CARTESIAN_POINT('Ctrl Pts',(5.99350005974462,14.7484108784221,26.2233924119046));
#12961=CARTESIAN_POINT('Ctrl Pts',(5.99350005974462,14.7484108784221,26.10005066233));
#12962=CARTESIAN_POINT('',(6.04558539166335,14.8653964492926,26.10005066233));
#12963=CARTESIAN_POINT('Origin',(1.909004320162,16.637033274067,26.10005066233));
#12964=CARTESIAN_POINT('',(5.78996176932185,14.9584358390002,26.7851834927457));
#12965=CARTESIAN_POINT('Ctrl Pts',(6.04558539166335,14.8653964492926,26.10005066233));
#12966=CARTESIAN_POINT('Ctrl Pts',(6.04558539166335,14.8653964492926,26.2233924119046));
#12967=CARTESIAN_POINT('Ctrl Pts',(6.01842428266995,14.8752822844959,26.3685527851869));
#12968=CARTESIAN_POINT('Ctrl Pts',(5.93319538424518,14.9063030666218,26.587331434126));
#12969=CARTESIAN_POINT('Ctrl Pts',(5.86502828786375,14.931113860661,26.7004010265476));
#12970=CARTESIAN_POINT('Ctrl Pts',(5.78996176932185,14.9584358390002,26.7851834927457));
#12971=CARTESIAN_POINT('',(5.96097184098467,15.4282821493932,26.7851834927457));
#12972=CARTESIAN_POINT('Ctrl Pts',(5.78996176932185,14.9584358390002,26.7851834927457));
#12973=CARTESIAN_POINT('Ctrl Pts',(5.82202978758397,15.0290397521028,26.7836901954755));
#12974=CARTESIAN_POINT('Ctrl Pts',(5.85165941749608,15.1006887755099,26.7827622218502));
#12975=CARTESIAN_POINT('Ctrl Pts',(5.9100751707416,15.2585800066982,26.7825208406113));
#12976=CARTESIAN_POINT('Ctrl Pts',(5.93715244791473,15.3428131125385,26.7834748853993));
#12977=CARTESIAN_POINT('Ctrl Pts',(5.96097184098467,15.4282821493932,26.7851834927457));
#12978=CARTESIAN_POINT('',(6.21659546332618,15.3352427596856,26.10005066233));
#12979=CARTESIAN_POINT('Ctrl Pts',(5.96097184098467,15.4282821493932,26.7851834927457));
#12980=CARTESIAN_POINT('Ctrl Pts',(6.03603835952658,15.4009601710539,26.7004010265476));
#12981=CARTESIAN_POINT('Ctrl Pts',(6.10420545590801,15.3761493770147,26.587331434126));
#12982=CARTESIAN_POINT('Ctrl Pts',(6.18943435433278,15.3451285948888,26.3685527851869));
#12983=CARTESIAN_POINT('Ctrl Pts',(6.21659546332618,15.3352427596856,26.2233924119046));
#12984=CARTESIAN_POINT('Ctrl Pts',(6.21659546332618,15.3352427596856,26.10005066233));
#12985=CARTESIAN_POINT('',(6.25189265970948,15.4583387121798,26.10005066233));
#12986=CARTESIAN_POINT('Origin',(1.909004320162,16.637033274067,26.10005066233));
#12987=CARTESIAN_POINT('',(5.98580816851152,15.5148967167425,26.7851834927457));
#12988=CARTESIAN_POINT('Ctrl Pts',(6.25189265970948,15.4583387121798,26.10005066233));
#12989=CARTESIAN_POINT('Ctrl Pts',(6.25189265970948,15.4583387121798,26.2233924119046));
#12990=CARTESIAN_POINT('Ctrl Pts',(6.22362003842089,15.4643482433503,26.3685527851869));
#12991=CARTESIAN_POINT('Ctrl Pts',(6.13490332333414,15.4832055632718,26.587331434126));
#12992=CARTESIAN_POINT('Ctrl Pts',(6.06394662930505,15.4982878741821,26.7004010265476));
#12993=CARTESIAN_POINT('Ctrl Pts',(5.98580816851154,15.5148967167425,26.7851834927457));
#12994=CARTESIAN_POINT('',(6.08976401392046,16.0039705171094,26.7851834927457));
#12995=CARTESIAN_POINT('Ctrl Pts',(5.98580816851159,15.5148967167425,26.7851834927457));
#12996=CARTESIAN_POINT('Ctrl Pts',(6.00741791099568,15.5881910801879,26.7837119875292));
#12997=CARTESIAN_POINT('Ctrl Pts',(6.02649025855208,15.6619778457111,26.782792068425));
#12998=CARTESIAN_POINT('Ctrl Pts',(6.06249816473964,15.8261097750569,26.7824951363911));
#12999=CARTESIAN_POINT('Ctrl Pts',(6.07786537167045,15.9144683310184,26.7834447760446));
#13000=CARTESIAN_POINT('Ctrl Pts',(6.08976401392046,16.0039705171094,26.7851834927457));
#13001=CARTESIAN_POINT('',(6.35584850511835,15.9474125125467,26.10005066233));
#13002=CARTESIAN_POINT('Ctrl Pts',(6.08976401392046,16.0039705171094,26.7851834927457));
#13003=CARTESIAN_POINT('Ctrl Pts',(6.16790247471394,15.9873616745489,26.7004010265476));
#13004=CARTESIAN_POINT('Ctrl Pts',(6.23885916874302,15.9722793636387,26.587331434126));
#13005=CARTESIAN_POINT('Ctrl Pts',(6.32757588382976,15.9534220437172,26.3685527851869));
#13006=CARTESIAN_POINT('Ctrl Pts',(6.35584850511835,15.9474125125467,26.2233924119046));
#13007=CARTESIAN_POINT('Ctrl Pts',(6.35584850511835,15.9474125125467,26.10005066233));
#13008=CARTESIAN_POINT('',(6.37367054618858,16.0742229239689,26.10005066233));
#13009=CARTESIAN_POINT('Origin',(1.909004320162,16.637033274067,26.10005066233));
#13010=CARTESIAN_POINT('',(6.10230421808884,16.0931987061617,26.7851834927457));
#13011=CARTESIAN_POINT('Ctrl Pts',(6.10230421808884,16.0931987061617,26.7851834927457));
#13012=CARTESIAN_POINT('Ctrl Pts',(6.18199374487574,16.0876262716082,26.7004010265476));
#13013=CARTESIAN_POINT('Ctrl Pts',(6.25435894521523,16.0825660038528,26.587331434126));
#13014=CARTESIAN_POINT('Ctrl Pts',(6.34483670701855,16.0762391824181,26.3685527851869));
#13015=CARTESIAN_POINT('Ctrl Pts',(6.37367054618858,16.0742229239689,26.2233924119046));
#13016=CARTESIAN_POINT('Ctrl Pts',(6.37367054618858,16.0742229239689,26.10005066233));
#13017=CARTESIAN_POINT('',(6.1371824549609,16.5919807312916,26.7851834927457));
#13018=CARTESIAN_POINT('Ctrl Pts',(6.1371824549609,16.5919807312916,26.7851834927457));
#13019=CARTESIAN_POINT('Ctrl Pts',(6.13784636797042,16.5029723666769,26.7834694020034));
#13020=CARTESIAN_POINT('Ctrl Pts',(6.13501794025431,16.4148822103409,26.7825262015579));
#13021=CARTESIAN_POINT('Ctrl Pts',(6.1224762277595,16.2477055672252,26.7827563826225));
#13022=CARTESIAN_POINT('Ctrl Pts',(6.11375912731443,16.1705156942101,26.7836783397529));
#13023=CARTESIAN_POINT('Ctrl Pts',(6.10230421808885,16.0931987061617,26.7851834927457));
#13024=CARTESIAN_POINT('',(6.40854878306064,16.5730049490988,26.10005066233));
#13025=CARTESIAN_POINT('Ctrl Pts',(6.40854878306064,16.5730049490988,26.10005066233));
#13026=CARTESIAN_POINT('Ctrl Pts',(6.40854878306064,16.5730049490988,26.2233924119046));
#13027=CARTESIAN_POINT('Ctrl Pts',(6.37971494389061,16.575021207548,26.3685527851869));
#13028=CARTESIAN_POINT('Ctrl Pts',(6.28923718208729,16.5813480289827,26.587331434126));
#13029=CARTESIAN_POINT('Ctrl Pts',(6.2168719817478,16.5864082967381,26.7004010265476));
#13030=CARTESIAN_POINT('Ctrl Pts',(6.1371824549609,16.5919807312916,26.7851834927457));
#13031=CARTESIAN_POINT('',(6.40854878306063,16.7010615990353,26.10005066233));
#13032=CARTESIAN_POINT('Origin',(1.909004320162,16.637033274067,26.10005066233));
#13033=CARTESIAN_POINT('',(6.1371824549609,16.6820858168425,26.7851834927457));
#13034=CARTESIAN_POINT('Ctrl Pts',(6.1371824549609,16.6820858168425,26.7851834927457));
#13035=CARTESIAN_POINT('Ctrl Pts',(6.2168719817478,16.687658251396,26.7004010265476));
#13036=CARTESIAN_POINT('Ctrl Pts',(6.28923718208729,16.6927185191514,26.587331434126));
#13037=CARTESIAN_POINT('Ctrl Pts',(6.37971494389061,16.6990453405861,26.3685527851869));
#13038=CARTESIAN_POINT('Ctrl Pts',(6.40854878306063,16.7010615990353,26.2233924119046));
#13039=CARTESIAN_POINT('Ctrl Pts',(6.40854878306063,16.7010615990353,26.10005066233));
#13040=CARTESIAN_POINT('',(6.10230421808883,17.1808678419724,26.7851834927457));
#13041=CARTESIAN_POINT('Ctrl Pts',(6.10230421808883,17.1808678419724,26.7851834927457));
#13042=CARTESIAN_POINT('Ctrl Pts',(6.11413877971496,17.1009883211673,26.7836284541592));
#13043=CARTESIAN_POINT('Ctrl Pts',(6.12304758293354,17.0212699382095,26.7826981857323));
#13044=CARTESIAN_POINT('Ctrl Pts',(6.13518010856844,16.8540644194708,26.7825791237615));
#13045=CARTESIAN_POINT('Ctrl Pts',(6.13782695971139,16.7684921878655,26.7835195102505));
#13046=CARTESIAN_POINT('Ctrl Pts',(6.13718245496091,16.6820858168425,26.7851834927457));
#13047=CARTESIAN_POINT('',(6.37367054618857,17.1998436241653,26.10005066233));
#13048=CARTESIAN_POINT('Ctrl Pts',(6.37367054618857,17.1998436241653,26.10005066233));
#13049=CARTESIAN_POINT('Ctrl Pts',(6.37367054618857,17.1998436241653,26.2233924119046));
#13050=CARTESIAN_POINT('Ctrl Pts',(6.34483670701854,17.197827365716,26.3685527851869));
#13051=CARTESIAN_POINT('Ctrl Pts',(6.25435894521522,17.1915005442813,26.587331434126));
#13052=CARTESIAN_POINT('Ctrl Pts',(6.18199374487573,17.1864402765259,26.7004010265476));
#13053=CARTESIAN_POINT('Ctrl Pts',(6.10230421808883,17.1808678419724,26.7851834927457));
#13054=CARTESIAN_POINT('',(6.35584850511833,17.3266540355875,26.10005066233));
#13055=CARTESIAN_POINT('Origin',(1.909004320162,16.637033274067,26.10005066233));
#13056=CARTESIAN_POINT('',(6.08976401392037,17.2700960310247,26.7851834927457));
#13057=CARTESIAN_POINT('Ctrl Pts',(6.0897640139204,17.2700960310247,26.7851834927457));
#13058=CARTESIAN_POINT('Ctrl Pts',(6.1679024747139,17.2867048735852,26.7004010265476));
#13059=CARTESIAN_POINT('Ctrl Pts',(6.23885916874299,17.3017871844955,26.587331434126));
#13060=CARTESIAN_POINT('Ctrl Pts',(6.32757588382974,17.320644504417,26.3685527851869));
#13061=CARTESIAN_POINT('Ctrl Pts',(6.35584850511833,17.3266540355875,26.2233924119046));
#13062=CARTESIAN_POINT('Ctrl Pts',(6.35584850511833,17.3266540355875,26.10005066233));
#13063=CARTESIAN_POINT('',(5.98580816851155,17.7591698313916,26.7851834927457));
#13064=CARTESIAN_POINT('Ctrl Pts',(5.98580816851155,17.7591698313916,26.7851834927457));
#13065=CARTESIAN_POINT('Ctrl Pts',(6.00805889516859,17.6837014241338,26.7836683400144));
#13066=CARTESIAN_POINT('Ctrl Pts',(6.02761442201,17.6077285144296,26.7827397947964));
#13067=CARTESIAN_POINT('Ctrl Pts',(6.06326740011529,17.4435245867921,26.7825409058057));
#13068=CARTESIAN_POINT('Ctrl Pts',(6.07816541913205,17.3573412450023,26.783488621176));
#13069=CARTESIAN_POINT('Ctrl Pts',(6.08976401392045,17.2700960310247,26.7851834927457));
#13070=CARTESIAN_POINT('',(6.25189265970945,17.8157278359543,26.10005066233));
#13071=CARTESIAN_POINT('Ctrl Pts',(6.25189265970945,17.8157278359543,26.10005066233));
#13072=CARTESIAN_POINT('Ctrl Pts',(6.25189265970945,17.8157278359543,26.2233924119046));
#13073=CARTESIAN_POINT('Ctrl Pts',(6.22362003842086,17.8097183047838,26.3685527851869));
#13074=CARTESIAN_POINT('Ctrl Pts',(6.13490332333411,17.7908609848624,26.587331434126));
#13075=CARTESIAN_POINT('Ctrl Pts',(6.06394662930504,17.7757786739521,26.7004010265476));
#13076=CARTESIAN_POINT('Ctrl Pts',(5.98580816851155,17.7591698313916,26.7851834927457));
#13077=CARTESIAN_POINT('',(6.21659546332615,17.9388237884486,26.10005066233));
#13078=CARTESIAN_POINT('Origin',(1.909004320162,16.637033274067,26.10005066233));
#13079=CARTESIAN_POINT('',(5.96097184098463,17.8457843987409,26.7851834927457));
#13080=CARTESIAN_POINT('Ctrl Pts',(5.96097184098464,17.8457843987409,26.7851834927457));
#13081=CARTESIAN_POINT('Ctrl Pts',(6.03603835952654,17.8731063770802,26.7004010265476));
#13082=CARTESIAN_POINT('Ctrl Pts',(6.10420545590797,17.8979171711194,26.587331434126));
#13083=CARTESIAN_POINT('Ctrl Pts',(6.18943435433275,17.9289379532453,26.3685527851869));
#13084=CARTESIAN_POINT('Ctrl Pts',(6.21659546332615,17.9388237884486,26.2233924119046));
#13085=CARTESIAN_POINT('Ctrl Pts',(6.21659546332615,17.9388237884486,26.10005066233));
#13086=CARTESIAN_POINT('',(5.78996176932173,18.3156307091339,26.7851834927457));
#13087=CARTESIAN_POINT('Ctrl Pts',(5.78996176932179,18.3156307091339,26.7851834927457));
#13088=CARTESIAN_POINT('Ctrl Pts',(5.82244075733934,18.2441219670312,26.7836710580281));
#13089=CARTESIAN_POINT('Ctrl Pts',(5.85241576132441,18.1715470691039,26.7827393122057));
#13090=CARTESIAN_POINT('Ctrl Pts',(5.91068047159958,18.0136032027053,26.7825412421522));
#13091=CARTESIAN_POINT('Ctrl Pts',(5.93742003372443,17.9302932809281,26.7834940798044));
#13092=CARTESIAN_POINT('Ctrl Pts',(5.96097184098463,17.8457843987409,26.7851834927457));
#13093=CARTESIAN_POINT('',(6.04558539166331,18.4086700988415,26.10005066233));
#13094=CARTESIAN_POINT('Ctrl Pts',(6.04558539166331,18.4086700988415,26.10005066233));
#13095=CARTESIAN_POINT('Ctrl Pts',(6.04558539166331,18.4086700988415,26.2233924119046));
#13096=CARTESIAN_POINT('Ctrl Pts',(6.01842428266991,18.3987842636382,26.3685527851869));
#13097=CARTESIAN_POINT('Ctrl Pts',(5.93319538424513,18.3677634815123,26.587331434126));
#13098=CARTESIAN_POINT('Ctrl Pts',(5.86502828786367,18.3429526874731,26.7004010265476));
#13099=CARTESIAN_POINT('Ctrl Pts',(5.78996176932175,18.3156307091339,26.7851834927457));
#13100=CARTESIAN_POINT('',(5.99350005974457,18.525655669712,26.10005066233));
#13101=CARTESIAN_POINT('Origin',(1.909004320162,16.637033274067,26.10005066233));
#13102=CARTESIAN_POINT('',(5.75331272930083,18.3979458007495,26.7851834927457));
#13103=CARTESIAN_POINT('Ctrl Pts',(5.99350005974457,18.525655669712,26.10005066233));
#13104=CARTESIAN_POINT('Ctrl Pts',(5.99350005974457,18.525655669712,26.2233924119046));
#13105=CARTESIAN_POINT('Ctrl Pts',(5.96797912313762,18.5120859470132,26.3685527851869));
#13106=CARTESIAN_POINT('Ctrl Pts',(5.88789692493622,18.4695054869214,26.587331434126));
#13107=CARTESIAN_POINT('Ctrl Pts',(5.8238462211946,18.4354491236374,26.7004010265475));
#13108=CARTESIAN_POINT('Ctrl Pts',(5.7533127293008,18.3979458007494,26.7851834927456));
#13109=CARTESIAN_POINT('',(5.51857694790781,18.8394195971789,26.7851834927457));
#13110=CARTESIAN_POINT('Ctrl Pts',(5.75331272930076,18.3979458007494,26.7851834927457));
#13111=CARTESIAN_POINT('Ctrl Pts',(5.7180676674184,18.4787236849259,26.7834863224811));
#13112=CARTESIAN_POINT('Ctrl Pts',(5.67971529728234,18.5580527894382,26.7825293211953));
#13113=CARTESIAN_POINT('Ctrl Pts',(5.59986499033813,18.7064745431102,26.7827525533574));
#13114=CARTESIAN_POINT('Ctrl Pts',(5.56032804047062,18.7736997933088,26.7836841266124));
#13115=CARTESIAN_POINT('Ctrl Pts',(5.51857694790781,18.8394195971789,26.7851834927457));
#13116=CARTESIAN_POINT('',(5.75876427835162,18.9671294661414,26.10005066233));
#13117=CARTESIAN_POINT('Ctrl Pts',(5.51857694790781,18.8394195971789,26.7851834927457));
#13118=CARTESIAN_POINT('Ctrl Pts',(5.58911043980162,18.8769229200668,26.7004010265476));
#13119=CARTESIAN_POINT('Ctrl Pts',(5.65316114354327,18.9109792833508,26.587331434126));
#13120=CARTESIAN_POINT('Ctrl Pts',(5.73324334174467,18.9535597434427,26.3685527851869));
#13121=CARTESIAN_POINT('Ctrl Pts',(5.75876427835162,18.9671294661414,26.2233924119046));
#13122=CARTESIAN_POINT('Ctrl Pts',(5.75876427835162,18.9671294661414,26.10005066233));
#13123=CARTESIAN_POINT('',(5.69090459263707,19.0757276643203,26.10005066233));
#13124=CARTESIAN_POINT('Origin',(1.909004320162,16.637033274067,26.10005066233));
#13125=CARTESIAN_POINT('',(5.47082852726901,18.9158330434343,26.7851834927457));
#13126=CARTESIAN_POINT('Ctrl Pts',(5.69090459263707,19.0757276643203,26.10005066233));
#13127=CARTESIAN_POINT('Ctrl Pts',(5.69090459263707,19.0757276643203,26.2233924119046));
#13128=CARTESIAN_POINT('Ctrl Pts',(5.66752056441798,19.0587381733431,26.3685527851869));
#13129=CARTESIAN_POINT('Ctrl Pts',(5.59414377533578,19.0054268155064,26.587331434126));
#13130=CARTESIAN_POINT('Ctrl Pts',(5.53545613832567,18.9627877513504,26.7004010265476));
#13131=CARTESIAN_POINT('Ctrl Pts',(5.47082852726901,18.9158330434343,26.7851834927457));
#13132=CARTESIAN_POINT('',(5.17693590112277,19.3203415406218,26.7851834927457));
#13133=CARTESIAN_POINT('Ctrl Pts',(5.47082852726901,18.9158330434343,26.7851834927457));
#13134=CARTESIAN_POINT('Ctrl Pts',(5.425680480154,18.9892987329768,26.7835229595429));
#13135=CARTESIAN_POINT('Ctrl Pts',(5.37769666667264,19.0611073924033,26.782566738339));
#13136=CARTESIAN_POINT('Ctrl Pts',(5.27814943885822,19.1972147303209,26.7827113273376));
#13137=CARTESIAN_POINT('Ctrl Pts',(5.22856010368348,19.2597419633694,26.7836504815113));
#13138=CARTESIAN_POINT('Ctrl Pts',(5.17693590112277,19.3203415406218,26.7851834927457));
#13139=CARTESIAN_POINT('',(5.39701196649083,19.4802361615078,26.10005066233));
#13140=CARTESIAN_POINT('Ctrl Pts',(5.17693590112277,19.3203415406218,26.7851834927457));
#13141=CARTESIAN_POINT('Ctrl Pts',(5.24156351217942,19.3672962485379,26.7004010265476));
#13142=CARTESIAN_POINT('Ctrl Pts',(5.30025114918954,19.4099353126939,26.587331434126));
#13143=CARTESIAN_POINT('Ctrl Pts',(5.37362793827174,19.4632466705305,26.3685527851869));
#13144=CARTESIAN_POINT('Ctrl Pts',(5.39701196649083,19.4802361615078,26.2233924119046));
#13145=CARTESIAN_POINT('Ctrl Pts',(5.39701196649083,19.4802361615078,26.10005066233));
#13146=CARTESIAN_POINT('',(5.31469873857363,19.5783332465961,26.10005066233));
#13147=CARTESIAN_POINT('Origin',(1.909004320162,16.637033274067,26.10005066233));
#13148=CARTESIAN_POINT('',(5.1190174685609,19.3893660407048,26.7851834927457));
#13149=CARTESIAN_POINT('Ctrl Pts',(5.31469873857363,19.5783332465961,26.10005066233));
#13150=CARTESIAN_POINT('Ctrl Pts',(5.31469873857363,19.5783332465961,26.2233924119046));
#13151=CARTESIAN_POINT('Ctrl Pts',(5.29390676225275,19.558254668457,26.3685527851869));
#13152=CARTESIAN_POINT('Ctrl Pts',(5.2286635780244,19.495250057815,26.587331434126));
#13153=CARTESIAN_POINT('Ctrl Pts',(5.17648129584401,19.4448582136696,26.7004010265476));
#13154=CARTESIAN_POINT('Ctrl Pts',(5.1190174685609,19.3893660407048,26.7851834927457));
#13155=CARTESIAN_POINT('',(4.77168828333139,19.7490359408742,26.7851834927457));
#13156=CARTESIAN_POINT('Ctrl Pts',(5.1190174685609,19.3893660407048,26.7851834927457));
#13157=CARTESIAN_POINT('Ctrl Pts',(5.06562527057294,19.4539689099612,26.7835695388693));
#13158=CARTESIAN_POINT('Ctrl Pts',(5.0097464221999,19.5167095832877,26.7826175822592));
#13159=CARTESIAN_POINT('Ctrl Pts',(4.89248246017572,19.6379254378624,26.7826579753564));
#13160=CARTESIAN_POINT('Ctrl Pts',(4.83301117898864,19.6946432719739,26.7836049906418));
#13161=CARTESIAN_POINT('Ctrl Pts',(4.77168828333139,19.7490359408742,26.7851834927457));
#13162=CARTESIAN_POINT('',(4.96736955334413,19.9380031467654,26.10005066233));
#13163=CARTESIAN_POINT('Ctrl Pts',(4.7716882833314,19.7490359408742,26.7851834927457));
#13164=CARTESIAN_POINT('Ctrl Pts',(4.82915211061451,19.8045281138389,26.7004010265476));
#13165=CARTESIAN_POINT('Ctrl Pts',(4.88133439279489,19.8549199579843,26.587331434126));
#13166=CARTESIAN_POINT('Ctrl Pts',(4.94657757702325,19.9179245686263,26.3685527851869));
#13167=CARTESIAN_POINT('Ctrl Pts',(4.96736955334413,19.9380031467654,26.2233924119046));
#13168=CARTESIAN_POINT('Ctrl Pts',(4.96736955334413,19.9380031467654,26.10005066233));
#13169=CARTESIAN_POINT('',(4.8722049165758,20.0236897705858,26.10005066233));
#13170=CARTESIAN_POINT('Origin',(1.909004320162,16.637033274067,26.10005066233));
#13171=CARTESIAN_POINT('',(4.70472715525504,19.8093280114049,26.7851834927457));
#13172=CARTESIAN_POINT('Ctrl Pts',(4.8722049165758,20.0236897705858,26.10005066233));
#13173=CARTESIAN_POINT('Ctrl Pts',(4.8722049165758,20.0236897705858,26.2233924119046));
#13174=CARTESIAN_POINT('Ctrl Pts',(4.85440968432169,20.0009129119692,26.3685527851869));
#13175=CARTESIAN_POINT('Ctrl Pts',(4.79856998931516,19.9294413616014,26.587331434126));
#13176=CARTESIAN_POINT('Ctrl Pts',(4.75390873073067,19.8722775573929,26.7004010265476));
#13177=CARTESIAN_POINT('Ctrl Pts',(4.70472715525504,19.8093280114049,26.7851834927457));
#13178=CARTESIAN_POINT('',(4.31072177845168,20.1171587490677,26.7851834927457));
#13179=CARTESIAN_POINT('Ctrl Pts',(4.70472715525504,19.8093280114049,26.7851834927457));
#13180=CARTESIAN_POINT('Ctrl Pts',(4.64472742189699,19.8641678621956,26.7836181643698));
#13181=CARTESIAN_POINT('Ctrl Pts',(4.58264456290417,19.9169575709261,26.7826732932248));
#13182=CARTESIAN_POINT('Ctrl Pts',(4.44991824997066,20.020985234482,26.7826027036339));
#13183=CARTESIAN_POINT('Ctrl Pts',(4.38114941281875,20.070415203365,26.7835557253328));
#13184=CARTESIAN_POINT('Ctrl Pts',(4.31072177845168,20.1171587490677,26.7851834927457));
#13185=CARTESIAN_POINT('',(4.47819953977244,20.3315205082486,26.10005066233));
#13186=CARTESIAN_POINT('Ctrl Pts',(4.31072177845168,20.1171587490677,26.7851834927457));
#13187=CARTESIAN_POINT('Ctrl Pts',(4.3599033539273,20.1801082950558,26.7004010265476));
#13188=CARTESIAN_POINT('Ctrl Pts',(4.40456461251179,20.2372720992642,26.587331434126));
#13189=CARTESIAN_POINT('Ctrl Pts',(4.46040430751833,20.308743649632,26.3685527851869));
#13190=CARTESIAN_POINT('Ctrl Pts',(4.47819953977244,20.3315205082486,26.2233924119046));
#13191=CARTESIAN_POINT('Ctrl Pts',(4.47819953977244,20.3315205082486,26.10005066233));
#13192=CARTESIAN_POINT('',(4.37203576555949,20.4031288781354,26.10005066233));
#13193=CARTESIAN_POINT('Origin',(1.909004320162,16.637033274067,26.10005066233));
#13194=CARTESIAN_POINT('',(4.23602127705168,20.1675448734744,26.7851834927457));
#13195=CARTESIAN_POINT('Ctrl Pts',(4.37203576555949,20.4031288781354,26.10005066233));
#13196=CARTESIAN_POINT('Ctrl Pts',(4.37203576555949,20.4031288781354,26.2233924119046));
#13197=CARTESIAN_POINT('Ctrl Pts',(4.35758364132621,20.378097064686,26.3685527851869));
#13198=CARTESIAN_POINT('Ctrl Pts',(4.31223429168808,20.2995496870226,26.587331434126));
#13199=CARTESIAN_POINT('Ctrl Pts',(4.27596333729641,20.2367265511772,26.7004010265476));
#13200=CARTESIAN_POINT('Ctrl Pts',(4.23602127705168,20.1675448734744,26.7851834927457));
#13201=CARTESIAN_POINT('',(3.80300857515946,20.4175448734744,26.7851834927457));
#13202=CARTESIAN_POINT('Ctrl Pts',(4.23602127705169,20.1675448734744,26.7851834927457));
#13203=CARTESIAN_POINT('Ctrl Pts',(4.17075882766699,20.2122767970356,26.7836598517062));
#13204=CARTESIAN_POINT('Ctrl Pts',(4.10384924184882,20.2547867327313,26.7827231670638));
#13205=CARTESIAN_POINT('Ctrl Pts',(3.95817800785339,20.3396029921613,26.7825558460445));
#13206=CARTESIAN_POINT('Ctrl Pts',(3.88132486714142,20.3800679673525,26.7835115637744));
#13207=CARTESIAN_POINT('Ctrl Pts',(3.80300857515946,20.4175448734744,26.7851834927457));
#13208=CARTESIAN_POINT('',(3.93902306366727,20.6531288781354,26.10005066233));
#13209=CARTESIAN_POINT('Ctrl Pts',(3.80300857515946,20.4175448734744,26.7851834927457));
#13210=CARTESIAN_POINT('Ctrl Pts',(3.84295063540418,20.4867265511772,26.7004010265476));
#13211=CARTESIAN_POINT('Ctrl Pts',(3.87922158979586,20.5495496870226,26.587331434126));
#13212=CARTESIAN_POINT('Ctrl Pts',(3.92457093943398,20.628097064686,26.3685527851869));
#13213=CARTESIAN_POINT('Ctrl Pts',(3.93902306366727,20.6531288781354,26.2233924119046));
#13214=CARTESIAN_POINT('Ctrl Pts',(3.93902306366727,20.6531288781354,26.10005066233));
#13215=CARTESIAN_POINT('',(3.82392650911527,20.709265218622,26.10005066233));
#13216=CARTESIAN_POINT('Origin',(1.909004320162,16.637033274067,26.10005066233));
#13217=CARTESIAN_POINT('',(3.72202266072503,20.4570443431588,26.7851834927457));
#13218=CARTESIAN_POINT('Ctrl Pts',(3.82392650911527,20.709265218622,26.10005066233));
#13219=CARTESIAN_POINT('Ctrl Pts',(3.82392650911527,20.709265218622,26.2233924119046));
#13220=CARTESIAN_POINT('Ctrl Pts',(3.81309878706196,20.6824656661154,26.3685527851869));
#13221=CARTESIAN_POINT('Ctrl Pts',(3.77912245629883,20.5983712965163,26.587331434126));
#13222=CARTESIAN_POINT('Ctrl Pts',(3.75194777896961,20.5311116099129,26.7004010265476));
#13223=CARTESIAN_POINT('Ctrl Pts',(3.72202266072504,20.4570443431588,26.7851834927457));
#13224=CARTESIAN_POINT('',(3.25843073344164,20.6443476398668,26.7851834927457));
#13225=CARTESIAN_POINT('Ctrl Pts',(3.72202266072504,20.4570443431588,26.7851834927457));
#13226=CARTESIAN_POINT('Ctrl Pts',(3.65241000682649,20.4916418089456,26.7836865202053));
#13227=CARTESIAN_POINT('Ctrl Pts',(3.58162520710826,20.5238447173179,26.7827570873049));
#13228=CARTESIAN_POINT('Ctrl Pts',(3.42580308477911,20.5877233550332,26.7825253516296));
#13229=CARTESIAN_POINT('Ctrl Pts',(3.34275642363543,20.617642269643,26.7834801372543));
#13230=CARTESIAN_POINT('Ctrl Pts',(3.25843073344164,20.6443476398668,26.7851834927457));
#13231=CARTESIAN_POINT('',(3.36033458183187,20.89656851533,26.10005066233));
#13232=CARTESIAN_POINT('Ctrl Pts',(3.25843073344164,20.6443476398668,26.7851834927457));
#13233=CARTESIAN_POINT('Ctrl Pts',(3.28835585168622,20.7184149066209,26.7004010265476));
#13234=CARTESIAN_POINT('Ctrl Pts',(3.31553052901543,20.7856745932242,26.587331434126));
#13235=CARTESIAN_POINT('Ctrl Pts',(3.34950685977856,20.8697689628234,26.3685527851869));
#13236=CARTESIAN_POINT('Ctrl Pts',(3.36033458183187,20.89656851533,26.2233924119046));
#13237=CARTESIAN_POINT('Ctrl Pts',(3.36033458183187,20.89656851533,26.10005066233));
#13238=CARTESIAN_POINT('',(3.23854547045477,20.9361401964031,26.10005066233));
#13239=CARTESIAN_POINT('Origin',(1.909004320162,16.637033274067,26.10005066233));
#13240=CARTESIAN_POINT('',(3.17273570467711,20.6721916425816,26.7851834927457));
#13241=CARTESIAN_POINT('Ctrl Pts',(3.23854547045477,20.9361401964031,26.10005066233));
#13242=CARTESIAN_POINT('Ctrl Pts',(3.23854547045477,20.9361401964031,26.2233924119046));
#13243=CARTESIAN_POINT('Ctrl Pts',(3.23155289987485,20.9080945276448,26.3685527851869));
#13244=CARTESIAN_POINT('Ctrl Pts',(3.20961089861752,20.8200899673582,26.587331434126));
#13245=CARTESIAN_POINT('Ctrl Pts',(3.19206142253423,20.7497028632898,26.7004010265476));
#13246=CARTESIAN_POINT('Ctrl Pts',(3.17273570467712,20.6721916425816,26.7851834927457));
#13247=CARTESIAN_POINT('',(2.68758784153912,20.7931525903815,26.7851834927457));
#13248=CARTESIAN_POINT('Ctrl Pts',(3.17273570467711,20.6721916425816,26.7851834927457));
#13249=CARTESIAN_POINT('Ctrl Pts',(3.09990781631889,20.6964568894874,26.783705241674));
#13250=CARTESIAN_POINT('Ctrl Pts',(3.02644417807694,20.7181962849011,26.7827829248755));
#13251=CARTESIAN_POINT('Ctrl Pts',(2.86356266873969,20.7598724054833,26.7825029180661));
#13252=CARTESIAN_POINT('Ctrl Pts',(2.77615227406904,20.7782165373457,26.7834539151358));
#13253=CARTESIAN_POINT('Ctrl Pts',(2.68758784153912,20.7931525903814,26.7851834927457));
#13254=CARTESIAN_POINT('',(2.75339760731677,21.0571011442029,26.10005066233));
#13255=CARTESIAN_POINT('Ctrl Pts',(2.68758784153911,20.7931525903814,26.7851834927457));
#13256=CARTESIAN_POINT('Ctrl Pts',(2.70691355939623,20.8706638110897,26.7004010265476));
#13257=CARTESIAN_POINT('Ctrl Pts',(2.72446303547952,20.9410509151581,26.587331434126));
#13258=CARTESIAN_POINT('Ctrl Pts',(2.74640503673685,21.0290554754446,26.3685527851869));
#13259=CARTESIAN_POINT('Ctrl Pts',(2.75339760731677,21.0571011442029,26.2233924119046));
#13260=CARTESIAN_POINT('Ctrl Pts',(2.75339760731677,21.0571011442029,26.10005066233));
#13261=CARTESIAN_POINT('',(2.62728642563447,21.0793379481025,26.10005066233));
#13262=CARTESIAN_POINT('Origin',(1.909004320162,16.637033274067,26.10005066233));
#13263=CARTESIAN_POINT('',(2.59885165470275,20.8087991742859,26.7851834927457));
#13264=CARTESIAN_POINT('Ctrl Pts',(2.62728642563447,21.0793379481025,26.10005066233));
#13265=CARTESIAN_POINT('Ctrl Pts',(2.62728642563447,21.0793379481025,26.2233924119046));
#13266=CARTESIAN_POINT('Ctrl Pts',(2.62426510896035,21.0505920401334,26.3685527851869));
#13267=CARTESIAN_POINT('Ctrl Pts',(2.61478451330463,20.9603901978217,26.587331434126));
#13268=CARTESIAN_POINT('Ctrl Pts',(2.607201819057,20.8882456812049,26.7004010265476));
#13269=CARTESIAN_POINT('Ctrl Pts',(2.59885165470275,20.8087991742859,26.7851834927457));
#13270=CARTESIAN_POINT('',(2.10159070701862,20.8610634059197,26.7851834927457));
#13271=CARTESIAN_POINT('Ctrl Pts',(2.59885165470275,20.8087991742859,26.7851834927457));
#13272=CARTESIAN_POINT('Ctrl Pts',(2.52274719884915,20.8228045261641,26.7836933317783));
#13273=CARTESIAN_POINT('Ctrl Pts',(2.4466019011054,20.8341362006783,26.7827729597783));
#13274=CARTESIAN_POINT('Ctrl Pts',(2.2798784891505,20.8526292253172,26.7825116794553));
#13275=CARTESIAN_POINT('Ctrl Pts',(2.19123139602413,20.8586023546358,26.7834566224979));
#13276=CARTESIAN_POINT('Ctrl Pts',(2.10159070701862,20.8610634059197,26.7851834927457));
#13277=CARTESIAN_POINT('',(2.13002547795033,21.1316021797364,26.10005066233));
#13278=CARTESIAN_POINT('Ctrl Pts',(2.10159070701862,20.8610634059197,26.7851834927457));
#13279=CARTESIAN_POINT('Ctrl Pts',(2.10994087137287,20.9405099128387,26.7004010265476));
#13280=CARTESIAN_POINT('Ctrl Pts',(2.11752356562049,21.0126544294555,26.587331434126));
#13281=CARTESIAN_POINT('Ctrl Pts',(2.12700416127621,21.1028562717672,26.3685527851869));
#13282=CARTESIAN_POINT('Ctrl Pts',(2.13002547795033,21.1316021797364,26.2233924119046));
#13283=CARTESIAN_POINT('Ctrl Pts',(2.13002547795033,21.1316021797364,26.10005066233));
#13284=CARTESIAN_POINT('',(2.00204683666493,21.1360712923686,26.10005066233));
#13285=CARTESIAN_POINT('Origin',(1.909004320162,16.637033274067,26.10005066233));
#13286=CARTESIAN_POINT('',(2.01154051105127,20.8642080280557,26.7851834927457));
#13287=CARTESIAN_POINT('Ctrl Pts',(2.00204683666493,21.1360712923686,26.10005066233));
#13288=CARTESIAN_POINT('Ctrl Pts',(2.00204683666493,21.1360712923686,26.2233924119046));
#13289=CARTESIAN_POINT('Ctrl Pts',(2.00305558038898,21.1071846515892,26.3685527851869));
#13290=CARTESIAN_POINT('Ctrl Pts',(2.00622091934529,21.0165412035099,26.587331434126));
#13291=CARTESIAN_POINT('Ctrl Pts',(2.00875259545167,20.9440434852974,26.7004010265476));
#13292=CARTESIAN_POINT('Ctrl Pts',(2.01154051105127,20.8642080280557,26.7851834927457));
#13293=CARTESIAN_POINT('',(1.51184509754172,20.8467582797045,26.7851834927457));
#13294=CARTESIAN_POINT('Ctrl Pts',(2.01154051105128,20.8642080280558,26.7851834927457));
#13295=CARTESIAN_POINT('Ctrl Pts',(1.92761659444008,20.8677656305988,26.7835659099864));
#13296=CARTESIAN_POINT('Ctrl Pts',(1.84435792382714,20.8681875710937,26.7826299250993));
#13297=CARTESIAN_POINT('Ctrl Pts',(1.67688156570682,20.8622818289025,26.7826454572128));
#13298=CARTESIAN_POINT('Ctrl Pts',(1.59455561205467,20.8560757470874,26.7835806534936));
#13299=CARTESIAN_POINT('Ctrl Pts',(1.51184509754172,20.8467582797045,26.7851834927457));
#13300=CARTESIAN_POINT('',(1.50235142315538,21.1186215440173,26.10005066233));
#13301=CARTESIAN_POINT('Ctrl Pts',(1.51184509754172,20.8467582797045,26.7851834927457));
#13302=CARTESIAN_POINT('Ctrl Pts',(1.50905718194212,20.9265937369462,26.7004010265476));
#13303=CARTESIAN_POINT('Ctrl Pts',(1.50652550583574,20.9990914551587,26.587331434126));
#13304=CARTESIAN_POINT('Ctrl Pts',(1.50336016687943,21.0897349032379,26.3685527851869));
#13305=CARTESIAN_POINT('Ctrl Pts',(1.50235142315538,21.1186215440173,26.2233924119046));
#13306=CARTESIAN_POINT('Ctrl Pts',(1.50235142315538,21.1186215440173,26.10005066233));
#13307=CARTESIAN_POINT('',(1.37499628094596,21.1052359791882,26.10005066233));
#13308=CARTESIAN_POINT('Origin',(1.909004320162,16.637033274067,26.10005066233));
#13309=CARTESIAN_POINT('',(1.42223361707732,20.8373397335793,26.7851834927457));
#13310=CARTESIAN_POINT('Ctrl Pts',(1.37499628094596,21.1052359791882,26.10005066233));
#13311=CARTESIAN_POINT('Ctrl Pts',(1.37499628094596,21.1052359791882,26.2233924119046));
#13312=CARTESIAN_POINT('Ctrl Pts',(1.38001545101901,21.0767708512034,26.3685527851869));
#13313=CARTESIAN_POINT('Ctrl Pts',(1.39576511486509,20.987450068968,26.587331434126));
#13314=CARTESIAN_POINT('Ctrl Pts',(1.4083618851298,20.9160102347798,26.7004010265476));
#13315=CARTESIAN_POINT('Ctrl Pts',(1.42223361707732,20.8373397335793,26.7851834927457));
#13316=CARTESIAN_POINT('',(0.929829740571219,20.7505156447458,26.7851834927457));
#13317=CARTESIAN_POINT('Ctrl Pts',(1.42223361707732,20.8373397335793,26.7851834927457));
#13318=CARTESIAN_POINT('Ctrl Pts',(1.33470813104479,20.828799981455,26.7834900019972));
#13319=CARTESIAN_POINT('Ctrl Pts',(1.24820691133875,20.816939802572,26.7825438349424));
#13320=CARTESIAN_POINT('Ctrl Pts',(1.08294791461499,20.78707798848,26.7827365656706));
#13321=CARTESIAN_POINT('Ctrl Pts',(1.00621355990149,20.7701665619775,26.7836646645021));
#13322=CARTESIAN_POINT('Ctrl Pts',(0.929829740571218,20.7505156447458,26.7851834927457));
#13323=CARTESIAN_POINT('',(0.882592404439858,21.0184118903548,26.10005066233));
#13324=CARTESIAN_POINT('Ctrl Pts',(0.929829740571219,20.7505156447458,26.7851834927457));
#13325=CARTESIAN_POINT('Ctrl Pts',(0.9159580086237,20.8291861459464,26.7004010265476));
#13326=CARTESIAN_POINT('Ctrl Pts',(0.903361238358993,20.9006259801345,26.587331434126));
#13327=CARTESIAN_POINT('Ctrl Pts',(0.88761157451291,20.9899467623699,26.3685527851869));
#13328=CARTESIAN_POINT('Ctrl Pts',(0.882592404439858,21.0184118903548,26.2233924119046));
#13329=CARTESIAN_POINT('Ctrl Pts',(0.882592404439858,21.0184118903548,26.10005066233));
#13330=CARTESIAN_POINT('Origin',(1.909004320162,16.637033274067,26.10005066233));
#13331=CARTESIAN_POINT('',(0.164079267846512,20.7849528202735,26.10005066233));
#13332=CARTESIAN_POINT('Origin',(1.909004320162,16.637033274067,26.10005066233));
#13333=CARTESIAN_POINT('',(0.283328922460707,20.540454795311,26.7851834927457));
#13334=CARTESIAN_POINT('Ctrl Pts',(0.164079267846513,20.7849528202735,26.10005066233));
#13335=CARTESIAN_POINT('Ctrl Pts',(0.164079267846513,20.7849528202735,26.2233924119046));
#13336=CARTESIAN_POINT('Ctrl Pts',(0.17675005639388,20.758973853839,26.3685527851869));
#13337=CARTESIAN_POINT('Ctrl Pts',(0.216509749207888,20.6774544029224,26.587331434126));
#13338=CARTESIAN_POINT('Ctrl Pts',(0.24831002895151,20.6122541672008,26.7004010265476));
#13339=CARTESIAN_POINT('Ctrl Pts',(0.283328922460705,20.540454795311,26.7851834927457));
#13340=CARTESIAN_POINT('',(-0.166068100688874,20.3212692219165,26.7851834927457));
#13341=CARTESIAN_POINT('Ctrl Pts',(0.283328922460707,20.540454795311,26.7851834927457));
#13342=CARTESIAN_POINT('Ctrl Pts',(0.201171696648923,20.5079718234904,26.7834822117189));
#13343=CARTESIAN_POINT('Ctrl Pts',(0.120407224685674,20.4723369927138,26.782525721857));
#13344=CARTESIAN_POINT('Ctrl Pts',(-0.0306658744817701,20.3977055830391,
26.7827566268292));
#13345=CARTESIAN_POINT('Ctrl Pts',(-0.0990663276032656,20.3606219502635,
26.7836871435338));
#13346=CARTESIAN_POINT('Ctrl Pts',(-0.166068100688877,20.3212692219165,
26.7851834927457));
#13347=CARTESIAN_POINT('',(-0.285317755303066,20.5657672468789,26.10005066233));
#13348=CARTESIAN_POINT('Ctrl Pts',(-0.166068100688874,20.3212692219165,
26.7851834927457));
#13349=CARTESIAN_POINT('Ctrl Pts',(-0.20108699419807,20.3930685938062,26.7004010265476));
#13350=CARTESIAN_POINT('Ctrl Pts',(-0.232887273941691,20.4582688295279,
26.587331434126));
#13351=CARTESIAN_POINT('Ctrl Pts',(-0.272646966755699,20.5397882804444,
26.3685527851869));
#13352=CARTESIAN_POINT('Ctrl Pts',(-0.285317755303066,20.5657672468789,
26.2233924119046));
#13353=CARTESIAN_POINT('Ctrl Pts',(-0.285317755303066,20.5657672468789,
26.10005066233));
#13354=CARTESIAN_POINT('',(-0.396218067271663,20.5017389219107,26.10005066233));
#13355=CARTESIAN_POINT('Origin',(1.909004320162,16.637033274067,26.10005066233));
#13356=CARTESIAN_POINT('',(-0.244101393786129,20.276216679141,26.7851834927457));
#13357=CARTESIAN_POINT('Ctrl Pts',(-0.396218067271664,20.5017389219107,
26.10005066233));
#13358=CARTESIAN_POINT('Ctrl Pts',(-0.396218067271664,20.5017389219107,
26.2233924119046));
#13359=CARTESIAN_POINT('Ctrl Pts',(-0.380055016649001,20.4777762139254,
26.3685527851869));
#13360=CARTESIAN_POINT('Ctrl Pts',(-0.329336947659694,20.4025835844435,
26.587331434126));
#13361=CARTESIAN_POINT('Ctrl Pts',(-0.288772027063828,20.3424436164773,
26.7004010265476));
#13362=CARTESIAN_POINT('Ctrl Pts',(-0.244101393786129,20.276216679141,26.7851834927457));
#13363=CARTESIAN_POINT('',(-0.658620180063644,19.9966202274056,26.7851834927457));
#13364=CARTESIAN_POINT('Ctrl Pts',(-0.244101393786131,20.276216679141,26.7851834927457));
#13365=CARTESIAN_POINT('Ctrl Pts',(-0.319565424219532,20.2333947971649,
26.7835126095192));
#13366=CARTESIAN_POINT('Ctrl Pts',(-0.393424979605496,20.187661355389,26.7825558645184));
#13367=CARTESIAN_POINT('Ctrl Pts',(-0.532863789301866,20.0928642145032,
26.7827231260606));
#13368=CARTESIAN_POINT('Ctrl Pts',(-0.596654206431353,20.0457820516166,
26.7836602734874));
#13369=CARTESIAN_POINT('Ctrl Pts',(-0.658620180063646,19.9966202274056,
26.7851834927457));
#13370=CARTESIAN_POINT('',(-0.810736853549179,20.2221424701753,26.10005066233));
#13371=CARTESIAN_POINT('Ctrl Pts',(-0.658620180063644,19.9966202274056,
26.7851834927457));
#13372=CARTESIAN_POINT('Ctrl Pts',(-0.703290813341344,20.0628471647419,
26.7004010265476));
#13373=CARTESIAN_POINT('Ctrl Pts',(-0.743855733937209,20.1229871327081,
26.587331434126));
#13374=CARTESIAN_POINT('Ctrl Pts',(-0.794573802926517,20.19817976219,26.3685527851869));
#13375=CARTESIAN_POINT('Ctrl Pts',(-0.810736853549179,20.2221424701753,
26.2233924119046));
#13376=CARTESIAN_POINT('Ctrl Pts',(-0.810736853549179,20.2221424701753,
26.10005066233));
#13377=CARTESIAN_POINT('',(-0.911646870770047,20.1433029241501,26.10005066233));
#13378=CARTESIAN_POINT('Origin',(1.909004320162,16.637033274067,26.10005066233));
#13379=CARTESIAN_POINT('',(-0.729623956432414,19.941145997501,26.7851834927457));
#13380=CARTESIAN_POINT('Ctrl Pts',(-0.911646870770046,20.1433029241501,
26.10005066233));
#13381=CARTESIAN_POINT('Ctrl Pts',(-0.911646870770046,20.1433029241501,
26.2233924119046));
#13382=CARTESIAN_POINT('Ctrl Pts',(-0.892306153467262,20.1218228814678,
26.3685527851869));
#13383=CARTESIAN_POINT('Ctrl Pts',(-0.831616877824583,20.0544206124231,
26.587331434126));
#13384=CARTESIAN_POINT('Ctrl Pts',(-0.78307686641396,20.0005114682806,26.7004010265476));
#13385=CARTESIAN_POINT('Ctrl Pts',(-0.729623956432412,19.941145997501,26.7851834927457));
#13386=CARTESIAN_POINT('',(-1.1011963691711,19.6065806943216,26.7851834927457));
#13387=CARTESIAN_POINT('Ctrl Pts',(-0.729623956432414,19.941145997501,26.7851834927457));
#13388=CARTESIAN_POINT('Ctrl Pts',(-0.796552070210105,19.8896553081676,
26.7835573604398));
#13389=CARTESIAN_POINT('Ctrl Pts',(-0.861667991066652,19.8355845410264,
26.7826040279889));
#13390=CARTESIAN_POINT('Ctrl Pts',(-0.986832730503164,19.7225486612776,
26.7826719158001));
#13391=CARTESIAN_POINT('Ctrl Pts',(-1.04512875128004,19.6655138208126,26.7836170614938));
#13392=CARTESIAN_POINT('Ctrl Pts',(-1.1011963691711,19.6065806943216,26.7851834927457));
#13393=CARTESIAN_POINT('',(-1.28321928350874,19.8087376209706,26.10005066233));
#13394=CARTESIAN_POINT('Ctrl Pts',(-1.1011963691711,19.6065806943216,26.7851834927457));
#13395=CARTESIAN_POINT('Ctrl Pts',(-1.15464927915265,19.6659461651011,26.7004010265476));
#13396=CARTESIAN_POINT('Ctrl Pts',(-1.20318929056328,19.7198553092437,26.587331434126));
#13397=CARTESIAN_POINT('Ctrl Pts',(-1.26387856620596,19.7872575782884,26.3685527851869));
#13398=CARTESIAN_POINT('Ctrl Pts',(-1.28321928350874,19.8087376209706,26.2233924119046));
#13399=CARTESIAN_POINT('Ctrl Pts',(-1.28321928350874,19.8087376209706,26.10005066233));
#13400=CARTESIAN_POINT('',(-1.37217490728011,19.7166213759732,26.10005066233));
#13401=CARTESIAN_POINT('Origin',(1.909004320162,16.637033274067,26.10005066233));
#13402=CARTESIAN_POINT('',(-1.16378862106996,19.5417645200719,26.7851834927457));
#13403=CARTESIAN_POINT('Ctrl Pts',(-1.37217490728011,19.7166213759732,26.10005066233));
#13404=CARTESIAN_POINT('Ctrl Pts',(-1.37217490728011,19.7166213759732,26.2233924119046));
#13405=CARTESIAN_POINT('Ctrl Pts',(-1.35003296835977,19.6980420831916,26.3685527851869));
#13406=CARTESIAN_POINT('Ctrl Pts',(-1.28055373378107,19.6397420830822,26.587331434126));
#13407=CARTESIAN_POINT('Ctrl Pts',(-1.22498340766435,19.5931130429332,26.7004010265476));
#13408=CARTESIAN_POINT('Ctrl Pts',(-1.16378862106996,19.5417645200719,26.7851834927457));
#13409=CARTESIAN_POINT('',(-1.48518242591323,19.1587422985124,26.7851834927457));
#13410=CARTESIAN_POINT('Ctrl Pts',(-1.16378862106997,19.5417645200719,26.7851834927457));
#13411=CARTESIAN_POINT('Ctrl Pts',(-1.22112001773911,19.4832755254704,26.7836063077838));
#13412=CARTESIAN_POINT('Ctrl Pts',(-1.27644643168711,19.422598841375,26.7826594796416));
#13413=CARTESIAN_POINT('Ctrl Pts',(-1.38497160534274,19.2935124897668,26.7826161127529));
#13414=CARTESIAN_POINT('Ctrl Pts',(-1.43637739306182,19.2269812702987,26.7835679047803));
#13415=CARTESIAN_POINT('Ctrl Pts',(-1.48518242591323,19.1587422985124,26.7851834927457));
#13416=CARTESIAN_POINT('',(-1.69356871212338,19.3335991544137,26.10005066233));
#13417=CARTESIAN_POINT('Ctrl Pts',(-1.48518242591323,19.1587422985124,26.7851834927457));
#13418=CARTESIAN_POINT('Ctrl Pts',(-1.54637721250761,19.2100908213737,26.7004010265476));
#13419=CARTESIAN_POINT('Ctrl Pts',(-1.60194753862434,19.2567198615227,26.587331434126));
#13420=CARTESIAN_POINT('Ctrl Pts',(-1.67142677320303,19.3150198616321,26.3685527851869));
#13421=CARTESIAN_POINT('Ctrl Pts',(-1.69356871212338,19.3335991544137,26.2233924119046));
#13422=CARTESIAN_POINT('Ctrl Pts',(-1.69356871212338,19.3335991544137,26.10005066233));
#13423=CARTESIAN_POINT('',(-1.76883852241407,19.2299991483723,26.10005066233));
#13424=CARTESIAN_POINT('Origin',(1.909004320162,16.637033274067,26.10005066233));
#13425=CARTESIAN_POINT('',(-1.5381448663566,19.0858457530221,26.7851834927457));
#13426=CARTESIAN_POINT('Ctrl Pts',(-1.76883852241407,19.2299991483723,26.10005066233));
#13427=CARTESIAN_POINT('Ctrl Pts',(-1.76883852241407,19.2299991483723,26.2233924119046));
#13428=CARTESIAN_POINT('Ctrl Pts',(-1.74432632953116,19.2146822302917,26.3685527851869));
#13429=CARTESIAN_POINT('Ctrl Pts',(-1.66740947028607,19.1666192423043,26.587331434126));
#13430=CARTESIAN_POINT('Ctrl Pts',(-1.60589044265081,19.1281778873758,26.7004010265476));
#13431=CARTESIAN_POINT('Ctrl Pts',(-1.5381448663566,19.0858457530221,26.7851834927457));
#13432=CARTESIAN_POINT('',(-1.80310449847314,18.6618217049438,26.7851834927457));
#13433=CARTESIAN_POINT('Ctrl Pts',(-1.53814486635661,19.0858457530221,26.7851834927457));
#13434=CARTESIAN_POINT('Ctrl Pts',(-1.58541387463598,19.0217956892511,26.7836505537493));
#13435=CARTESIAN_POINT('Ctrl Pts',(-1.63050293986088,18.9559870392656,26.7827118406395));
#13436=CARTESIAN_POINT('Ctrl Pts',(-1.72029623318889,18.8133013042988,26.7825662766172));
#13437=CARTESIAN_POINT('Ctrl Pts',(-1.76316008296114,18.7383172747084,26.7835216675807));
#13438=CARTESIAN_POINT('Ctrl Pts',(-1.8031044984732,18.6618217049439,26.7851834927457));
#13439=CARTESIAN_POINT('',(-2.03379815453067,18.8059751002941,26.10005066233));
#13440=CARTESIAN_POINT('Ctrl Pts',(-1.80310449847316,18.6618217049439,26.7851834927457));
#13441=CARTESIAN_POINT('Ctrl Pts',(-1.87085007476738,18.7041538392976,26.7004010265476));
#13442=CARTESIAN_POINT('Ctrl Pts',(-1.93236910240266,18.7425951942261,26.587331434126));
#13443=CARTESIAN_POINT('Ctrl Pts',(-2.00928596164776,18.7906581822135,26.3685527851869));
#13444=CARTESIAN_POINT('Ctrl Pts',(-2.03379815453067,18.8059751002941,26.2233924119046));
#13445=CARTESIAN_POINT('Ctrl Pts',(-2.03379815453067,18.8059751002941,26.10005066233));
#13446=CARTESIAN_POINT('',(-2.09391711010151,18.692907789483,26.10005066233));
#13447=CARTESIAN_POINT('Origin',(1.909004320162,16.637033274067,26.10005066233));
#13448=CARTESIAN_POINT('',(-1.84540627380173,18.5822636365524,26.7851834927457));
#13449=CARTESIAN_POINT('Ctrl Pts',(-1.84540627380173,18.5822636365524,26.7851834927457));
#13450=CARTESIAN_POINT('Ctrl Pts',(-1.91838404921264,18.6147554355553,26.7004010265476));
#13451=CARTESIAN_POINT('Ctrl Pts',(-1.98465438047039,18.6442608880162,26.587331434126));
#13452=CARTESIAN_POINT('Ctrl Pts',(-2.0675117652083,18.6811513724911,26.3685527851869));
#13453=CARTESIAN_POINT('Ctrl Pts',(-2.09391711010151,18.692907789483,26.2233924119046));
#13454=CARTESIAN_POINT('Ctrl Pts',(-2.09391711010151,18.692907789483,26.10005066233));
#13455=CARTESIAN_POINT('',(-2.04877459533969,18.1254909077311,26.7851834927457));
#13456=CARTESIAN_POINT('Ctrl Pts',(-2.04877459533963,18.1254909077311,26.7851834927457));
#13457=CARTESIAN_POINT('Ctrl Pts',(-2.01925302237962,18.2085225669664,26.7834864865029));
#13458=CARTESIAN_POINT('Ctrl Pts',(-1.98656692366124,18.2902308817861,26.7825311502536));
#13459=CARTESIAN_POINT('Ctrl Pts',(-1.91731051830371,18.4437927231529,26.7827505377986));
#13460=CARTESIAN_POINT('Ctrl Pts',(-1.88253365619678,18.5136762849245,26.7836816033911));
#13461=CARTESIAN_POINT('Ctrl Pts',(-1.84540627380174,18.5822636365524,26.7851834927457));
#13462=CARTESIAN_POINT('',(-2.29728543163941,18.2361350606617,26.10005066233));
#13463=CARTESIAN_POINT('Ctrl Pts',(-2.29728543163941,18.2361350606617,26.10005066233));
#13464=CARTESIAN_POINT('Ctrl Pts',(-2.29728543163941,18.2361350606617,26.2233924119046));
#13465=CARTESIAN_POINT('Ctrl Pts',(-2.2708800867462,18.2243786436698,26.3685527851869));
#13466=CARTESIAN_POINT('Ctrl Pts',(-2.18802270200829,18.1874881591949,26.587331434126));
#13467=CARTESIAN_POINT('Ctrl Pts',(-2.12175237075056,18.157982706734,26.7004010265476));
#13468=CARTESIAN_POINT('Ctrl Pts',(-2.04877459533966,18.1254909077311,26.7851834927456));
#13469=CARTESIAN_POINT('',(-2.34108338540451,18.1158011716738,26.10005066233));
#13470=CARTESIAN_POINT('Origin',(1.909004320162,16.637033274067,26.10005066233));
#13471=CARTESIAN_POINT('',(-2.07959234961412,18.0408198237436,26.7851834927457));
#13472=CARTESIAN_POINT('Ctrl Pts',(-2.07959234961412,18.0408198237436,26.7851834927457));
#13473=CARTESIAN_POINT('Ctrl Pts',(-2.15638189475435,18.0628388714871,26.7004010265476));
#13474=CARTESIAN_POINT('Ctrl Pts',(-2.22611365301802,18.08283413141,26.587331434126));
#13475=CARTESIAN_POINT('Ctrl Pts',(-2.31329883850371,18.1078340810546,26.3685527851869));
#13476=CARTESIAN_POINT('Ctrl Pts',(-2.34108338540451,18.1158011716738,26.2233924119046));
#13477=CARTESIAN_POINT('Ctrl Pts',(-2.34108338540451,18.1158011716738,26.10005066233));
#13478=CARTESIAN_POINT('',(-2.21741102752261,17.5601889757744,26.7851834927457));
#13479=CARTESIAN_POINT('Ctrl Pts',(-2.21741102752262,17.5601889757744,26.7851834927457));
#13480=CARTESIAN_POINT('Ctrl Pts',(-2.19953757470459,17.6474732414423,26.7834677722253));
#13481=CARTESIAN_POINT('Ctrl Pts',(-2.1783305621291,17.733604530217,26.7825157176142));
#13482=CARTESIAN_POINT('Ctrl Pts',(-2.13106893948675,17.8950456890427,26.7827681184978));
#13483=CARTESIAN_POINT('Ctrl Pts',(-2.10659313074163,17.9683228961495,26.7836937289299));
#13484=CARTESIAN_POINT('Ctrl Pts',(-2.07959234961413,18.0408198237436,26.7851834927457));
#13485=CARTESIAN_POINT('',(-2.47890206331301,17.6351703237046,26.10005066233));
#13486=CARTESIAN_POINT('Ctrl Pts',(-2.47890206331301,17.6351703237046,26.10005066233));
#13487=CARTESIAN_POINT('Ctrl Pts',(-2.47890206331301,17.6351703237046,26.2233924119046));
#13488=CARTESIAN_POINT('Ctrl Pts',(-2.45111751641221,17.6272032330854,26.3685527851869));
#13489=CARTESIAN_POINT('Ctrl Pts',(-2.36393233092652,17.6022032834409,26.587331434126));
#13490=CARTESIAN_POINT('Ctrl Pts',(-2.29420057266284,17.5822080235179,26.7004010265476));
#13491=CARTESIAN_POINT('Ctrl Pts',(-2.21741102752261,17.5601889757744,26.7851834927457));
#13492=CARTESIAN_POINT('',(-2.50552653792178,17.5099120188112,26.10005066233));
#13493=CARTESIAN_POINT('Origin',(1.909004320162,16.637033274067,26.10005066233));
#13494=CARTESIAN_POINT('',(-2.23614492821078,17.4720529025289,26.7851834927457));
#13495=CARTESIAN_POINT('Ctrl Pts',(-2.23614492821078,17.4720529025289,26.7851834927457));
#13496=CARTESIAN_POINT('Ctrl Pts',(-2.31525162193098,17.4831706232949,26.7004010265476));
#13497=CARTESIAN_POINT('Ctrl Pts',(-2.38708755784469,17.4932665056898,26.587331434126));
#13498=CARTESIAN_POINT('Ctrl Pts',(-2.47690358361436,17.5058893249211,26.3685527851869));
#13499=CARTESIAN_POINT('Ctrl Pts',(-2.50552653792178,17.5099120188112,26.2233924119046));
#13500=CARTESIAN_POINT('Ctrl Pts',(-2.50552653792178,17.5099120188112,26.10005066233));
#13501=CARTESIAN_POINT('',(-2.3057314786908,16.9769188681581,26.7851834927457));
#13502=CARTESIAN_POINT('Ctrl Pts',(-2.30573147869081,16.9769188681581,26.7851834927457));
#13503=CARTESIAN_POINT('Ctrl Pts',(-2.30011237053846,17.0669178360547,26.7834469988342));
#13504=CARTESIAN_POINT('Ctrl Pts',(-2.29097437223793,17.1558560239365,26.7825004275915));
#13505=CARTESIAN_POINT('Ctrl Pts',(-2.26657178127553,17.3219158903389,26.7827859771564));
#13506=CARTESIAN_POINT('Ctrl Pts',(-2.25266551404142,17.397083689786,26.783705165278));
#13507=CARTESIAN_POINT('Ctrl Pts',(-2.23614492821078,17.4720529025289,26.7851834927457));
#13508=CARTESIAN_POINT('',(-2.5751130884018,17.0147779844404,26.10005066233));
#13509=CARTESIAN_POINT('Ctrl Pts',(-2.5751130884018,17.0147779844404,26.10005066233));
#13510=CARTESIAN_POINT('Ctrl Pts',(-2.5751130884018,17.0147779844404,26.2233924119046));
#13511=CARTESIAN_POINT('Ctrl Pts',(-2.54649013409438,17.0107552905504,26.3685527851869));
#13512=CARTESIAN_POINT('Ctrl Pts',(-2.45667410832472,16.998132471319,26.587331434126));
#13513=CARTESIAN_POINT('Ctrl Pts',(-2.38483817241101,16.9880365889241,26.7004010265476));
#13514=CARTESIAN_POINT('Ctrl Pts',(-2.3057314786908,16.9769188681581,26.7851834927457));
#13515=CARTESIAN_POINT('',(-2.58404586874086,16.8870332740669,26.10005066233));
#13516=CARTESIAN_POINT('Origin',(1.909004320162,16.637033274067,26.10005066233));
#13517=CARTESIAN_POINT('',(-2.31201689172532,16.8870332740669,26.7851834927457));
#13518=CARTESIAN_POINT('Ctrl Pts',(-2.3120168917253,16.8870332740669,26.7851834927456));
#13519=CARTESIAN_POINT('Ctrl Pts',(-2.39190101221473,16.8870332740669,26.7004010265475));
#13520=CARTESIAN_POINT('Ctrl Pts',(-2.46444292099805,16.8870332740669,26.587331434126));
#13521=CARTESIAN_POINT('Ctrl Pts',(-2.55514162027429,16.8870332740669,26.3685527851869));
#13522=CARTESIAN_POINT('Ctrl Pts',(-2.58404586874086,16.8870332740669,26.2233924119046));
#13523=CARTESIAN_POINT('Ctrl Pts',(-2.58404586874086,16.8870332740669,26.10005066233));
#13524=CARTESIAN_POINT('Ctrl Pts',(-2.32180001230566,16.637033274067,26.7826376733744));
#13525=CARTESIAN_POINT('Ctrl Pts',(-2.32180001230566,16.6394562544819,26.7826376733744));
#13526=CARTESIAN_POINT('Ctrl Pts',(-2.32179722526655,16.641879980554,26.7826384288223));
#13527=CARTESIAN_POINT('Ctrl Pts',(-2.32160457396158,16.7255983543392,26.7826906430284));
#13528=CARTESIAN_POINT('Ctrl Pts',(-2.31828682281606,16.8060538156019,26.7836193958789));
#13529=CARTESIAN_POINT('Ctrl Pts',(-2.31201689172525,16.8870332740669,26.7851834927457));
#13530=CARTESIAN_POINT('Origin',(1.909004320162,16.637033274067,26.10005066233));
#13531=CARTESIAN_POINT('',(0.164079267846512,20.7849528202735,15.10005066233));
#13532=CARTESIAN_POINT('Origin',(1.909004320162,16.637033274067,15.10005066233));
#13533=CARTESIAN_POINT('',(0.164079267846512,20.7849528202735,26.10005066233));
#13534=CARTESIAN_POINT('Origin',(1.909004320162,16.637033274067,15.10005066233));
#13535=CARTESIAN_POINT('',(4.90900429433,16.637033274067,13.60005066233));
#13536=CARTESIAN_POINT('Origin',(1.909004320162,16.637033274067,13.60005066233));
#13537=CARTESIAN_POINT('',(6.409004320162,16.637033274067,15.10005066233));
#13538=CARTESIAN_POINT('Origin',(4.909004320162,16.637033274067,15.10005066233));
#13539=CARTESIAN_POINT('',(6.40854878306064,16.5730049490988,15.10005066233));
#13540=CARTESIAN_POINT('Origin',(1.909004320162,16.637033274067,15.10005066233));
#13541=CARTESIAN_POINT('',(6.02696829507049,16.5996876561238,14.1001617226998));
#13542=CARTESIAN_POINT('Ctrl Pts',(6.02696829507049,16.5996876561238,14.1001617226998));
#13543=CARTESIAN_POINT('Ctrl Pts',(6.1369079084547,16.5919999294535,14.2231754267415));
#13544=CARTESIAN_POINT('Ctrl Pts',(6.2342337399605,16.5851942443366,14.3803756595301));
#13545=CARTESIAN_POINT('Ctrl Pts',(6.36530422951874,16.5760289028619,14.6973246482317));
#13546=CARTESIAN_POINT('Ctrl Pts',(6.40854878306064,16.5730049490988,14.91505081423));
#13547=CARTESIAN_POINT('Ctrl Pts',(6.40854878306064,16.5730049490988,15.10005066233));
#13548=CARTESIAN_POINT('',(5.99209005819844,16.1009056309939,14.1001617226998));
#13549=CARTESIAN_POINT('Ctrl Pts',(5.99209005819844,16.1009056309939,14.1001617226999));
#13550=CARTESIAN_POINT('Ctrl Pts',(6.00237808512572,16.1785562922715,14.1002638859851));
#13551=CARTESIAN_POINT('Ctrl Pts',(6.01043457133714,16.2562200805515,14.10037480488));
#13552=CARTESIAN_POINT('Ctrl Pts',(6.0227364951486,16.4229329499644,14.1003983485799));
#13553=CARTESIAN_POINT('Ctrl Pts',(6.02626782680872,16.5110490284,14.1002773359371));
#13554=CARTESIAN_POINT('Ctrl Pts',(6.0269682950705,16.5996876561238,14.1001617226999));
#13555=CARTESIAN_POINT('',(6.37367054618858,16.0742229239689,15.10005066233));
#13556=CARTESIAN_POINT('Ctrl Pts',(6.37367054618858,16.0742229239689,15.10005066233));
#13557=CARTESIAN_POINT('Ctrl Pts',(6.37367054618858,16.0742229239689,14.91505081423));
#13558=CARTESIAN_POINT('Ctrl Pts',(6.33042599264668,16.077246877732,14.6973246482317));
#13559=CARTESIAN_POINT('Ctrl Pts',(6.19935550308845,16.0864122192067,14.3803756595301));
#13560=CARTESIAN_POINT('Ctrl Pts',(6.10202967158264,16.0932179043236,14.2231754267415));
#13561=CARTESIAN_POINT('Ctrl Pts',(5.99209005819844,16.1009056309939,14.1001617226998));
#13562=CARTESIAN_POINT('',(6.35584850511835,15.9474125125467,15.10005066233));
#13563=CARTESIAN_POINT('Origin',(1.909004320162,16.637033274067,15.10005066233));
#13564=CARTESIAN_POINT('',(5.98169504728556,16.0269412850805,14.1001617226998));
#13565=CARTESIAN_POINT('Ctrl Pts',(6.35584850511835,15.9474125125467,15.10005066233));
#13566=CARTESIAN_POINT('Ctrl Pts',(6.35584850511835,15.9474125125467,14.91505081423));
#13567=CARTESIAN_POINT('Ctrl Pts',(6.31344565762119,15.9564255160157,14.6973246482317));
#13568=CARTESIAN_POINT('Ctrl Pts',(6.18492630605174,15.9837431474933,14.3803756595301));
#13569=CARTESIAN_POINT('Ctrl Pts',(6.0894948111497,16.0040277379247,14.2231754267415));
#13570=CARTESIAN_POINT('Ctrl Pts',(5.98169504728556,16.0269412850805,14.1001617226998));
#13571=CARTESIAN_POINT('',(5.87773920187669,15.5378674847136,14.1001617226998));
#13572=CARTESIAN_POINT('Ctrl Pts',(5.98169504728556,16.0269412850805,14.1001617226998));
#13573=CARTESIAN_POINT('Ctrl Pts',(5.96843621146825,15.9377213230285,14.1002793684935));
#13574=CARTESIAN_POINT('Ctrl Pts',(5.95232822348148,15.8493061745878,14.1004019562434));
#13575=CARTESIAN_POINT('Ctrl Pts',(5.91668615663207,15.6857391601138,14.100370646121));
#13576=CARTESIAN_POINT('Ctrl Pts',(5.89823391078783,15.6115331668348,14.1002614525378));
#13577=CARTESIAN_POINT('Ctrl Pts',(5.87773920187669,15.5378674847136,14.1001617226998));
#13578=CARTESIAN_POINT('',(6.25189265970948,15.4583387121798,15.10005066233));
#13579=CARTESIAN_POINT('Ctrl Pts',(5.87773920187669,15.5378674847136,14.1001617226998));
#13580=CARTESIAN_POINT('Ctrl Pts',(5.98553896574083,15.5149539375578,14.2231754267415));
#13581=CARTESIAN_POINT('Ctrl Pts',(6.08097046064287,15.4946693471264,14.3803756595301));
#13582=CARTESIAN_POINT('Ctrl Pts',(6.20948981221232,15.4673517156488,14.6973246482317));
#13583=CARTESIAN_POINT('Ctrl Pts',(6.25189265970948,15.4583387121798,14.91505081423));
#13584=CARTESIAN_POINT('Ctrl Pts',(6.25189265970948,15.4583387121798,15.10005066233));
#13585=CARTESIAN_POINT('',(6.21659546332618,15.3352427596856,15.10005066233));
#13586=CARTESIAN_POINT('Origin',(1.909004320162,16.637033274067,15.10005066233));
#13587=CARTESIAN_POINT('',(5.85715150711421,15.4660696606336,14.1001617226998));
#13588=CARTESIAN_POINT('Ctrl Pts',(6.21659546332618,15.3352427596856,15.10005066233));
#13589=CARTESIAN_POINT('Ctrl Pts',(6.21659546332618,15.3352427596856,14.91505081423));
#13590=CARTESIAN_POINT('Ctrl Pts',(6.17585964506777,15.3500693850001,14.6973246482317));
#13591=CARTESIAN_POINT('Ctrl Pts',(6.0523929144768,15.3950075998574,14.3803756595301));
#13592=CARTESIAN_POINT('Ctrl Pts',(5.96071322167508,15.4283762791239,14.2231754267415));
#13593=CARTESIAN_POINT('Ctrl Pts',(5.85715150711421,15.4660696606336,14.1001617226998));
#13594=CARTESIAN_POINT('',(5.68614143545139,14.9962233502406,14.1001617226998));
#13595=CARTESIAN_POINT('Ctrl Pts',(5.85715150711422,15.4660696606336,14.1001617226998));
#13596=CARTESIAN_POINT('Ctrl Pts',(5.83196353594269,15.38077838676,14.1002777159545));
#13597=CARTESIAN_POINT('Ctrl Pts',(5.80408878144307,15.2964739440063,14.1003995964917));
#13598=CARTESIAN_POINT('Ctrl Pts',(5.74610834448875,15.139265524885,14.1003733997173));
#13599=CARTESIAN_POINT('Ctrl Pts',(5.7171259540683,15.0673225380878,14.1002628791694));
#13600=CARTESIAN_POINT('Ctrl Pts',(5.68614143545139,14.9962233502406,14.1001617226998));
#13601=CARTESIAN_POINT('',(6.04558539166335,14.8653964492926,15.10005066233));
#13602=CARTESIAN_POINT('Ctrl Pts',(5.68614143545139,14.9962233502406,14.1001617226998));
#13603=CARTESIAN_POINT('Ctrl Pts',(5.78970315001226,14.9585299687309,14.2231754267415));
#13604=CARTESIAN_POINT('Ctrl Pts',(5.88138284281397,14.9251612894644,14.3803756595301));
#13605=CARTESIAN_POINT('Ctrl Pts',(6.00484957340495,14.8802230746071,14.6973246482317));
#13606=CARTESIAN_POINT('Ctrl Pts',(6.04558539166335,14.8653964492926,14.91505081423));
#13607=CARTESIAN_POINT('Ctrl Pts',(6.04558539166335,14.8653964492926,15.10005066233));
#13608=CARTESIAN_POINT('',(5.99350005974462,14.7484108784221,15.10005066233));
#13609=CARTESIAN_POINT('Origin',(1.909004320162,16.637033274067,15.10005066233));
#13610=CARTESIAN_POINT('',(5.6557617728997,14.9279895109708,14.1001617226998));
#13611=CARTESIAN_POINT('Ctrl Pts',(5.99350005974462,14.7484108784221,15.10005066233));
#13612=CARTESIAN_POINT('Ctrl Pts',(5.99350005974462,14.7484108784221,14.91505081423));
#13613=CARTESIAN_POINT('Ctrl Pts',(5.95522414709106,14.7687625421855,14.6973246482317));
#13614=CARTESIAN_POINT('Ctrl Pts',(5.8392131769482,14.8304466691866,14.3803756595301));
#13615=CARTESIAN_POINT('Ctrl Pts',(5.75306972718308,14.8762499539026,14.2231754267415));
#13616=CARTESIAN_POINT('Ctrl Pts',(5.6557617728997,14.9279895109708,14.1001617226998));
#13617=CARTESIAN_POINT('',(5.42102599150676,14.4865157145413,14.1001617226998));
#13618=CARTESIAN_POINT('Ctrl Pts',(5.6557617728997,14.9279895109708,14.1001617226998));
#13619=CARTESIAN_POINT('Ctrl Pts',(5.61944126306949,14.8481170180264,14.1002761638841));
#13620=CARTESIAN_POINT('Ctrl Pts',(5.58059642229753,14.7694148776261,14.1003972867375));
#13621=CARTESIAN_POINT('Ctrl Pts',(5.50136353791873,14.621635946992,14.1003760143821));
#13622=CARTESIAN_POINT('Ctrl Pts',(5.46214088314709,14.5534851467848,14.1002642173944));
#13623=CARTESIAN_POINT('Ctrl Pts',(5.42102599150676,14.4865157145413,14.1001617226998));
#13624=CARTESIAN_POINT('',(5.75876427835168,14.3069370819927,15.10005066233));
#13625=CARTESIAN_POINT('Ctrl Pts',(5.42102599150676,14.4865157145413,14.1001617226998));
#13626=CARTESIAN_POINT('Ctrl Pts',(5.51833394579014,14.4347761574731,14.2231754267415));
#13627=CARTESIAN_POINT('Ctrl Pts',(5.60447739555526,14.3889728727572,14.3803756595301));
#13628=CARTESIAN_POINT('Ctrl Pts',(5.72048836569812,14.327288745756,14.6973246482317));
#13629=CARTESIAN_POINT('Ctrl Pts',(5.75876427835168,14.3069370819927,14.91505081423));
#13630=CARTESIAN_POINT('Ctrl Pts',(5.75876427835168,14.3069370819927,15.10005066233));
#13631=CARTESIAN_POINT('',(5.69090459263713,14.1983388838138,15.10005066233));
#13632=CARTESIAN_POINT('Origin',(1.909004320162,16.637033274067,15.10005066233));
#13633=CARTESIAN_POINT('',(5.38144566674109,14.4231739541481,14.1001617226999));
#13634=CARTESIAN_POINT('Ctrl Pts',(5.69090459263713,14.1983388838138,15.10005066233));
#13635=CARTESIAN_POINT('Ctrl Pts',(5.69090459263713,14.1983388838138,14.91505081423));
#13636=CARTESIAN_POINT('Ctrl Pts',(5.65583358269001,14.2238194640405,14.6973246482317));
#13637=CARTESIAN_POINT('Ctrl Pts',(5.54953639456857,14.3010488918181,14.3803756595301));
#13638=CARTESIAN_POINT('Ctrl Pts',(5.47060587210301,14.358395273147,14.2231754267415));
#13639=CARTESIAN_POINT('Ctrl Pts',(5.38144566674109,14.4231739541481,14.1001617226998));
#13640=CARTESIAN_POINT('',(5.08755304059486,14.0186654569606,14.1001617226999));
#13641=CARTESIAN_POINT('Ctrl Pts',(5.38144566674109,14.4231739541481,14.1001617226999));
#13642=CARTESIAN_POINT('Ctrl Pts',(5.33538271275799,14.3507379065052,14.1002736841917));
#13643=CARTESIAN_POINT('Ctrl Pts',(5.28706977310912,14.2797255436419,14.1003931127332));
#13644=CARTESIAN_POINT('Ctrl Pts',(5.18820521227013,14.1442323758408,14.1003805608356));
#13645=CARTESIAN_POINT('Ctrl Pts',(5.13876389768797,14.0806849651619,14.1002666258644));
#13646=CARTESIAN_POINT('Ctrl Pts',(5.08755304059486,14.0186654569606,14.1001617226999));
#13647=CARTESIAN_POINT('',(5.3970119664909,13.7938303866263,15.10005066233));
#13648=CARTESIAN_POINT('Ctrl Pts',(5.08755304059486,14.0186654569606,14.1001617226999));
#13649=CARTESIAN_POINT('Ctrl Pts',(5.17671324595678,13.9538867759595,14.2231754267415));
#13650=CARTESIAN_POINT('Ctrl Pts',(5.25564376842234,13.8965403946306,14.3803756595301));
#13651=CARTESIAN_POINT('Ctrl Pts',(5.36194095654378,13.819310966853,14.6973246482317));
#13652=CARTESIAN_POINT('Ctrl Pts',(5.3970119664909,13.7938303866263,14.91505081423));
#13653=CARTESIAN_POINT('Ctrl Pts',(5.3970119664909,13.7938303866263,15.10005066233));
#13654=CARTESIAN_POINT('',(5.31469873857371,13.695733301538,15.10005066233));
#13655=CARTESIAN_POINT('Origin',(1.909004320162,16.637033274067,15.10005066233));
#13656=CARTESIAN_POINT('',(5.0395424396148,13.96144865076,14.1001617226998));
#13657=CARTESIAN_POINT('Ctrl Pts',(5.31469873857371,13.695733301538,15.10005066233));
#13658=CARTESIAN_POINT('Ctrl Pts',(5.31469873857371,13.695733301538,14.91505081423));
#13659=CARTESIAN_POINT('Ctrl Pts',(5.28351524864896,13.7258468477176,14.6973246482317));
#13660=CARTESIAN_POINT('Ctrl Pts',(5.18900079640447,13.8171183933071,14.3803756595301));
#13661=CARTESIAN_POINT('Ctrl Pts',(5.11881949407612,13.884891689167,14.2231754267415));
#13662=CARTESIAN_POINT('Ctrl Pts',(5.0395424396148,13.96144865076,14.1001617226999));
#13663=CARTESIAN_POINT('',(4.6922132543853,13.6017787505907,14.1001617226999));
#13664=CARTESIAN_POINT('Ctrl Pts',(5.0395424396148,13.96144865076,14.1001617226999));
#13665=CARTESIAN_POINT('Ctrl Pts',(4.98540478192498,13.8979556938095,14.1002705519211));
#13666=CARTESIAN_POINT('Ctrl Pts',(4.92932051159267,13.8360573754143,14.1003876819765));
#13667=CARTESIAN_POINT('Ctrl Pts',(4.81276140901285,13.7154155323541,14.100386187237));
#13668=CARTESIAN_POINT('Ctrl Pts',(4.75330330959942,13.6576649041644,14.1002697125276));
#13669=CARTESIAN_POINT('Ctrl Pts',(4.6922132543853,13.6017787505907,14.1001617226999));
#13670=CARTESIAN_POINT('',(4.96736955334422,13.3360634013686,15.10005066233));
#13671=CARTESIAN_POINT('Ctrl Pts',(4.6922132543853,13.6017787505907,14.1001617226999));
#13672=CARTESIAN_POINT('Ctrl Pts',(4.77149030884662,13.5252217889976,14.2231754267415));
#13673=CARTESIAN_POINT('Ctrl Pts',(4.84167161117497,13.4574484931378,14.3803756595301));
#13674=CARTESIAN_POINT('Ctrl Pts',(4.93618606341947,13.3661769475483,14.6973246482317));
#13675=CARTESIAN_POINT('Ctrl Pts',(4.96736955334422,13.3360634013686,14.91505081423));
#13676=CARTESIAN_POINT('Ctrl Pts',(4.96736955334422,13.3360634013686,15.10005066233));
#13677=CARTESIAN_POINT('',(4.87220491657588,13.2503767775483,15.10005066233));
#13678=CARTESIAN_POINT('Origin',(1.909004320162,16.637033274067,15.10005066233));
#13679=CARTESIAN_POINT('',(4.63670684892769,13.5518005586322,14.1001617226998));
#13680=CARTESIAN_POINT('Ctrl Pts',(4.87220491657588,13.2503767775483,15.10005066233));
#13681=CARTESIAN_POINT('Ctrl Pts',(4.87220491657588,13.2503767775483,14.91505081423));
#13682=CARTESIAN_POINT('Ctrl Pts',(4.84551589783421,13.2845371637581,14.6973246482317));
#13683=CARTESIAN_POINT('Ctrl Pts',(4.764623797771,13.3880743303446,14.3803756595301));
#13684=CARTESIAN_POINT('Ctrl Pts',(4.70455771479963,13.4649554106224,14.2231754267415));
#13685=CARTESIAN_POINT('Ctrl Pts',(4.63670684892769,13.5518005586322,14.1001617226998));
#13686=CARTESIAN_POINT('',(4.24270147212433,13.2439698209694,14.1001617226998));
#13687=CARTESIAN_POINT('Ctrl Pts',(4.63670684892769,13.5518005586322,14.1001617226998));
#13688=CARTESIAN_POINT('Ctrl Pts',(4.57608095212427,13.4980741412215,14.1002673776851));
#13689=CARTESIAN_POINT('Ctrl Pts',(4.51384109979917,13.4460855791273,14.1003819500104));
#13690=CARTESIAN_POINT('Ctrl Pts',(4.38182781697621,13.3426047570323,14.1003917999138));
#13691=CARTESIAN_POINT('Ctrl Pts',(4.31299892466415,13.2921986531012,14.1002729140567));
#13692=CARTESIAN_POINT('Ctrl Pts',(4.24270147212433,13.2439698209694,14.1001617226998));
#13693=CARTESIAN_POINT('',(4.47819953977253,12.9425460398855,15.10005066233));
#13694=CARTESIAN_POINT('Ctrl Pts',(4.24270147212433,13.2439698209694,14.1001617226998));
#13695=CARTESIAN_POINT('Ctrl Pts',(4.31055233799627,13.1571246729596,14.2231754267415));
#13696=CARTESIAN_POINT('Ctrl Pts',(4.37061842096764,13.0802435926817,14.3803756595301));
#13697=CARTESIAN_POINT('Ctrl Pts',(4.45151052103085,12.9767064260953,14.6973246482317));
#13698=CARTESIAN_POINT('Ctrl Pts',(4.47819953977253,12.9425460398855,14.91505081423));
#13699=CARTESIAN_POINT('Ctrl Pts',(4.47819953977253,12.9425460398855,15.10005066233));
#13700=CARTESIAN_POINT('',(4.37203576555959,12.8709376699987,15.10005066233));
#13701=CARTESIAN_POINT('Origin',(1.909004320162,16.637033274067,15.10005066233));
#13702=CARTESIAN_POINT('',(4.1807796312338,13.2022030119102,14.1001617226998));
#13703=CARTESIAN_POINT('Ctrl Pts',(4.37203576555959,12.8709376699987,15.10005066233));
#13704=CARTESIAN_POINT('Ctrl Pts',(4.37203576555959,12.8709376699987,14.91505081423));
#13705=CARTESIAN_POINT('Ctrl Pts',(4.35036068939248,12.908480003178,14.6973246482317));
#13706=CARTESIAN_POINT('Ctrl Pts',(4.28466541422489,13.0222675575855,14.3803756595301));
#13707=CARTESIAN_POINT('Ctrl Pts',(4.23588366859139,13.1067600195047,14.2231754267415));
#13708=CARTESIAN_POINT('Ctrl Pts',(4.1807796312338,13.2022030119102,14.1001617226999));
#13709=CARTESIAN_POINT('',(3.74776692934158,12.9522030119102,14.1001617226998));
#13710=CARTESIAN_POINT('Ctrl Pts',(4.1807796312338,13.2022030119102,14.1001617226998));
#13711=CARTESIAN_POINT('Ctrl Pts',(4.11494865655994,13.1585523609369,14.1002647451398));
#13712=CARTESIAN_POINT('Ctrl Pts',(4.04784859105892,13.116764539553,14.1003770248918));
#13713=CARTESIAN_POINT('Ctrl Pts',(3.90289537812771,13.0324662318218,14.1003963736793));
#13714=CARTESIAN_POINT('Ctrl Pts',(3.82596915374554,12.9911127500476,14.1002756481097));
#13715=CARTESIAN_POINT('Ctrl Pts',(3.74776692934158,12.9522030119102,14.1001617226998));
#13716=CARTESIAN_POINT('',(3.93902306366737,12.6209376699987,15.10005066233));
#13717=CARTESIAN_POINT('Ctrl Pts',(3.74776692934158,12.9522030119102,14.1001617226998));
#13718=CARTESIAN_POINT('Ctrl Pts',(3.80287096669917,12.8567600195047,14.2231754267415));
#13719=CARTESIAN_POINT('Ctrl Pts',(3.85165271233268,12.7722675575855,14.3803756595301));
#13720=CARTESIAN_POINT('Ctrl Pts',(3.91734798750027,12.658480003178,14.6973246482317));
#13721=CARTESIAN_POINT('Ctrl Pts',(3.93902306366737,12.6209376699987,14.91505081423));
#13722=CARTESIAN_POINT('Ctrl Pts',(3.93902306366737,12.6209376699987,15.10005066233));
#13723=CARTESIAN_POINT('',(3.82392650911537,12.564801329512,15.10005066233));
#13724=CARTESIAN_POINT('Origin',(1.909004320162,16.637033274067,15.10005066233));
#13725=CARTESIAN_POINT('',(3.68063489121601,12.9194605291795,14.1001617226998));
#13726=CARTESIAN_POINT('Ctrl Pts',(3.82392650911537,12.564801329512,15.10005066233));
#13727=CARTESIAN_POINT('Ctrl Pts',(3.82392650911537,12.564801329512,14.91505081423));
#13728=CARTESIAN_POINT('Ctrl Pts',(3.80768725622539,12.6049948908493,14.6973246482317));
#13729=CARTESIAN_POINT('Ctrl Pts',(3.75846748975728,12.7268180877627,14.3803756595301));
#13730=CARTESIAN_POINT('Ctrl Pts',(3.72191956265198,12.8172773816607,14.2231754267415));
#13731=CARTESIAN_POINT('Ctrl Pts',(3.68063489121601,12.9194605291795,14.1001617226998));
#13732=CARTESIAN_POINT('',(3.21704296393262,12.7321572324715,14.1001617226998));
#13733=CARTESIAN_POINT('Ctrl Pts',(3.68063489121601,12.9194605291795,14.1001617226998));
#13734=CARTESIAN_POINT('Ctrl Pts',(3.61052365960197,12.8859482188985,14.1002630767849));
#13735=CARTESIAN_POINT('Ctrl Pts',(3.53945197964587,12.8543950126572,14.1003738555967));
#13736=CARTESIAN_POINT('Ctrl Pts',(3.38431958418238,12.7909712366315,14.1003991965122));
#13737=CARTESIAN_POINT('Ctrl Pts',(3.30121076514406,12.7602422598121,14.1002774513158));
#13738=CARTESIAN_POINT('Ctrl Pts',(3.21704296393262,12.7321572324715,14.1001617226998));
#13739=CARTESIAN_POINT('',(3.36033458183198,12.3774980328041,15.10005066233));
#13740=CARTESIAN_POINT('Ctrl Pts',(3.21704296393262,12.7321572324715,14.1001617226998));
#13741=CARTESIAN_POINT('Ctrl Pts',(3.25832763536859,12.6299740849527,14.2231754267415));
#13742=CARTESIAN_POINT('Ctrl Pts',(3.29487556247389,12.5395147910548,14.3803756595301));
#13743=CARTESIAN_POINT('Ctrl Pts',(3.344095328942,12.4176915941414,14.6973246482317));
#13744=CARTESIAN_POINT('Ctrl Pts',(3.36033458183198,12.3774980328041,14.91505081423));
#13745=CARTESIAN_POINT('Ctrl Pts',(3.36033458183198,12.3774980328041,15.10005066233));
#13746=CARTESIAN_POINT('',(3.23854547045487,12.3379263517309,15.10005066233));
#13747=CARTESIAN_POINT('Origin',(1.909004320162,16.637033274067,15.10005066233));
#13748=CARTESIAN_POINT('',(3.14600737733256,12.7090763712517,14.1001617226998));
#13749=CARTESIAN_POINT('Ctrl Pts',(3.23854547045487,12.3379263517309,15.10005066233));
#13750=CARTESIAN_POINT('Ctrl Pts',(3.23854547045487,12.3379263517309,14.91505081423));
#13751=CARTESIAN_POINT('Ctrl Pts',(3.22805811942765,12.3799888192742,14.6973246482317));
#13752=CARTESIAN_POINT('Ctrl Pts',(3.19627186842668,12.5074765087375,14.3803756595301));
#13753=CARTESIAN_POINT('Ctrl Pts',(3.17266912367804,12.6021419473545,14.2231754267415));
#13754=CARTESIAN_POINT('Ctrl Pts',(3.14600737733255,12.7090763712517,14.1001617226998));
#13755=CARTESIAN_POINT('',(2.66085951419456,12.5881154234519,14.1001617226998));
#13756=CARTESIAN_POINT('Ctrl Pts',(3.14600737733256,12.7090763712517,14.1001617226998));
#13757=CARTESIAN_POINT('Ctrl Pts',(3.0727434961498,12.6859099463441,14.1002619427078));
#13758=CARTESIAN_POINT('Ctrl Pts',(2.99891581314942,12.664801352154,14.1003715047346));
#13759=CARTESIAN_POINT('Ctrl Pts',(2.83665598699085,12.6235084067398,14.1004012300241));
#13760=CARTESIAN_POINT('Ctrl Pts',(2.74918255866818,12.6044098386481,14.1002788647147));
#13761=CARTESIAN_POINT('Ctrl Pts',(2.66085951419456,12.5881154234519,14.1001617226998));
#13762=CARTESIAN_POINT('',(2.75339760731688,12.2169654039311,15.10005066233));
#13763=CARTESIAN_POINT('Ctrl Pts',(2.66085951419456,12.5881154234519,14.1001617226998));
#13764=CARTESIAN_POINT('Ctrl Pts',(2.68752126054005,12.4811809995546,14.2231754267415));
#13765=CARTESIAN_POINT('Ctrl Pts',(2.71112400528868,12.3865155609377,14.3803756595301));
#13766=CARTESIAN_POINT('Ctrl Pts',(2.74291025628965,12.2590278714744,14.6973246482317));
#13767=CARTESIAN_POINT('Ctrl Pts',(2.75339760731688,12.2169654039311,14.91505081423));
#13768=CARTESIAN_POINT('Ctrl Pts',(2.75339760731688,12.2169654039311,15.10005066233));
#13769=CARTESIAN_POINT('',(2.62728642563458,12.1947286000315,15.10005066233));
#13770=CARTESIAN_POINT('Origin',(1.909004320162,16.637033274067,15.10005066233));
#13771=CARTESIAN_POINT('',(2.58730300601141,12.5751454264525,14.1001617226999));
#13772=CARTESIAN_POINT('Ctrl Pts',(2.62728642563458,12.1947286000315,15.10005066233));
#13773=CARTESIAN_POINT('Ctrl Pts',(2.62728642563458,12.1947286000315,14.91505081423));
#13774=CARTESIAN_POINT('Ctrl Pts',(2.62275510082867,12.2378412756954,14.6973246482317));
#13775=CARTESIAN_POINT('Ctrl Pts',(2.60902104851424,12.3685120548482,14.3803756595301));
#13776=CARTESIAN_POINT('Ctrl Pts',(2.59882288670107,12.4655410831018,14.2231754267415));
#13777=CARTESIAN_POINT('Ctrl Pts',(2.58730300601141,12.5751454264525,14.1001617226999));
#13778=CARTESIAN_POINT('',(2.09004205832727,12.5228811948186,14.1001617226999));
#13779=CARTESIAN_POINT('Ctrl Pts',(2.58730300601141,12.5751454264525,14.1001617226999));
#13780=CARTESIAN_POINT('Ctrl Pts',(2.51092210241712,12.5622989144027,14.1002627440421));
#13781=CARTESIAN_POINT('Ctrl Pts',(2.43441592237674,12.5516266322936,14.1003727338672));
#13782=CARTESIAN_POINT('Ctrl Pts',(2.26819408847799,12.5334027250085,14.1004001636253));
#13783=CARTESIAN_POINT('Ctrl Pts',(2.17942013635485,12.5267097143852,14.1002784036766));
#13784=CARTESIAN_POINT('Ctrl Pts',(2.09004205832727,12.5228811948186,14.1001617226999));
#13785=CARTESIAN_POINT('',(2.13002547795045,12.1424643683976,15.10005066233));
#13786=CARTESIAN_POINT('Ctrl Pts',(2.09004205832727,12.5228811948186,14.1001617226999));
#13787=CARTESIAN_POINT('Ctrl Pts',(2.10156193901694,12.413276851468,14.2231754267415));
#13788=CARTESIAN_POINT('Ctrl Pts',(2.1117601008301,12.3162478232144,14.3803756595301));
#13789=CARTESIAN_POINT('Ctrl Pts',(2.12549415314453,12.1855770440616,14.6973246482317));
#13790=CARTESIAN_POINT('Ctrl Pts',(2.13002547795044,12.1424643683976,14.91505081423));
#13791=CARTESIAN_POINT('Ctrl Pts',(2.13002547795044,12.1424643683976,15.10005066233));
#13792=CARTESIAN_POINT('',(2.00204683666504,12.1379952557654,15.10005066233));
#13793=CARTESIAN_POINT('Origin',(1.909004320162,16.637033274067,15.10005066233));
#13794=CARTESIAN_POINT('',(2.01539632232351,12.5202745082781,14.1001617226998));
#13795=CARTESIAN_POINT('Ctrl Pts',(2.00204683666504,12.1379952557654,15.10005066233));
#13796=CARTESIAN_POINT('Ctrl Pts',(2.00204683666504,12.1379952557654,14.91505081423));
#13797=CARTESIAN_POINT('Ctrl Pts',(2.00355973516348,12.1813190003581,14.6973246482317));
#13798=CARTESIAN_POINT('Ctrl Pts',(2.00814519924164,12.3126295111201,14.3803756595301));
#13799=CARTESIAN_POINT('Ctrl Pts',(2.0115501159834,12.4101335693443,14.2231754267415));
#13800=CARTESIAN_POINT('Ctrl Pts',(2.01539632232351,12.5202745082781,14.1001617226998));
#13801=CARTESIAN_POINT('',(1.51570090881397,12.5377242566293,14.1001617226998));
#13802=CARTESIAN_POINT('Ctrl Pts',(2.01539632232351,12.5202745082781,14.1001617226998));
#13803=CARTESIAN_POINT('Ctrl Pts',(1.92926343173312,12.5179479901222,14.1002741051171));
#13804=CARTESIAN_POINT('Ctrl Pts',(1.84352293110834,12.5183116685722,14.1003929214606));
#13805=CARTESIAN_POINT('Ctrl Pts',(1.67650388075291,12.5244759002329,14.1003807590802));
#13806=CARTESIAN_POINT('Ctrl Pts',(1.59616126754708,12.52990986205,14.1002671593462));
#13807=CARTESIAN_POINT('Ctrl Pts',(1.51570090881397,12.5377242566293,14.1001617226998));
#13808=CARTESIAN_POINT('',(1.50235142315549,12.1554450041167,15.10005066233));
#13809=CARTESIAN_POINT('Ctrl Pts',(1.51570090881396,12.5377242566293,14.1001617226998));
#13810=CARTESIAN_POINT('Ctrl Pts',(1.51185470247385,12.4275833176956,14.2231754267415));
#13811=CARTESIAN_POINT('Ctrl Pts',(1.5084497857321,12.3300792594714,14.3803756595301));
#13812=CARTESIAN_POINT('Ctrl Pts',(1.50386432165393,12.1987687487094,14.6973246482317));
#13813=CARTESIAN_POINT('Ctrl Pts',(1.50235142315549,12.1554450041167,14.91505081423));
#13814=CARTESIAN_POINT('Ctrl Pts',(1.50235142315549,12.1554450041167,15.10005066233));
#13815=CARTESIAN_POINT('',(1.37499628094607,12.1688305689458,15.10005066233));
#13816=CARTESIAN_POINT('Origin',(1.909004320162,16.637033274067,15.10005066233));
#13817=CARTESIAN_POINT('',(1.44141883933266,12.5455316167361,14.1001617226998));
#13818=CARTESIAN_POINT('Ctrl Pts',(1.37499628094607,12.1688305689458,15.10005066233));
#13819=CARTESIAN_POINT('Ctrl Pts',(1.37499628094607,12.1688305689458,14.91505081423));
#13820=CARTESIAN_POINT('Ctrl Pts',(1.38252395590049,12.2115221350588,14.6973246482317));
#13821=CARTESIAN_POINT('Ctrl Pts',(1.40533968552885,12.3409165677014,14.3803756595301));
#13822=CARTESIAN_POINT('Ctrl Pts',(1.42228140799419,12.4369978503121,14.2231754267415));
#13823=CARTESIAN_POINT('Ctrl Pts',(1.44141883933266,12.5455316167361,14.1001617226998));
#13824=CARTESIAN_POINT('',(0.949014962826556,12.6323557055696,14.1001617226998));
#13825=CARTESIAN_POINT('Ctrl Pts',(1.44141883933266,12.5455316167361,14.1001617226998));
#13826=CARTESIAN_POINT('Ctrl Pts',(1.35170973035479,12.5556777790704,14.1002794745127));
#13827=CARTESIAN_POINT('Ctrl Pts',(1.26274956093501,12.5686994722411,14.100402042805));
#13828=CARTESIAN_POINT('Ctrl Pts',(1.09812389150601,12.5986014987879,14.1003705475166));
#13829=CARTESIAN_POINT('Ctrl Pts',(1.02340329405668,12.6144317824031,14.1002615226626));
#13830=CARTESIAN_POINT('Ctrl Pts',(0.949014962826556,12.6323557055696,14.1001617226998));
#13831=CARTESIAN_POINT('',(0.882592404439965,12.2556546577792,15.10005066233));
#13832=CARTESIAN_POINT('Ctrl Pts',(0.949014962826555,12.6323557055696,14.1001617226998));
#13833=CARTESIAN_POINT('Ctrl Pts',(0.929877531488084,12.5238219391455,14.2231754267415));
#13834=CARTESIAN_POINT('Ctrl Pts',(0.912935809022745,12.4277406565348,14.3803756595301));
#13835=CARTESIAN_POINT('Ctrl Pts',(0.890120079394385,12.2983462238922,14.6973246482317));
#13836=CARTESIAN_POINT('Ctrl Pts',(0.882592404439965,12.2556546577792,14.91505081423));
#13837=CARTESIAN_POINT('Ctrl Pts',(0.882592404439965,12.2556546577792,15.10005066233));
#13838=CARTESIAN_POINT('',(0.75833958428529,12.286634365276,15.10005066233));
#13839=CARTESIAN_POINT('Origin',(1.909004320162,16.637033274067,15.10005066233));
#13840=CARTESIAN_POINT('',(0.876542375855545,12.6504251509399,14.1001617226998));
#13841=CARTESIAN_POINT('Ctrl Pts',(0.758339584285289,12.286634365276,15.10005066233));
#13842=CARTESIAN_POINT('Ctrl Pts',(0.758339584285289,12.286634365276,14.91505081423));
#13843=CARTESIAN_POINT('Ctrl Pts',(0.771735518065305,12.3278628101359,14.6973246482317));
#13844=CARTESIAN_POINT('Ctrl Pts',(0.812337431019154,12.4528226492117,14.3803756595301));
#13845=CARTESIAN_POINT('Ctrl Pts',(0.842486207851211,12.5456110433337,14.2231754267415));
#13846=CARTESIAN_POINT('Ctrl Pts',(0.876542375855544,12.6504251509399,14.1001617226998));
#13847=CARTESIAN_POINT('',(0.401014117707967,12.8049336481274,14.1001617226998));
#13848=CARTESIAN_POINT('Ctrl Pts',(0.876542375855544,12.6504251509399,14.1001617226998));
#13849=CARTESIAN_POINT('Ctrl Pts',(0.79031089814089,12.6726503094258,14.1002778683076));
#13850=CARTESIAN_POINT('Ctrl Pts',(0.704959007091837,12.6976069396793,14.1003998563601));
#13851=CARTESIAN_POINT('Ctrl Pts',(0.545853325380173,12.7500716831652,14.1003731040065));
#13852=CARTESIAN_POINT('Ctrl Pts',(0.473066823211739,12.7764827020578,14.1002627606562));
#13853=CARTESIAN_POINT('Ctrl Pts',(0.401014117707967,12.8049336481274,14.1001617226998));
#13854=CARTESIAN_POINT('',(0.282811326137714,12.4411428624635,15.10005066233));
#13855=CARTESIAN_POINT('Ctrl Pts',(0.401014117707966,12.8049336481274,14.1001617226998));
#13856=CARTESIAN_POINT('Ctrl Pts',(0.366957949703634,12.7001195405212,14.2231754267415));
#13857=CARTESIAN_POINT('Ctrl Pts',(0.336809172871577,12.6073311463992,14.3803756595301));
#13858=CARTESIAN_POINT('Ctrl Pts',(0.296207259917728,12.4823713073233,14.6973246482317));
#13859=CARTESIAN_POINT('Ctrl Pts',(0.282811326137713,12.4411428624635,14.91505081423));
#13860=CARTESIAN_POINT('Ctrl Pts',(0.282811326137713,12.4411428624635,15.10005066233));
#13861=CARTESIAN_POINT('',(0.164079267846615,12.4891137278605,15.10005066233));
#13862=CARTESIAN_POINT('Origin',(1.909004320162,16.637033274067,15.10005066233));
#13863=CARTESIAN_POINT('',(0.331761609716302,12.8329134775609,14.1001617226998));
#13864=CARTESIAN_POINT('Ctrl Pts',(0.164079267846616,12.4891137278605,15.10005066233));
#13865=CARTESIAN_POINT('Ctrl Pts',(0.164079267846616,12.4891137278605,14.91505081423));
#13866=CARTESIAN_POINT('Ctrl Pts',(0.183082723838846,12.5280765866846,14.6973246482317));
#13867=CARTESIAN_POINT('Ctrl Pts',(0.240680550066529,12.6461696310659,14.3803756595301));
#13868=CARTESIAN_POINT('Ctrl Pts',(0.283449569617993,12.7338591161528,14.2231754267415));
#13869=CARTESIAN_POINT('Ctrl Pts',(0.331761609716301,12.8329134775609,14.1001617226998));
#13870=CARTESIAN_POINT('',(-0.117635413433284,13.0520990509554,14.1001617226998));
#13871=CARTESIAN_POINT('Ctrl Pts',(0.331761609716302,12.8329134775609,14.1001617226998));
#13872=CARTESIAN_POINT('Ctrl Pts',(0.250308702959514,12.866573742346,14.1002766740586));
#13873=CARTESIAN_POINT('Ctrl Pts',(0.16999937708881,12.9027979249989,14.1003980521327));
#13874=CARTESIAN_POINT('Ctrl Pts',(0.0195939914571102,12.9768508209026,
14.1003751559297));
#13875=CARTESIAN_POINT('Ctrl Pts',(-0.049567386487473,13.0135139114972,
14.1002637743656));
#13876=CARTESIAN_POINT('Ctrl Pts',(-0.117635413433284,13.0520990509554,
14.1001617226998));
#13877=CARTESIAN_POINT('',(-0.285317755302968,12.708299301255,15.10005066233));
#13878=CARTESIAN_POINT('Ctrl Pts',(-0.117635413433284,13.0520990509554,
14.1001617226998));
#13879=CARTESIAN_POINT('Ctrl Pts',(-0.16594745353159,12.9530446895473,14.2231754267415));
#13880=CARTESIAN_POINT('Ctrl Pts',(-0.208716473083055,12.8653552044604,
14.3803756595301));
#13881=CARTESIAN_POINT('Ctrl Pts',(-0.266314299310738,12.7472621600792,
14.6973246482317));
#13882=CARTESIAN_POINT('Ctrl Pts',(-0.285317755302969,12.708299301255,14.91505081423));
#13883=CARTESIAN_POINT('Ctrl Pts',(-0.285317755302968,12.708299301255,15.10005066233));
#13884=CARTESIAN_POINT('',(-0.39621806727157,12.7723276262233,15.10005066233));
#13885=CARTESIAN_POINT('Origin',(1.909004320162,16.637033274067,15.10005066233));
#13886=CARTESIAN_POINT('',(-0.182319921151109,13.0894446688987,14.1001617226998));
#13887=CARTESIAN_POINT('Ctrl Pts',(-0.39621806727157,12.7723276262233,15.10005066233));
#13888=CARTESIAN_POINT('Ctrl Pts',(-0.39621806727157,12.7723276262233,14.91505081423));
#13889=CARTESIAN_POINT('Ctrl Pts',(-0.371976969721901,12.8082665312843,
14.6973246482317));
#13890=CARTESIAN_POINT('Ctrl Pts',(-0.29850430639135,12.9171942341909,14.3803756595301));
#13891=CARTESIAN_POINT('Ctrl Pts',(-0.243947494437009,12.9980780341609,
14.2231754267415));
#13892=CARTESIAN_POINT('Ctrl Pts',(-0.182319921151109,13.0894446688987,
14.1001617226998));
#13893=CARTESIAN_POINT('',(-0.596838707428632,13.3690411206341,14.1001617226998));
#13894=CARTESIAN_POINT('Ctrl Pts',(-0.18231992115111,13.0894446688987,14.1001617226998));
#13895=CARTESIAN_POINT('Ctrl Pts',(-0.256787534799005,13.1332268041479,
14.1002743924561));
#13896=CARTESIAN_POINT('Ctrl Pts',(-0.329878841959801,13.1793274638465,
14.1003943042905));
#13897=CARTESIAN_POINT('Ctrl Pts',(-0.468691941353876,13.2734521804634,
14.1003792831909));
#13898=CARTESIAN_POINT('Ctrl Pts',(-0.53348631551809,13.3203460998281,14.1002659405876));
#13899=CARTESIAN_POINT('Ctrl Pts',(-0.596838707428633,13.3690411206341,
14.1001617226998));
#13900=CARTESIAN_POINT('',(-0.810736853549092,13.0519240779587,15.10005066233));
#13901=CARTESIAN_POINT('Ctrl Pts',(-0.596838707428633,13.3690411206341,
14.1001617226998));
#13902=CARTESIAN_POINT('Ctrl Pts',(-0.658466280714532,13.2776744858963,
14.2231754267415));
#13903=CARTESIAN_POINT('Ctrl Pts',(-0.713023092668872,13.1967906859263,
14.3803756595301));
#13904=CARTESIAN_POINT('Ctrl Pts',(-0.786495755999423,13.0878629830197,
14.6973246482317));
#13905=CARTESIAN_POINT('Ctrl Pts',(-0.810736853549092,13.0519240779587,
14.91505081423));
#13906=CARTESIAN_POINT('Ctrl Pts',(-0.810736853549092,13.0519240779587,
15.10005066233));
#13907=CARTESIAN_POINT('',(-0.911646870769958,13.1307636239839,15.10005066233));
#13908=CARTESIAN_POINT('Origin',(1.909004320162,16.637033274067,15.10005066233));
#13909=CARTESIAN_POINT('',(-0.655696204507426,13.4150256371139,14.1001617226998));
#13910=CARTESIAN_POINT('Ctrl Pts',(-0.911646870769958,13.1307636239839,
15.10005066233));
#13911=CARTESIAN_POINT('Ctrl Pts',(-0.911646870769958,13.1307636239839,
14.91505081423));
#13912=CARTESIAN_POINT('Ctrl Pts',(-0.882639957052816,13.1629790653747,
14.6973246482317));
#13913=CARTESIAN_POINT('Ctrl Pts',(-0.794722518437211,13.2606212729729,
14.3803756595301));
#13914=CARTESIAN_POINT('Ctrl Pts',(-0.72943980036723,13.3331250766635,14.2231754267415));
#13915=CARTESIAN_POINT('Ctrl Pts',(-0.655696204507424,13.4150256371139,
14.1001617226999));
#13916=CARTESIAN_POINT('',(-1.02726861724612,13.7495909402933,14.1001617226998));
#13917=CARTESIAN_POINT('Ctrl Pts',(-0.655696204507427,13.4150256371139,
14.1001617226999));
#13918=CARTESIAN_POINT('Ctrl Pts',(-0.721526442918333,13.4673008342453,
14.1002713623198));
#13919=CARTESIAN_POINT('Ctrl Pts',(-0.785801982903459,13.5216021177041,
14.100389109957));
#13920=CARTESIAN_POINT('Ctrl Pts',(-0.910383979699388,13.6339365858186,
14.1003847380412));
#13921=CARTESIAN_POINT('Ctrl Pts',(-0.969717195815412,13.6909295434542,
14.1002689066657));
#13922=CARTESIAN_POINT('Ctrl Pts',(-1.02726861724613,13.7495909402933,14.1001617226999));
#13923=CARTESIAN_POINT('',(-1.28321928350866,13.4653289271633,15.10005066233));
#13924=CARTESIAN_POINT('Ctrl Pts',(-1.02726861724612,13.7495909402933,14.1001617226998));
#13925=CARTESIAN_POINT('Ctrl Pts',(-1.10101221310593,13.6676903798429,14.2231754267415));
#13926=CARTESIAN_POINT('Ctrl Pts',(-1.16629493117591,13.5951865761523,14.3803756595301));
#13927=CARTESIAN_POINT('Ctrl Pts',(-1.25421236979152,13.4975443685541,14.6973246482317));
#13928=CARTESIAN_POINT('Ctrl Pts',(-1.28321928350866,13.4653289271633,14.91505081423));
#13929=CARTESIAN_POINT('Ctrl Pts',(-1.28321928350866,13.4653289271633,15.10005066233));
#13930=CARTESIAN_POINT('',(-1.37217490728003,13.5574451721607,15.10005066233));
#13931=CARTESIAN_POINT('Origin',(1.909004320162,16.637033274067,15.10005066233));
#13932=CARTESIAN_POINT('',(-1.07915350945466,13.803319319003,14.1001617226998));
#13933=CARTESIAN_POINT('Ctrl Pts',(-1.37217490728003,13.5574451721607,15.10005066233));
#13934=CARTESIAN_POINT('Ctrl Pts',(-1.37217490728003,13.5574451721607,14.91505081423));
#13935=CARTESIAN_POINT('Ctrl Pts',(-1.33896676397605,13.5853101129591,14.6973246482317));
#13936=CARTESIAN_POINT('Ctrl Pts',(-1.23831576301344,13.6697663307445,14.3803756595301));
#13937=CARTESIAN_POINT('Ctrl Pts',(-1.16357779267706,13.7324789340887,14.2231754267415));
#13938=CARTESIAN_POINT('Ctrl Pts',(-1.07915350945466,13.803319319003,14.1001617226998));
#13939=CARTESIAN_POINT('',(-1.40054731429793,14.1863415405625,14.1001617226998));
#13940=CARTESIAN_POINT('Ctrl Pts',(-1.07915350945466,13.803319319003,14.1001617226998));
#13941=CARTESIAN_POINT('Ctrl Pts',(-1.13536689670904,13.8624581634572,14.1002681422949));
#13942=CARTESIAN_POINT('Ctrl Pts',(-1.18987603653712,13.9232957359948,14.1003833505055));
#13943=CARTESIAN_POINT('Ctrl Pts',(-1.29784831849809,14.0516707100283,14.1003904579878));
#13944=CARTESIAN_POINT('Ctrl Pts',(-1.35024905991003,14.1182500386007,14.1002721357739));
#13945=CARTESIAN_POINT('Ctrl Pts',(-1.40054731429793,14.1863415405625,14.1001617226998));
#13946=CARTESIAN_POINT('',(-1.69356871212331,13.9404673937202,15.10005066233));
#13947=CARTESIAN_POINT('Ctrl Pts',(-1.40054731429793,14.1863415405625,14.1001617226999));
#13948=CARTESIAN_POINT('Ctrl Pts',(-1.48497159752033,14.1155011556482,14.2231754267415));
#13949=CARTESIAN_POINT('Ctrl Pts',(-1.55970956785671,14.052788552304,14.3803756595301));
#13950=CARTESIAN_POINT('Ctrl Pts',(-1.66036056881932,13.9683323345186,14.6973246482317));
#13951=CARTESIAN_POINT('Ctrl Pts',(-1.69356871212331,13.9404673937202,14.91505081423));
#13952=CARTESIAN_POINT('Ctrl Pts',(-1.69356871212331,13.9404673937202,15.10005066233));
#13953=CARTESIAN_POINT('',(-1.768838522414,14.0440673997616,15.10005066233));
#13954=CARTESIAN_POINT('Origin',(1.909004320162,16.637033274067,15.10005066233));
#13955=CARTESIAN_POINT('',(-1.44444972122756,14.2467680197256,14.1001617226998));
#13956=CARTESIAN_POINT('Ctrl Pts',(-1.768838522414,14.0440673997616,15.10005066233));
#13957=CARTESIAN_POINT('Ctrl Pts',(-1.768838522414,14.0440673997616,14.91505081423));
#13958=CARTESIAN_POINT('Ctrl Pts',(-1.73207550825888,14.0670394805909,14.6973246482317));
#13959=CARTESIAN_POINT('Ctrl Pts',(-1.62065000219419,14.1366658643517,14.3803756595301));
#13960=CARTESIAN_POINT('Ctrl Pts',(-1.53791146917083,14.18836663786,14.2231754267415));
#13961=CARTESIAN_POINT('Ctrl Pts',(-1.44444972122756,14.2467680197256,14.1001617226998));
#13962=CARTESIAN_POINT('',(-1.70940935334417,14.6707920678038,14.1001617226999));
#13963=CARTESIAN_POINT('Ctrl Pts',(-1.44444972122756,14.2467680197256,14.1001617226999));
#13964=CARTESIAN_POINT('Ctrl Pts',(-1.49062917185035,14.3113964705555,14.100265323775));
#13965=CARTESIAN_POINT('Ctrl Pts',(-1.53497604002887,14.3773809416308,14.1003781227666));
#13966=CARTESIAN_POINT('Ctrl Pts',(-1.6242426094839,14.5193493954527,14.1003953734722));
#13967=CARTESIAN_POINT('Ctrl Pts',(-1.66801733757763,14.5944073748311,14.1002750369764));
#13968=CARTESIAN_POINT('Ctrl Pts',(-1.70940935334417,14.6707920678038,14.1001617226999));
#13969=CARTESIAN_POINT('',(-2.03379815453061,14.4680914478398,15.10005066233));
#13970=CARTESIAN_POINT('Ctrl Pts',(-1.70940935334417,14.6707920678038,14.1001617226998));
#13971=CARTESIAN_POINT('Ctrl Pts',(-1.80287110128743,14.6123906859382,14.2231754267415));
#13972=CARTESIAN_POINT('Ctrl Pts',(-1.88560963431079,14.56068991243,14.3803756595301));
#13973=CARTESIAN_POINT('Ctrl Pts',(-1.99703514037549,14.4910635286691,14.6973246482317));
#13974=CARTESIAN_POINT('Ctrl Pts',(-2.03379815453061,14.4680914478398,14.91505081423));
#13975=CARTESIAN_POINT('Ctrl Pts',(-2.03379815453061,14.4680914478398,15.10005066233));
#13976=CARTESIAN_POINT('',(-2.09391711010146,14.5811587586509,15.10005066233));
#13977=CARTESIAN_POINT('Origin',(1.909004320162,16.637033274067,15.10005066233));
#13978=CARTESIAN_POINT('',(-1.74447476458224,14.7367405147375,14.1001617226998));
#13979=CARTESIAN_POINT('Ctrl Pts',(-2.09391711010146,14.5811587586509,15.10005066233));
#13980=CARTESIAN_POINT('Ctrl Pts',(-2.09391711010146,14.5811587586509,14.91505081423));
#13981=CARTESIAN_POINT('Ctrl Pts',(-2.05431477534842,14.5987908540881,14.6973246482317));
#13982=CARTESIAN_POINT('Ctrl Pts',(-1.93428353491255,14.6522322054633,14.3803756595301));
#13983=CARTESIAN_POINT('Ctrl Pts',(-1.84515485063383,14.691914852388,14.2231754267415));
#13984=CARTESIAN_POINT('Ctrl Pts',(-1.74447476458224,14.7367405147375,14.1001617226998));
#13985=CARTESIAN_POINT('',(-1.94784308612015,15.1935132435588,14.1001617226998));
#13986=CARTESIAN_POINT('Ctrl Pts',(-1.74447476458224,14.7367405147375,14.1001617226998));
#13987=CARTESIAN_POINT('Ctrl Pts',(-1.78053316181043,14.8058688670589,14.1002634142348));
#13988=CARTESIAN_POINT('Ctrl Pts',(-1.81463937915541,14.8760018961289,14.1003744475439));
#13989=CARTESIAN_POINT('Ctrl Pts',(-1.88341789985372,15.0288546948427,14.1003986784668));
#13990=CARTESIAN_POINT('Ctrl Pts',(-1.9169320847122,15.1106298040522,14.100277099221));
#13991=CARTESIAN_POINT('Ctrl Pts',(-1.94784308612015,15.1935132435588,14.1001617226998));
#13992=CARTESIAN_POINT('',(-2.29728543163937,15.0379314874722,15.10005066233));
#13993=CARTESIAN_POINT('Ctrl Pts',(-1.94784308612015,15.1935132435588,14.1001617226998));
#13994=CARTESIAN_POINT('Ctrl Pts',(-2.04852317217173,15.1486875812093,14.2231754267415));
#13995=CARTESIAN_POINT('Ctrl Pts',(-2.13765185645046,15.1090049342846,14.3803756595301));
#13996=CARTESIAN_POINT('Ctrl Pts',(-2.25768309688633,15.0555635829094,14.6973246482317));
#13997=CARTESIAN_POINT('Ctrl Pts',(-2.29728543163937,15.0379314874722,14.91505081423));
#13998=CARTESIAN_POINT('Ctrl Pts',(-2.29728543163937,15.0379314874722,15.10005066233));
#13999=CARTESIAN_POINT('',(-2.34108338540448,15.1582653764601,15.10005066233));
#14000=CARTESIAN_POINT('Origin',(1.909004320162,16.637033274067,15.10005066233));
#14001=CARTESIAN_POINT('',(-1.97338899332325,15.2637000467588,14.1001617226999));
#14002=CARTESIAN_POINT('Ctrl Pts',(-2.34108338540448,15.1582653764601,15.10005066233));
#14003=CARTESIAN_POINT('Ctrl Pts',(-2.34108338540448,15.1582653764601,14.91505081423));
#14004=CARTESIAN_POINT('Ctrl Pts',(-2.2994125444525,15.1702142978238,14.6973246482317));
#14005=CARTESIAN_POINT('Ctrl Pts',(-2.17311184120704,15.2064304416975,14.3803756595301));
#14006=CARTESIAN_POINT('Ctrl Pts',(-2.07932779413005,15.2333225844546,14.2231754267415));
#14007=CARTESIAN_POINT('Ctrl Pts',(-1.97338899332325,15.2637000467588,14.1001617226998));
#14008=CARTESIAN_POINT('',(-2.11120767123175,15.744330894728,14.1001617226998));
#14009=CARTESIAN_POINT('Ctrl Pts',(-1.97338899332325,15.2637000467588,14.1001617226999));
#14010=CARTESIAN_POINT('Ctrl Pts',(-1.99929502898132,15.3366652369034,14.1002627100741));
#14011=CARTESIAN_POINT('Ctrl Pts',(-2.02313084764952,15.4102687734953,14.1003729606461));
#14012=CARTESIAN_POINT('Ctrl Pts',(-2.07000113791923,15.5710481926885,14.1003999763788));
#14013=CARTESIAN_POINT('Ctrl Pts',(-2.09197689208485,15.6572468122247,14.100278041265));
#14014=CARTESIAN_POINT('Ctrl Pts',(-2.11120767123175,15.744330894728,14.1001617226999));
#14015=CARTESIAN_POINT('',(-2.47890206331298,15.6388962244293,15.10005066233));
#14016=CARTESIAN_POINT('Ctrl Pts',(-2.11120767123175,15.744330894728,14.1001617226999));
#14017=CARTESIAN_POINT('Ctrl Pts',(-2.21714647203856,15.7139534324238,14.2231754267415));
#14018=CARTESIAN_POINT('Ctrl Pts',(-2.31093051911554,15.6870612896667,14.3803756595301));
#14019=CARTESIAN_POINT('Ctrl Pts',(-2.43723122236101,15.6508451457929,14.6973246482317));
#14020=CARTESIAN_POINT('Ctrl Pts',(-2.47890206331298,15.6388962244293,14.91505081423));
#14021=CARTESIAN_POINT('Ctrl Pts',(-2.47890206331298,15.6388962244293,15.10005066233));
#14022=CARTESIAN_POINT('',(-2.50552653792175,15.7641545293227,15.10005066233));
#14023=CARTESIAN_POINT('Origin',(1.909004320162,16.637033274067,15.10005066233));
#14024=CARTESIAN_POINT('',(-2.1267368523742,15.8173899479062,14.1001617226998));
#14025=CARTESIAN_POINT('Ctrl Pts',(-2.1267368523742,15.8173899479062,14.1001617226998));
#14026=CARTESIAN_POINT('Ctrl Pts',(-2.23587238968212,15.8020519483973,14.2231754267415));
#14027=CARTESIAN_POINT('Ctrl Pts',(-2.33248639975878,15.7884737347772,14.3803756595301));
#14028=CARTESIAN_POINT('Ctrl Pts',(-2.4625982662901,15.7701877044502,14.6973246482317));
#14029=CARTESIAN_POINT('Ctrl Pts',(-2.50552653792175,15.7641545293227,14.91505081423));
#14030=CARTESIAN_POINT('Ctrl Pts',(-2.50552653792175,15.7641545293227,15.10005066233));
#14031=CARTESIAN_POINT('',(-2.19632340285424,16.312523982277,14.1001617226998));
#14032=CARTESIAN_POINT('Ctrl Pts',(-2.19632340285424,16.312523982277,14.1001617226998));
#14033=CARTESIAN_POINT('Ctrl Pts',(-2.18933681763212,16.2228055619102,14.1002790949481));
#14034=CARTESIAN_POINT('Ctrl Pts',(-2.17947206475505,16.133767193577,14.1004013550289));
#14035=CARTESIAN_POINT('Ctrl Pts',(-2.15538123370996,15.9682424690281,14.1003713521675));
#14036=CARTESIAN_POINT('Ctrl Pts',(-2.14212366642329,15.8927007476261,14.1002619782714));
#14037=CARTESIAN_POINT('Ctrl Pts',(-2.1267368523742,15.8173899479062,14.1001617226998));
#14038=CARTESIAN_POINT('',(-2.57511308840179,16.2592885636935,15.10005066233));
#14039=CARTESIAN_POINT('Ctrl Pts',(-2.57511308840179,16.2592885636935,15.10005066233));
#14040=CARTESIAN_POINT('Ctrl Pts',(-2.57511308840179,16.2592885636935,14.91505081423));
#14041=CARTESIAN_POINT('Ctrl Pts',(-2.53218481677014,16.265321738821,14.6973246482317));
#14042=CARTESIAN_POINT('Ctrl Pts',(-2.40207295023882,16.283607769148,14.3803756595301));
#14043=CARTESIAN_POINT('Ctrl Pts',(-2.30545894016216,16.2971859827681,14.2231754267415));
#14044=CARTESIAN_POINT('Ctrl Pts',(-2.19632340285423,16.312523982277,14.1001617226998));
#14045=CARTESIAN_POINT('',(-2.58404586874085,16.3870332740669,15.10005066233));
#14046=CARTESIAN_POINT('Origin',(1.909004320162,16.637033274067,15.10005066233));
#14047=CARTESIAN_POINT('',(-2.20153360008927,16.3870332740669,14.1001617226998));
#14048=CARTESIAN_POINT('Ctrl Pts',(-2.20153360008927,16.3870332740669,14.1001617226998));
#14049=CARTESIAN_POINT('Ctrl Pts',(-2.31174167480445,16.3870332740669,14.2231754267415));
#14050=CARTESIAN_POINT('Ctrl Pts',(-2.40930516607146,16.3870332740669,14.3803756595301));
#14051=CARTESIAN_POINT('Ctrl Pts',(-2.54069571640664,16.3870332740669,14.6973246482317));
#14052=CARTESIAN_POINT('Ctrl Pts',(-2.58404586874085,16.3870332740669,14.91505081423));
#14053=CARTESIAN_POINT('Ctrl Pts',(-2.58404586874085,16.3870332740669,15.10005066233));
#14054=CARTESIAN_POINT('',(-2.20153360008928,16.8870332740669,14.1001617226998));
#14055=CARTESIAN_POINT('Ctrl Pts',(-2.20153360008928,16.8870332740669,14.1001617226998));
#14056=CARTESIAN_POINT('Ctrl Pts',(-2.20671431082361,16.8034599970489,14.1002709349251));
#14057=CARTESIAN_POINT('Ctrl Pts',(-2.20934377127014,16.7201575907982,14.1003874284991));
#14058=CARTESIAN_POINT('Ctrl Pts',(-2.20931689462181,16.553057299196,14.1003864422889));
#14059=CARTESIAN_POINT('Ctrl Pts',(-2.20668775575807,16.4701781747556,14.1002703751298));
#14060=CARTESIAN_POINT('Ctrl Pts',(-2.20153360008928,16.3870332740669,14.1001617226998));
#14061=CARTESIAN_POINT('',(-2.58404586874086,16.8870332740669,15.10005066233));
#14062=CARTESIAN_POINT('Ctrl Pts',(-2.58404586874086,16.8870332740669,15.10005066233));
#14063=CARTESIAN_POINT('Ctrl Pts',(-2.58404586874086,16.8870332740669,14.91505081423));
#14064=CARTESIAN_POINT('Ctrl Pts',(-2.54069571640665,16.8870332740669,14.6973246482317));
#14065=CARTESIAN_POINT('Ctrl Pts',(-2.40930516607146,16.8870332740669,14.3803756595301));
#14066=CARTESIAN_POINT('Ctrl Pts',(-2.31174167480445,16.8870332740669,14.2231754267415));
#14067=CARTESIAN_POINT('Ctrl Pts',(-2.20153360008928,16.8870332740669,14.1001617226998));
#14068=CARTESIAN_POINT('',(-2.5751130884018,17.0147779844404,15.10005066233));
#14069=CARTESIAN_POINT('Origin',(1.909004320162,16.637033274067,15.10005066233));
#14070=CARTESIAN_POINT('',(-2.19632340285425,16.9615425658569,14.1001617226998));
#14071=CARTESIAN_POINT('Ctrl Pts',(-2.19632340285425,16.9615425658569,14.1001617226998));
#14072=CARTESIAN_POINT('Ctrl Pts',(-2.30545894016217,16.9768805653658,14.2231754267415));
#14073=CARTESIAN_POINT('Ctrl Pts',(-2.40207295023883,16.9904587789859,14.3803756595301));
#14074=CARTESIAN_POINT('Ctrl Pts',(-2.53218481677015,17.0087448093129,14.6973246482317));
#14075=CARTESIAN_POINT('Ctrl Pts',(-2.5751130884018,17.0147779844404,14.91505081423));
#14076=CARTESIAN_POINT('Ctrl Pts',(-2.5751130884018,17.0147779844404,15.10005066233));
#14077=CARTESIAN_POINT('',(-2.12673685237422,17.4566766002276,14.1001617226998));
#14078=CARTESIAN_POINT('Ctrl Pts',(-2.12673685237422,17.4566766002276,14.1001617226999));
#14079=CARTESIAN_POINT('Ctrl Pts',(-2.14212344890567,17.3813668651484,14.1002619768541));
#14080=CARTESIAN_POINT('Ctrl Pts',(-2.15538085979788,17.3058262105117,14.1003713494846));
#14081=CARTESIAN_POINT('Ctrl Pts',(-2.17947182626011,17.1403015050219,14.1004013573246));
#14082=CARTESIAN_POINT('Ctrl Pts',(-2.1893367329971,17.0512620730669,14.1002790963699));
#14083=CARTESIAN_POINT('Ctrl Pts',(-2.19632340285425,16.9615425658569,14.1001617226999));
#14084=CARTESIAN_POINT('',(-2.50552653792178,17.5099120188112,15.10005066233));
#14085=CARTESIAN_POINT('Ctrl Pts',(-2.50552653792178,17.5099120188112,15.10005066233));
#14086=CARTESIAN_POINT('Ctrl Pts',(-2.50552653792178,17.5099120188112,14.91505081423));
#14087=CARTESIAN_POINT('Ctrl Pts',(-2.46259826629012,17.5038788436837,14.6973246482317));
#14088=CARTESIAN_POINT('Ctrl Pts',(-2.33248639975881,17.4855928133567,14.3803756595301));
#14089=CARTESIAN_POINT('Ctrl Pts',(-2.23587238968214,17.4720145997366,14.2231754267415));
#14090=CARTESIAN_POINT('Ctrl Pts',(-2.12673685237422,17.4566766002276,14.1001617226998));
#14091=CARTESIAN_POINT('',(-2.47890206331301,17.6351703237046,15.10005066233));
#14092=CARTESIAN_POINT('Origin',(1.909004320162,16.637033274067,15.10005066233));
#14093=CARTESIAN_POINT('',(-2.11120767123178,17.5297356534059,14.1001617226998));
#14094=CARTESIAN_POINT('Ctrl Pts',(-2.11120767123177,17.5297356534059,14.1001617226998));
#14095=CARTESIAN_POINT('Ctrl Pts',(-2.21714647203858,17.5601131157101,14.2231754267415));
#14096=CARTESIAN_POINT('Ctrl Pts',(-2.31093051911557,17.5870052584672,14.3803756595301));
#14097=CARTESIAN_POINT('Ctrl Pts',(-2.43723122236104,17.623221402341,14.6973246482317));
#14098=CARTESIAN_POINT('Ctrl Pts',(-2.47890206331301,17.6351703237046,14.91505081423));
#14099=CARTESIAN_POINT('Ctrl Pts',(-2.47890206331301,17.6351703237046,15.10005066233));
#14100=CARTESIAN_POINT('',(-1.97338899332328,18.0103665013751,14.1001617226998));
#14101=CARTESIAN_POINT('Ctrl Pts',(-1.97338899332328,18.0103665013751,14.1001617226998));
#14102=CARTESIAN_POINT('Ctrl Pts',(-1.99929401013302,17.9374041808499,14.1002627061024));
#14103=CARTESIAN_POINT('Ctrl Pts',(-2.02312897671241,17.8638035534026,14.1003729531448));
#14104=CARTESIAN_POINT('Ctrl Pts',(-2.06999963734091,17.7030242386342,14.1003999829078));
#14105=CARTESIAN_POINT('Ctrl Pts',(-2.09197623398144,17.6168227160451,14.1002780452456));
#14106=CARTESIAN_POINT('Ctrl Pts',(-2.11120767123178,17.5297356534059,14.1001617226998));
#14107=CARTESIAN_POINT('',(-2.34108338540451,18.1158011716738,15.10005066233));
#14108=CARTESIAN_POINT('Ctrl Pts',(-2.34108338540451,18.1158011716738,15.10005066233));
#14109=CARTESIAN_POINT('Ctrl Pts',(-2.34108338540451,18.1158011716738,14.91505081423));
#14110=CARTESIAN_POINT('Ctrl Pts',(-2.29941254445254,18.1038522503101,14.6973246482317));
#14111=CARTESIAN_POINT('Ctrl Pts',(-2.17311184120708,18.0676361064364,14.3803756595301));
#14112=CARTESIAN_POINT('Ctrl Pts',(-2.07932779413009,18.0407439636793,14.2231754267415));
#14113=CARTESIAN_POINT('Ctrl Pts',(-1.97338899332328,18.0103665013751,14.1001617226998));
#14114=CARTESIAN_POINT('',(-2.29728543163941,18.2361350606617,15.10005066233));
#14115=CARTESIAN_POINT('Origin',(1.909004320162,16.637033274067,15.10005066233));
#14116=CARTESIAN_POINT('',(-1.94784308612019,18.0805533045751,14.1001617226999));
#14117=CARTESIAN_POINT('Ctrl Pts',(-1.94784308612019,18.0805533045751,14.1001617226999));
#14118=CARTESIAN_POINT('Ctrl Pts',(-2.04852317217177,18.1253789669246,14.2231754267415));
#14119=CARTESIAN_POINT('Ctrl Pts',(-2.1376518564505,18.1650616138493,14.3803756595301));
#14120=CARTESIAN_POINT('Ctrl Pts',(-2.25768309688637,18.2185029652245,14.6973246482317));
#14121=CARTESIAN_POINT('Ctrl Pts',(-2.29728543163941,18.2361350606617,14.91505081423));
#14122=CARTESIAN_POINT('Ctrl Pts',(-2.29728543163941,18.2361350606617,15.10005066233));
#14123=CARTESIAN_POINT('',(-1.7444747645823,18.5373260333964,14.1001617226999));
#14124=CARTESIAN_POINT('Ctrl Pts',(-1.7444747645823,18.5373260333964,14.1001617226999));
#14125=CARTESIAN_POINT('Ctrl Pts',(-1.78052985066054,18.4682040289539,14.1002634048968));
#14126=CARTESIAN_POINT('Ctrl Pts',(-1.81463312651887,18.3980775118336,14.1003744299585));
#14127=CARTESIAN_POINT('Ctrl Pts',(-1.88341247896766,18.2452250760099,14.1003986940096));
#14128=CARTESIAN_POINT('Ctrl Pts',(-1.91692957928742,18.1634434620209,14.1002771085726));
#14129=CARTESIAN_POINT('Ctrl Pts',(-1.94784308612019,18.0805533045751,14.1001617226999));
#14130=CARTESIAN_POINT('',(-2.09391711010151,18.692907789483,15.10005066233));
#14131=CARTESIAN_POINT('Ctrl Pts',(-2.09391711010151,18.692907789483,15.10005066233));
#14132=CARTESIAN_POINT('Ctrl Pts',(-2.09391711010151,18.692907789483,14.91505081423));
#14133=CARTESIAN_POINT('Ctrl Pts',(-2.05431477534848,18.6752756940458,14.6973246482317));
#14134=CARTESIAN_POINT('Ctrl Pts',(-1.93428353491261,18.6218343426706,14.3803756595301));
#14135=CARTESIAN_POINT('Ctrl Pts',(-1.84515485063388,18.5821516957459,14.2231754267415));
#14136=CARTESIAN_POINT('Ctrl Pts',(-1.7444747645823,18.5373260333964,14.1001617226999));
#14137=CARTESIAN_POINT('',(-2.03379815453067,18.8059751002941,15.10005066233));
#14138=CARTESIAN_POINT('Origin',(1.909004320162,16.637033274067,15.10005066233));
#14139=CARTESIAN_POINT('',(-1.70940935334422,18.6032744803301,14.1001617226998));
#14140=CARTESIAN_POINT('Ctrl Pts',(-2.03379815453067,18.8059751002941,15.10005066233));
#14141=CARTESIAN_POINT('Ctrl Pts',(-2.03379815453067,18.8059751002941,14.91505081423));
#14142=CARTESIAN_POINT('Ctrl Pts',(-1.99703514037555,18.7830030194648,14.6973246482317));
#14143=CARTESIAN_POINT('Ctrl Pts',(-1.88560963431085,18.713376635704,14.3803756595301));
#14144=CARTESIAN_POINT('Ctrl Pts',(-1.80287110128749,18.6616758621957,14.2231754267415));
#14145=CARTESIAN_POINT('Ctrl Pts',(-1.70940935334422,18.6032744803301,14.1001617226998));
#14146=CARTESIAN_POINT('',(-1.44444972122762,19.0272985284083,14.1001617226998));
#14147=CARTESIAN_POINT('Ctrl Pts',(-1.70940935334422,18.6032744803301,14.1001617226998));
#14148=CARTESIAN_POINT('Ctrl Pts',(-1.66801091854096,18.6796710189725,14.1002750545491));
#14149=CARTESIAN_POINT('Ctrl Pts',(-1.62422905764409,18.7547403832933,14.1003954033961));
#14150=CARTESIAN_POINT('Ctrl Pts',(-1.53496103189961,18.8967079412477,14.100378090115));
#14151=CARTESIAN_POINT('Ctrl Pts',(-1.49062134492465,18.9626810314135,14.1002653062157));
#14152=CARTESIAN_POINT('Ctrl Pts',(-1.44444972122762,19.0272985284083,14.1001617226998));
#14153=CARTESIAN_POINT('',(-1.76883852241407,19.2299991483723,15.10005066233));
#14154=CARTESIAN_POINT('Ctrl Pts',(-1.44444972122762,19.0272985284083,14.1001617226998));
#14155=CARTESIAN_POINT('Ctrl Pts',(-1.53791146917089,19.0856999102739,14.2231754267415));
#14156=CARTESIAN_POINT('Ctrl Pts',(-1.62065000219425,19.1374006837822,14.3803756595301));
#14157=CARTESIAN_POINT('Ctrl Pts',(-1.73207550825895,19.207027067543,14.6973246482317));
#14158=CARTESIAN_POINT('Ctrl Pts',(-1.76883852241407,19.2299991483723,14.91505081423));
#14159=CARTESIAN_POINT('Ctrl Pts',(-1.76883852241407,19.2299991483723,15.10005066233));
#14160=CARTESIAN_POINT('',(-1.69356871212338,19.3335991544137,15.10005066233));
#14161=CARTESIAN_POINT('Origin',(1.909004320162,16.637033274067,15.10005066233));
#14162=CARTESIAN_POINT('',(-1.400547314298,19.0877250075714,14.1001617226998));
#14163=CARTESIAN_POINT('Ctrl Pts',(-1.69356871212337,19.3335991544137,15.10005066233));
#14164=CARTESIAN_POINT('Ctrl Pts',(-1.69356871212337,19.3335991544137,14.91505081423));
#14165=CARTESIAN_POINT('Ctrl Pts',(-1.66036056881939,19.3057342136153,14.6973246482317));
#14166=CARTESIAN_POINT('Ctrl Pts',(-1.55970956785678,19.2212779958299,14.3803756595301));
#14167=CARTESIAN_POINT('Ctrl Pts',(-1.4849715975204,19.1585653924857,14.2231754267415));
#14168=CARTESIAN_POINT('Ctrl Pts',(-1.400547314298,19.0877250075714,14.1001617226998));
#14169=CARTESIAN_POINT('',(-1.07915350945474,19.4707472291309,14.1001617226998));
#14170=CARTESIAN_POINT('Ctrl Pts',(-1.400547314298,19.0877250075714,14.1001617226998));
#14171=CARTESIAN_POINT('Ctrl Pts',(-1.35023776925932,19.1558317943056,14.1002721605588));
#14172=CARTESIAN_POINT('Ctrl Pts',(-1.29782483118931,19.2224256741185,14.1003905014835));
#14173=CARTESIAN_POINT('Ctrl Pts',(-1.18985069406102,19.3507991018518,14.1003833054211));
#14174=CARTESIAN_POINT('Ctrl Pts',(-1.13535380800313,19.4116221545452,14.1002681175162));
#14175=CARTESIAN_POINT('Ctrl Pts',(-1.07915350945473,19.4707472291309,14.1001617226998));
#14176=CARTESIAN_POINT('',(-1.37217490728011,19.7166213759732,15.10005066233));
#14177=CARTESIAN_POINT('Ctrl Pts',(-1.07915350945474,19.4707472291309,14.1001617226999));
#14178=CARTESIAN_POINT('Ctrl Pts',(-1.16357779267714,19.5415876140452,14.2231754267415));
#14179=CARTESIAN_POINT('Ctrl Pts',(-1.23831576301352,19.6043002173894,14.3803756595301));
#14180=CARTESIAN_POINT('Ctrl Pts',(-1.33896676397613,19.6887564351748,14.6973246482317));
#14181=CARTESIAN_POINT('Ctrl Pts',(-1.37217490728011,19.7166213759732,14.91505081423));
#14182=CARTESIAN_POINT('Ctrl Pts',(-1.37217490728011,19.7166213759732,15.10005066233));
#14183=CARTESIAN_POINT('',(-1.28321928350874,19.8087376209706,15.10005066233));
#14184=CARTESIAN_POINT('Origin',(1.909004320162,16.637033274067,15.10005066233));
#14185=CARTESIAN_POINT('',(-1.0272686172462,19.5244756078406,14.1001617226998));
#14186=CARTESIAN_POINT('Ctrl Pts',(-1.28321928350874,19.8087376209706,15.10005066233));
#14187=CARTESIAN_POINT('Ctrl Pts',(-1.28321928350874,19.8087376209706,14.91505081423));
#14188=CARTESIAN_POINT('Ctrl Pts',(-1.2542123697916,19.7765221795798,14.6973246482317));
#14189=CARTESIAN_POINT('Ctrl Pts',(-1.16629493117599,19.6788799719816,14.3803756595301));
#14190=CARTESIAN_POINT('Ctrl Pts',(-1.10101221310601,19.606376168291,14.2231754267415));
#14191=CARTESIAN_POINT('Ctrl Pts',(-1.0272686172462,19.5244756078406,14.1001617226998));
#14192=CARTESIAN_POINT('',(-0.655696204507513,19.85904091102,14.1001617226998));
#14193=CARTESIAN_POINT('Ctrl Pts',(-1.0272686172462,19.5244756078406,14.1001617226998));
#14194=CARTESIAN_POINT('Ctrl Pts',(-0.96970336821714,19.5831510989664,14.1002689324182));
#14195=CARTESIAN_POINT('Ctrl Pts',(-0.91035550998701,19.6401573037817,14.1003847845881));
#14196=CARTESIAN_POINT('Ctrl Pts',(-0.785771837286859,19.7524899030532,
14.1003890644086));
#14197=CARTESIAN_POINT('Ctrl Pts',(-0.721510978209103,19.8067779942745,
14.1002713365634));
#14198=CARTESIAN_POINT('Ctrl Pts',(-0.655696204507514,19.85904091102,14.1001617226998));
#14199=CARTESIAN_POINT('',(-0.911646870770047,20.1433029241501,15.10005066233));
#14200=CARTESIAN_POINT('Ctrl Pts',(-0.655696204507513,19.85904091102,14.1001617226998));
#14201=CARTESIAN_POINT('Ctrl Pts',(-0.729439800367319,19.9409414714704,
14.2231754267415));
#14202=CARTESIAN_POINT('Ctrl Pts',(-0.794722518437299,20.013445275161,14.3803756595301));
#14203=CARTESIAN_POINT('Ctrl Pts',(-0.882639957052906,20.1110874827592,
14.6973246482317));
#14204=CARTESIAN_POINT('Ctrl Pts',(-0.911646870770047,20.1433029241501,
14.91505081423));
#14205=CARTESIAN_POINT('Ctrl Pts',(-0.911646870770047,20.1433029241501,
15.10005066233));
#14206=CARTESIAN_POINT('',(-0.810736853549179,20.2221424701753,15.10005066233));
#14207=CARTESIAN_POINT('Origin',(1.909004320162,16.637033274067,15.10005066233));
#14208=CARTESIAN_POINT('',(-0.59683870742872,19.9050254274999,14.1001617226998));
#14209=CARTESIAN_POINT('Ctrl Pts',(-0.810736853549178,20.2221424701753,
15.10005066233));
#14210=CARTESIAN_POINT('Ctrl Pts',(-0.810736853549178,20.2221424701753,
14.91505081423));
#14211=CARTESIAN_POINT('Ctrl Pts',(-0.786495755999511,20.1862035651142,
14.6973246482317));
#14212=CARTESIAN_POINT('Ctrl Pts',(-0.71302309266896,20.0772758622077,14.3803756595301));
#14213=CARTESIAN_POINT('Ctrl Pts',(-0.658466280714619,19.9963920622377,
14.2231754267415));
#14214=CARTESIAN_POINT('Ctrl Pts',(-0.596838707428719,19.9050254274999,
14.1001617226998));
#14215=CARTESIAN_POINT('',(-0.182319921151204,20.1846218792352,14.1001617226998));
#14216=CARTESIAN_POINT('Ctrl Pts',(-0.596838707428721,19.9050254274999,
14.1001617226998));
#14217=CARTESIAN_POINT('Ctrl Pts',(-0.533474349699349,19.9537296456822,
14.100265960272));
#14218=CARTESIAN_POINT('Ctrl Pts',(-0.468667500237007,20.0006320532787,
14.1003793196245));
#14219=CARTESIAN_POINT('Ctrl Pts',(-0.329853338780052,20.0947551735638,
14.1003942705062));
#14220=CARTESIAN_POINT('Ctrl Pts',(-0.256774516658981,20.1408473978095,
14.1002743727596));
#14221=CARTESIAN_POINT('Ctrl Pts',(-0.182319921151204,20.1846218792352,
14.1001617226998));
#14222=CARTESIAN_POINT('',(-0.396218067271663,20.5017389219107,15.10005066233));
#14223=CARTESIAN_POINT('Ctrl Pts',(-0.182319921151205,20.1846218792352,
14.1001617226998));
#14224=CARTESIAN_POINT('Ctrl Pts',(-0.243947494437104,20.2759885139731,
14.2231754267415));
#14225=CARTESIAN_POINT('Ctrl Pts',(-0.298504306391444,20.3568723139431,
14.3803756595301));
#14226=CARTESIAN_POINT('Ctrl Pts',(-0.371976969721995,20.4658000168496,
14.6973246482317));
#14227=CARTESIAN_POINT('Ctrl Pts',(-0.396218067271664,20.5017389219107,
14.91505081423));
#14228=CARTESIAN_POINT('Ctrl Pts',(-0.396218067271664,20.5017389219107,
15.10005066233));
#14229=CARTESIAN_POINT('',(-0.285317755303066,20.5657672468789,15.10005066233));
#14230=CARTESIAN_POINT('Origin',(1.909004320162,16.637033274067,15.10005066233));
#14231=CARTESIAN_POINT('',(-0.117635413433381,20.2219674971785,14.1001617226998));
#14232=CARTESIAN_POINT('Ctrl Pts',(-0.285317755303065,20.5657672468789,
15.10005066233));
#14233=CARTESIAN_POINT('Ctrl Pts',(-0.285317755303065,20.5657672468789,
14.91505081423));
#14234=CARTESIAN_POINT('Ctrl Pts',(-0.266314299310835,20.5268043880548,
14.6973246482317));
#14235=CARTESIAN_POINT('Ctrl Pts',(-0.208716473083152,20.4087113436736,
14.3803756595301));
#14236=CARTESIAN_POINT('Ctrl Pts',(-0.165947453531689,20.3210218585866,
14.2231754267415));
#14237=CARTESIAN_POINT('Ctrl Pts',(-0.117635413433381,20.2219674971785,
14.1001617226998));
#14238=CARTESIAN_POINT('',(0.3317616097162,20.4411530705731,14.1001617226998));
#14239=CARTESIAN_POINT('Ctrl Pts',(-0.117635413433381,20.2219674971785,
14.1001617226998));
#14240=CARTESIAN_POINT('Ctrl Pts',(-0.0495599134592174,20.2605568728083,
14.1002637855696));
#14241=CARTESIAN_POINT('Ctrl Pts',(0.0196091541628454,20.2972237635804,
14.1003751769816));
#14242=CARTESIAN_POINT('Ctrl Pts',(0.170015009495197,20.3712756764398,14.100398033389));
#14243=CARTESIAN_POINT('Ctrl Pts',(0.250316651234002,20.4074960903979,14.1002766628415));
#14244=CARTESIAN_POINT('Ctrl Pts',(0.3317616097162,20.4411530705731,14.1001617226998));
#14245=CARTESIAN_POINT('Ctrl Pts',(0.331761609716197,20.4411530705731,14.1001617226998));
#14246=CARTESIAN_POINT('Ctrl Pts',(0.283449569617891,20.5402074319812,14.2231754267415));
#14247=CARTESIAN_POINT('Ctrl Pts',(0.240680550066426,20.6278969170681,14.3803756595301));
#14248=CARTESIAN_POINT('Ctrl Pts',(0.183082723838743,20.7459899614493,14.6973246482317));
#14249=CARTESIAN_POINT('Ctrl Pts',(0.164079267846513,20.7849528202735,14.91505081423));
#14250=CARTESIAN_POINT('Ctrl Pts',(0.164079267846513,20.7849528202735,15.10005066233));
#14251=CARTESIAN_POINT('',(0.882592404439858,21.0184118903548,15.10005066233));
#14252=CARTESIAN_POINT('Origin',(1.909004320162,16.637033274067,15.10005066233));
#14253=CARTESIAN_POINT('',(0.949014962826448,20.6417108425644,14.1001617226999));
#14254=CARTESIAN_POINT('Ctrl Pts',(0.882592404439858,21.0184118903548,15.10005066233));
#14255=CARTESIAN_POINT('Ctrl Pts',(0.882592404439858,21.0184118903548,14.91505081423));
#14256=CARTESIAN_POINT('Ctrl Pts',(0.890120079394278,20.9757203242418,14.6973246482317));
#14257=CARTESIAN_POINT('Ctrl Pts',(0.912935809022638,20.8463258915991,14.3803756595301));
#14258=CARTESIAN_POINT('Ctrl Pts',(0.929877531487977,20.7502446089884,14.2231754267415));
#14259=CARTESIAN_POINT('Ctrl Pts',(0.949014962826447,20.6417108425644,14.1001617226999));
#14260=CARTESIAN_POINT('',(1.44141883933255,20.7285349313979,14.1001617226999));
#14261=CARTESIAN_POINT('Ctrl Pts',(0.949014962826448,20.6417108425644,14.1001617226999));
#14262=CARTESIAN_POINT('Ctrl Pts',(1.0234046436759,20.6596350909226,14.1002615244733));
#14263=CARTESIAN_POINT('Ctrl Pts',(1.09812659744384,20.6754656224327,14.1003705509572));
#14264=CARTESIAN_POINT('Ctrl Pts',(1.26275229705784,20.7053674767102,14.1004020398835));
#14265=CARTESIAN_POINT('Ctrl Pts',(1.35171111422026,20.7183889255797,14.1002794726962));
#14266=CARTESIAN_POINT('Ctrl Pts',(1.44141883933255,20.7285349313979,14.1001617226999));
#14267=CARTESIAN_POINT('',(1.37499628094596,21.1052359791882,15.10005066233));
#14268=CARTESIAN_POINT('Ctrl Pts',(1.44141883933255,20.7285349313979,14.1001617226999));
#14269=CARTESIAN_POINT('Ctrl Pts',(1.42228140799408,20.8370686978219,14.2231754267415));
#14270=CARTESIAN_POINT('Ctrl Pts',(1.40533968552874,20.9331499804326,14.3803756595301));
#14271=CARTESIAN_POINT('Ctrl Pts',(1.38252395590038,21.0625444130752,14.6973246482317));
#14272=CARTESIAN_POINT('Ctrl Pts',(1.37499628094596,21.1052359791882,14.91505081423));
#14273=CARTESIAN_POINT('Ctrl Pts',(1.37499628094596,21.1052359791882,15.10005066233));
#14274=CARTESIAN_POINT('',(1.50235142315538,21.1186215440173,15.10005066233));
#14275=CARTESIAN_POINT('Origin',(1.909004320162,16.637033274067,15.10005066233));
#14276=CARTESIAN_POINT('',(1.51570090881386,20.7363422915046,14.1001617226998));
#14277=CARTESIAN_POINT('Ctrl Pts',(1.50235142315538,21.1186215440173,15.10005066233));
#14278=CARTESIAN_POINT('Ctrl Pts',(1.50235142315538,21.1186215440173,14.91505081423));
#14279=CARTESIAN_POINT('Ctrl Pts',(1.50386432165382,21.0752977994246,14.6973246482317));
#14280=CARTESIAN_POINT('Ctrl Pts',(1.50844978573199,20.9439872886626,14.3803756595301));
#14281=CARTESIAN_POINT('Ctrl Pts',(1.51185470247374,20.8464832304384,14.2231754267415));
#14282=CARTESIAN_POINT('Ctrl Pts',(1.51570090881385,20.7363422915046,14.1001617226998));
#14283=CARTESIAN_POINT('',(2.0153963223234,20.7537920398559,14.1001617226998));
#14284=CARTESIAN_POINT('Ctrl Pts',(1.51570090881385,20.7363422915046,14.1001617226998));
#14285=CARTESIAN_POINT('Ctrl Pts',(1.59597087756065,20.7441381952085,14.1002669098558));
#14286=CARTESIAN_POINT('Ctrl Pts',(1.67612460283137,20.7495650117875,14.1003803052637));
#14287=CARTESIAN_POINT('Ctrl Pts',(1.84314278237484,20.7557532176372,14.1003933467188));
#14288=CARTESIAN_POINT('Ctrl Pts',(1.9290719237616,20.7561237307951,14.1002743549883));
#14289=CARTESIAN_POINT('Ctrl Pts',(2.0153963223234,20.7537920398559,14.1001617226998));
#14290=CARTESIAN_POINT('',(2.00204683666493,21.1360712923686,15.10005066233));
#14291=CARTESIAN_POINT('Ctrl Pts',(2.0153963223234,20.7537920398559,14.1001617226998));
#14292=CARTESIAN_POINT('Ctrl Pts',(2.01155011598329,20.8639329787897,14.2231754267415));
#14293=CARTESIAN_POINT('Ctrl Pts',(2.00814519924153,20.9614370370139,14.3803756595301));
#14294=CARTESIAN_POINT('Ctrl Pts',(2.00355973516337,21.0927475477759,14.6973246482317));
#14295=CARTESIAN_POINT('Ctrl Pts',(2.00204683666493,21.1360712923686,14.91505081423));
#14296=CARTESIAN_POINT('Ctrl Pts',(2.00204683666493,21.1360712923686,15.10005066233));
#14297=CARTESIAN_POINT('',(2.13002547795033,21.1316021797364,15.10005066233));
#14298=CARTESIAN_POINT('Origin',(1.909004320162,16.637033274067,15.10005066233));
#14299=CARTESIAN_POINT('',(2.09004205832716,20.7511853533154,14.1001617226999));
#14300=CARTESIAN_POINT('Ctrl Pts',(2.13002547795033,21.1316021797364,15.10005066233));
#14301=CARTESIAN_POINT('Ctrl Pts',(2.13002547795033,21.1316021797364,14.91505081423));
#14302=CARTESIAN_POINT('Ctrl Pts',(2.12549415314442,21.0884895040724,14.6973246482317));
#14303=CARTESIAN_POINT('Ctrl Pts',(2.11176010082999,20.9578187249196,14.3803756595301));
#14304=CARTESIAN_POINT('Ctrl Pts',(2.10156193901682,20.860789696666,14.2231754267415));
#14305=CARTESIAN_POINT('Ctrl Pts',(2.09004205832716,20.7511853533154,14.1001617226999));
#14306=CARTESIAN_POINT('',(2.58730300601129,20.6989211216816,14.1001617226999));
#14307=CARTESIAN_POINT('Ctrl Pts',(2.09004205832716,20.7511853533154,14.1001617226999));
#14308=CARTESIAN_POINT('Ctrl Pts',(2.17938349257508,20.747358403389,14.100278355839));
#14309=CARTESIAN_POINT('Ctrl Pts',(2.26812152302618,20.7406693014301,14.100400085756));
#14310=CARTESIAN_POINT('Ctrl Pts',(2.43434384280944,20.7224499650178,14.1003728235683));
#14311=CARTESIAN_POINT('Ctrl Pts',(2.51088604340585,20.7117736985001,14.1002627917337));
#14312=CARTESIAN_POINT('Ctrl Pts',(2.58730300601129,20.6989211216816,14.1001617226999));
#14313=CARTESIAN_POINT('',(2.62728642563447,21.0793379481025,15.10005066233));
#14314=CARTESIAN_POINT('Ctrl Pts',(2.58730300601129,20.6989211216816,14.1001617226999));
#14315=CARTESIAN_POINT('Ctrl Pts',(2.59882288670096,20.8085254650322,14.2231754267415));
#14316=CARTESIAN_POINT('Ctrl Pts',(2.60902104851413,20.9055544932858,14.3803756595301));
#14317=CARTESIAN_POINT('Ctrl Pts',(2.62275510082855,21.0362252724386,14.6973246482317));
#14318=CARTESIAN_POINT('Ctrl Pts',(2.62728642563447,21.0793379481025,14.91505081423));
#14319=CARTESIAN_POINT('Ctrl Pts',(2.62728642563447,21.0793379481025,15.10005066233));
#14320=CARTESIAN_POINT('',(2.75339760731677,21.0571011442029,15.10005066233));
#14321=CARTESIAN_POINT('Origin',(1.909004320162,16.637033274067,15.10005066233));
#14322=CARTESIAN_POINT('',(2.66085951419445,20.6859511246822,14.1001617226998));
#14323=CARTESIAN_POINT('Ctrl Pts',(2.75339760731677,21.0571011442029,15.10005066233));
#14324=CARTESIAN_POINT('Ctrl Pts',(2.75339760731677,21.0571011442029,14.91505081423));
#14325=CARTESIAN_POINT('Ctrl Pts',(2.74291025628954,21.0150386766596,14.6973246482317));
#14326=CARTESIAN_POINT('Ctrl Pts',(2.71112400528857,20.8875509871963,14.3803756595301));
#14327=CARTESIAN_POINT('Ctrl Pts',(2.68752126053994,20.7928855485794,14.2231754267415));
#14328=CARTESIAN_POINT('Ctrl Pts',(2.66085951419445,20.6859511246822,14.1001617226998));
#14329=CARTESIAN_POINT('',(3.14600737733245,20.5649901768823,14.1001617226998));
#14330=CARTESIAN_POINT('Ctrl Pts',(2.66085951419445,20.6859511246822,14.1001617226998));
#14331=CARTESIAN_POINT('Ctrl Pts',(2.74918485822039,20.6696562852494,14.1002788677645));
#14332=CARTESIAN_POINT('Ctrl Pts',(2.83666052853323,20.6505571492769,14.1004012349738));
#14333=CARTESIAN_POINT('Ctrl Pts',(2.99892028438306,20.6092639179485,14.1003714989635));
#14334=CARTESIAN_POINT('Ctrl Pts',(3.07274571958708,20.5881558987273,14.1002619396663));
#14335=CARTESIAN_POINT('Ctrl Pts',(3.14600737733245,20.5649901768823,14.1001617226998));
#14336=CARTESIAN_POINT('',(3.23854547045477,20.9361401964031,15.10005066233));
#14337=CARTESIAN_POINT('Ctrl Pts',(3.14600737733245,20.5649901768823,14.1001617226999));
#14338=CARTESIAN_POINT('Ctrl Pts',(3.17266912367793,20.6719246007796,14.2231754267415));
#14339=CARTESIAN_POINT('Ctrl Pts',(3.19627186842657,20.7665900393965,14.3803756595301));
#14340=CARTESIAN_POINT('Ctrl Pts',(3.22805811942754,20.8940777288598,14.6973246482317));
#14341=CARTESIAN_POINT('Ctrl Pts',(3.23854547045477,20.9361401964031,14.91505081423));
#14342=CARTESIAN_POINT('Ctrl Pts',(3.23854547045477,20.9361401964031,15.10005066233));
#14343=CARTESIAN_POINT('',(3.36033458183187,20.89656851533,15.10005066233));
#14344=CARTESIAN_POINT('Origin',(1.909004320162,16.637033274067,15.10005066233));
#14345=CARTESIAN_POINT('',(3.21704296393251,20.5419093156625,14.1001617226998));
#14346=CARTESIAN_POINT('Ctrl Pts',(3.36033458183187,20.89656851533,15.10005066233));
#14347=CARTESIAN_POINT('Ctrl Pts',(3.36033458183187,20.89656851533,14.91505081423));
#14348=CARTESIAN_POINT('Ctrl Pts',(3.34409532894189,20.8563749539927,14.6973246482317));
#14349=CARTESIAN_POINT('Ctrl Pts',(3.29487556247379,20.7345517570793,14.3803756595301));
#14350=CARTESIAN_POINT('Ctrl Pts',(3.25832763536849,20.6440924631813,14.2231754267415));
#14351=CARTESIAN_POINT('Ctrl Pts',(3.21704296393251,20.5419093156625,14.1001617226998));
#14352=CARTESIAN_POINT('',(3.68063489121591,20.3546060189546,14.1001617226998));
#14353=CARTESIAN_POINT('Ctrl Pts',(3.21704296393251,20.5419093156625,14.1001617226998));
#14354=CARTESIAN_POINT('Ctrl Pts',(3.30121635449677,20.5138224232723,14.100277459001));
#14355=CARTESIAN_POINT('Ctrl Pts',(3.3843305940715,20.483091239247,14.1003992092276));
#14356=CARTESIAN_POINT('Ctrl Pts',(3.53946271442028,20.4196667707115,14.1003738411221));
#14357=CARTESIAN_POINT('Ctrl Pts',(3.61052896535404,20.3881157931509,14.1002630691148));
#14358=CARTESIAN_POINT('Ctrl Pts',(3.68063489121591,20.3546060189546,14.1001617226998));
#14359=CARTESIAN_POINT('',(3.82392650911527,20.709265218622,15.10005066233));
#14360=CARTESIAN_POINT('Ctrl Pts',(3.68063489121591,20.3546060189546,14.1001617226998));
#14361=CARTESIAN_POINT('Ctrl Pts',(3.72191956265189,20.4567891664734,14.2231754267415));
#14362=CARTESIAN_POINT('Ctrl Pts',(3.75846748975718,20.5472484603713,14.3803756595301));
#14363=CARTESIAN_POINT('Ctrl Pts',(3.80768725622529,20.6690716572847,14.6973246482317));
#14364=CARTESIAN_POINT('Ctrl Pts',(3.82392650911527,20.709265218622,14.91505081423));
#14365=CARTESIAN_POINT('Ctrl Pts',(3.82392650911527,20.709265218622,15.10005066233));
#14366=CARTESIAN_POINT('',(3.93902306366727,20.6531288781354,15.10005066233));
#14367=CARTESIAN_POINT('Origin',(1.909004320162,16.637033274067,15.10005066233));
#14368=CARTESIAN_POINT('',(3.74776692934148,20.3218635362239,14.1001617226999));
#14369=CARTESIAN_POINT('Ctrl Pts',(3.93902306366727,20.6531288781354,15.10005066233));
#14370=CARTESIAN_POINT('Ctrl Pts',(3.93902306366727,20.6531288781354,14.91505081423));
#14371=CARTESIAN_POINT('Ctrl Pts',(3.91734798750016,20.615586544956,14.6973246482317));
#14372=CARTESIAN_POINT('Ctrl Pts',(3.85165271233257,20.5017989905485,14.3803756595301));
#14373=CARTESIAN_POINT('Ctrl Pts',(3.80287096669906,20.4173065286294,14.2231754267415));
#14374=CARTESIAN_POINT('Ctrl Pts',(3.74776692934148,20.3218635362239,14.1001617226998));
#14375=CARTESIAN_POINT('',(4.1807796312337,20.0718635362239,14.1001617226999));
#14376=CARTESIAN_POINT('Ctrl Pts',(3.74776692934148,20.3218635362239,14.1001617226999));
#14377=CARTESIAN_POINT('Ctrl Pts',(3.82597972114187,20.2829485402485,14.1002756635043));
#14378=CARTESIAN_POINT('Ctrl Pts',(3.90291612235304,20.2415891617737,14.1003963997148));
#14379=CARTESIAN_POINT('Ctrl Pts',(4.04786859644829,20.1572895520454,14.1003769961752));
#14380=CARTESIAN_POINT('Ctrl Pts',(4.11495848459948,20.115507670503,14.1002647297593));
#14381=CARTESIAN_POINT('Ctrl Pts',(4.1807796312337,20.0718635362239,14.1001617226999));
#14382=CARTESIAN_POINT('',(4.37203576555949,20.4031288781354,15.10005066233));
#14383=CARTESIAN_POINT('Ctrl Pts',(4.1807796312337,20.0718635362239,14.1001617226999));
#14384=CARTESIAN_POINT('Ctrl Pts',(4.23588366859129,20.1673065286294,14.2231754267415));
#14385=CARTESIAN_POINT('Ctrl Pts',(4.28466541422479,20.2517989905485,14.3803756595301));
#14386=CARTESIAN_POINT('Ctrl Pts',(4.35036068939238,20.365586544956,14.6973246482317));
#14387=CARTESIAN_POINT('Ctrl Pts',(4.37203576555949,20.4031288781354,14.91505081423));
#14388=CARTESIAN_POINT('Ctrl Pts',(4.37203576555949,20.4031288781354,15.10005066233));
#14389=CARTESIAN_POINT('',(4.47819953977244,20.3315205082486,15.10005066233));
#14390=CARTESIAN_POINT('Origin',(1.909004320162,16.637033274067,15.10005066233));
#14391=CARTESIAN_POINT('',(4.24270147212424,20.0300967271647,14.1001617226998));
#14392=CARTESIAN_POINT('Ctrl Pts',(4.47819953977244,20.3315205082486,15.10005066233));
#14393=CARTESIAN_POINT('Ctrl Pts',(4.47819953977244,20.3315205082486,14.91505081423));
#14394=CARTESIAN_POINT('Ctrl Pts',(4.45151052103076,20.2973601220388,14.6973246482317));
#14395=CARTESIAN_POINT('Ctrl Pts',(4.37061842096755,20.1938229554523,14.3803756595301));
#14396=CARTESIAN_POINT('Ctrl Pts',(4.31055233799618,20.1169418751745,14.2231754267415));
#14397=CARTESIAN_POINT('Ctrl Pts',(4.24270147212424,20.0300967271647,14.1001617226998));
#14398=CARTESIAN_POINT('',(4.6367068489276,19.7222659895018,14.1001617226998));
#14399=CARTESIAN_POINT('Ctrl Pts',(4.24270147212424,20.0300967271647,14.1001617226998));
#14400=CARTESIAN_POINT('Ctrl Pts',(4.31301371692715,19.9818577465347,14.100272937454));
#14401=CARTESIAN_POINT('Ctrl Pts',(4.38185672869794,19.9314406131403,14.1003918406589));
#14402=CARTESIAN_POINT('Ctrl Pts',(4.51386861626583,19.8279579886923,14.1003819071902));
#14403=CARTESIAN_POINT('Ctrl Pts',(4.57609437291329,19.7759805134651,14.1002673542962));
#14404=CARTESIAN_POINT('Ctrl Pts',(4.6367068489276,19.7222659895018,14.1001617226998));
#14405=CARTESIAN_POINT('',(4.8722049165758,20.0236897705858,15.10005066233));
#14406=CARTESIAN_POINT('Ctrl Pts',(4.6367068489276,19.7222659895018,14.1001617226998));
#14407=CARTESIAN_POINT('Ctrl Pts',(4.70455771479955,19.8091111375117,14.2231754267415));
#14408=CARTESIAN_POINT('Ctrl Pts',(4.76462379777092,19.8859922177895,14.3803756595301));
#14409=CARTESIAN_POINT('Ctrl Pts',(4.84551589783413,19.9895293843759,14.6973246482317));
#14410=CARTESIAN_POINT('Ctrl Pts',(4.8722049165758,20.0236897705858,14.91505081423));
#14411=CARTESIAN_POINT('Ctrl Pts',(4.8722049165758,20.0236897705858,15.10005066233));
#14412=CARTESIAN_POINT('',(4.96736955334413,19.9380031467654,15.10005066233));
#14413=CARTESIAN_POINT('Origin',(1.909004320162,16.637033274067,15.10005066233));
#14414=CARTESIAN_POINT('',(4.69221325438522,19.6722877975434,14.1001617226998));
#14415=CARTESIAN_POINT('Ctrl Pts',(4.96736955334413,19.9380031467654,15.10005066233));
#14416=CARTESIAN_POINT('Ctrl Pts',(4.96736955334413,19.9380031467654,14.91505081423));
#14417=CARTESIAN_POINT('Ctrl Pts',(4.93618606341939,19.9078896005858,14.6973246482317));
#14418=CARTESIAN_POINT('Ctrl Pts',(4.84167161117489,19.8166180549963,14.3803756595301));
#14419=CARTESIAN_POINT('Ctrl Pts',(4.77149030884654,19.7488447591364,14.2231754267415));
#14420=CARTESIAN_POINT('Ctrl Pts',(4.69221325438522,19.6722877975434,14.1001617226998));
#14421=CARTESIAN_POINT('',(5.03954243961472,19.3126178973741,14.1001617226998));
#14422=CARTESIAN_POINT('Ctrl Pts',(4.69221325438522,19.6722877975434,14.1001617226998));
#14423=CARTESIAN_POINT('Ctrl Pts',(4.75331816196469,19.6163880567898,14.1002697387824));
#14424=CARTESIAN_POINT('Ctrl Pts',(4.81279027144007,19.5586229766148,14.1003862343605));
#14425=CARTESIAN_POINT('Ctrl Pts',(4.9293475318623,19.4379793570199,14.1003876351935));
#14426=CARTESIAN_POINT('Ctrl Pts',(4.98541784311514,19.3760955360854,14.1002705256651));
#14427=CARTESIAN_POINT('Ctrl Pts',(5.03954243961472,19.3126178973741,14.1001617226998));
#14428=CARTESIAN_POINT('',(5.31469873857363,19.5783332465961,15.10005066233));
#14429=CARTESIAN_POINT('Ctrl Pts',(5.03954243961472,19.3126178973741,14.1001617226998));
#14430=CARTESIAN_POINT('Ctrl Pts',(5.11881949407604,19.3891748589671,14.2231754267415));
#14431=CARTESIAN_POINT('Ctrl Pts',(5.18900079640439,19.4569481548269,14.3803756595301));
#14432=CARTESIAN_POINT('Ctrl Pts',(5.28351524864889,19.5482197004165,14.6973246482317));
#14433=CARTESIAN_POINT('Ctrl Pts',(5.31469873857363,19.5783332465961,14.91505081423));
#14434=CARTESIAN_POINT('Ctrl Pts',(5.31469873857363,19.5783332465961,15.10005066233));
#14435=CARTESIAN_POINT('',(5.39701196649083,19.4802361615078,15.10005066233));
#14436=CARTESIAN_POINT('Origin',(1.909004320162,16.637033274067,15.10005066233));
#14437=CARTESIAN_POINT('',(5.08755304059478,19.2554010911735,14.1001617226998));
#14438=CARTESIAN_POINT('Ctrl Pts',(5.39701196649083,19.4802361615078,15.10005066233));
#14439=CARTESIAN_POINT('Ctrl Pts',(5.39701196649083,19.4802361615078,14.91505081423));
#14440=CARTESIAN_POINT('Ctrl Pts',(5.36194095654371,19.4547555812811,14.6973246482317));
#14441=CARTESIAN_POINT('Ctrl Pts',(5.25564376842226,19.3775261535035,14.3803756595301));
#14442=CARTESIAN_POINT('Ctrl Pts',(5.1767132459567,19.3201797721746,14.2231754267415));
#14443=CARTESIAN_POINT('Ctrl Pts',(5.08755304059478,19.2554010911735,14.1001617226998));
#14444=CARTESIAN_POINT('',(5.38144566674102,18.850892593986,14.1001617226998));
#14445=CARTESIAN_POINT('Ctrl Pts',(5.08755304059478,19.2554010911735,14.1001617226998));
#14446=CARTESIAN_POINT('Ctrl Pts',(5.13877447164413,19.1933687772586,14.1002666475246));
#14447=CARTESIAN_POINT('Ctrl Pts',(5.18822559638376,19.1298079675161,14.1003806007185));
#14448=CARTESIAN_POINT('Ctrl Pts',(5.2870884430929,18.994313568644,14.1003930752828));
#14449=CARTESIAN_POINT('Ctrl Pts',(5.33539162847247,18.9233146212705,14.100273662521));
#14450=CARTESIAN_POINT('Ctrl Pts',(5.38144566674103,18.850892593986,14.1001617226998));
#14451=CARTESIAN_POINT('',(5.69090459263707,19.0757276643203,15.10005066233));
#14452=CARTESIAN_POINT('Ctrl Pts',(5.38144566674102,18.850892593986,14.1001617226998));
#14453=CARTESIAN_POINT('Ctrl Pts',(5.47060587210294,18.9156712749871,14.2231754267415));
#14454=CARTESIAN_POINT('Ctrl Pts',(5.5495363945685,18.973017656316,14.3803756595301));
#14455=CARTESIAN_POINT('Ctrl Pts',(5.65583358268995,19.0502470840936,14.6973246482317));
#14456=CARTESIAN_POINT('Ctrl Pts',(5.69090459263707,19.0757276643203,14.91505081423));
#14457=CARTESIAN_POINT('Ctrl Pts',(5.69090459263707,19.0757276643203,15.10005066233));
#14458=CARTESIAN_POINT('',(5.75876427835162,18.9671294661414,15.10005066233));
#14459=CARTESIAN_POINT('Origin',(1.909004320162,16.637033274067,15.10005066233));
#14460=CARTESIAN_POINT('',(5.4210259915067,18.7875508335928,14.1001617226998));
#14461=CARTESIAN_POINT('Ctrl Pts',(5.75876427835162,18.9671294661414,15.10005066233));
#14462=CARTESIAN_POINT('Ctrl Pts',(5.75876427835162,18.9671294661414,14.91505081423));
#14463=CARTESIAN_POINT('Ctrl Pts',(5.72048836569806,18.9467778023781,14.6973246482317));
#14464=CARTESIAN_POINT('Ctrl Pts',(5.6044773955552,18.8850936753769,14.3803756595301));
#14465=CARTESIAN_POINT('Ctrl Pts',(5.51833394579008,18.839290390661,14.2231754267415));
#14466=CARTESIAN_POINT('Ctrl Pts',(5.4210259915067,18.7875508335928,14.1001617226998));
#14467=CARTESIAN_POINT('',(5.65576177289965,18.3460770371634,14.1001617226998));
#14468=CARTESIAN_POINT('Ctrl Pts',(5.42102599150671,18.7875508335928,14.1001617226998));
#14469=CARTESIAN_POINT('Ctrl Pts',(5.46214619170426,18.720572754578,14.100264230628));
#14470=CARTESIAN_POINT('Ctrl Pts',(5.50137364924859,18.6524130290315,14.1003760391764));
#14471=CARTESIAN_POINT('Ctrl Pts',(5.58060539156946,18.5046335037129,14.1003972644702));
#14472=CARTESIAN_POINT('Ctrl Pts',(5.61944546656981,18.4259402861831,14.1002761506394));
#14473=CARTESIAN_POINT('Ctrl Pts',(5.65576177289965,18.3460770371634,14.1001617226998));
#14474=CARTESIAN_POINT('',(5.99350005974457,18.525655669712,15.10005066233));
#14475=CARTESIAN_POINT('Ctrl Pts',(5.65576177289965,18.3460770371634,14.1001617226998));
#14476=CARTESIAN_POINT('Ctrl Pts',(5.75306972718303,18.3978165942315,14.2231754267415));
#14477=CARTESIAN_POINT('Ctrl Pts',(5.83921317694815,18.4436198789475,14.3803756595301));
#14478=CARTESIAN_POINT('Ctrl Pts',(5.95522414709101,18.5053040059486,14.6973246482317));
#14479=CARTESIAN_POINT('Ctrl Pts',(5.99350005974457,18.525655669712,14.91505081423));
#14480=CARTESIAN_POINT('Ctrl Pts',(5.99350005974457,18.525655669712,15.10005066233));
#14481=CARTESIAN_POINT('',(6.04558539166331,18.4086700988415,15.10005066233));
#14482=CARTESIAN_POINT('Origin',(1.909004320162,16.637033274067,15.10005066233));
#14483=CARTESIAN_POINT('',(5.68614143545134,18.2778431978935,14.1001617226999));
#14484=CARTESIAN_POINT('Ctrl Pts',(5.68614143545135,18.2778431978935,14.1001617226999));
#14485=CARTESIAN_POINT('Ctrl Pts',(5.78970315001222,18.3155365794032,14.2231754267415));
#14486=CARTESIAN_POINT('Ctrl Pts',(5.88138284281393,18.3489052586697,14.3803756595301));
#14487=CARTESIAN_POINT('Ctrl Pts',(6.0048495734049,18.393843473527,14.6973246482317));
#14488=CARTESIAN_POINT('Ctrl Pts',(6.04558539166331,18.4086700988415,14.91505081423));
#14489=CARTESIAN_POINT('Ctrl Pts',(6.04558539166331,18.4086700988415,15.10005066233));
#14490=CARTESIAN_POINT('',(5.85715150711418,17.8079968875005,14.1001617226999));
#14491=CARTESIAN_POINT('Ctrl Pts',(5.85715150711418,17.8079968875005,14.1001617226999));
#14492=CARTESIAN_POINT('Ctrl Pts',(5.83196488969847,17.8932835772987,14.1002777097203));
#14493=CARTESIAN_POINT('Ctrl Pts',(5.80409177055495,17.9775835673287,14.1003995862143));
#14494=CARTESIAN_POINT('Ctrl Pts',(5.74611190231925,18.1347921896247,14.1003734114681));
#14495=CARTESIAN_POINT('Ctrl Pts',(5.71712785990253,18.2067396367891,14.1002628853915));
#14496=CARTESIAN_POINT('Ctrl Pts',(5.68614143545134,18.2778431978935,14.1001617226999));
#14497=CARTESIAN_POINT('',(6.21659546332615,17.9388237884486,15.10005066233));
#14498=CARTESIAN_POINT('Ctrl Pts',(6.21659546332615,17.9388237884486,15.10005066233));
#14499=CARTESIAN_POINT('Ctrl Pts',(6.21659546332615,17.9388237884486,14.91505081423));
#14500=CARTESIAN_POINT('Ctrl Pts',(6.17585964506774,17.923997163134,14.6973246482317));
#14501=CARTESIAN_POINT('Ctrl Pts',(6.05239291447677,17.8790589482767,14.3803756595301));
#14502=CARTESIAN_POINT('Ctrl Pts',(5.96071322167505,17.8456902690102,14.2231754267415));
#14503=CARTESIAN_POINT('Ctrl Pts',(5.85715150711418,17.8079968875005,14.1001617226999));
#14504=CARTESIAN_POINT('',(6.25189265970945,17.8157278359543,15.10005066233));
#14505=CARTESIAN_POINT('Origin',(1.909004320162,16.637033274067,15.10005066233));
#14506=CARTESIAN_POINT('',(5.87773920187666,17.7361990634205,14.1001617226998));
#14507=CARTESIAN_POINT('Ctrl Pts',(5.87773920187666,17.7361990634205,14.1001617226998));
#14508=CARTESIAN_POINT('Ctrl Pts',(5.9855389657408,17.7591126105763,14.2231754267415));
#14509=CARTESIAN_POINT('Ctrl Pts',(6.08097046064284,17.7793972010077,14.3803756595301));
#14510=CARTESIAN_POINT('Ctrl Pts',(6.20948981221229,17.8067148324853,14.6973246482317));
#14511=CARTESIAN_POINT('Ctrl Pts',(6.25189265970945,17.8157278359544,14.91505081423));
#14512=CARTESIAN_POINT('Ctrl Pts',(6.25189265970945,17.8157278359544,15.10005066233));
#14513=CARTESIAN_POINT('',(5.98169504728555,17.2471252630536,14.1001617226999));
#14514=CARTESIAN_POINT('Ctrl Pts',(5.98169504728555,17.2471252630536,14.1001617226999));
#14515=CARTESIAN_POINT('Ctrl Pts',(5.96842931803979,17.3363916116385,14.100279429659));
#14516=CARTESIAN_POINT('Ctrl Pts',(5.95231163295308,17.4248512666524,14.1004020532669));
#14517=CARTESIAN_POINT('Ctrl Pts',(5.91666399874205,17.5884165287232,14.1003705317814));
#14518=CARTESIAN_POINT('Ctrl Pts',(5.89822156167704,17.662577768642,14.1002613924455));
#14519=CARTESIAN_POINT('Ctrl Pts',(5.87773920187666,17.7361990634205,14.1001617226999));
#14520=CARTESIAN_POINT('',(6.35584850511833,17.3266540355875,15.10005066233));
#14521=CARTESIAN_POINT('Ctrl Pts',(6.35584850511833,17.3266540355875,15.10005066233));
#14522=CARTESIAN_POINT('Ctrl Pts',(6.35584850511833,17.3266540355875,14.91505081423));
#14523=CARTESIAN_POINT('Ctrl Pts',(6.31344565762118,17.3176410321184,14.6973246482317));
#14524=CARTESIAN_POINT('Ctrl Pts',(6.18492630605172,17.2903234006408,14.3803756595301));
#14525=CARTESIAN_POINT('Ctrl Pts',(6.08949481114969,17.2700388102094,14.2231754267415));
#14526=CARTESIAN_POINT('Ctrl Pts',(5.98169504728555,17.2471252630536,14.1001617226999));
#14527=CARTESIAN_POINT('',(6.37367054618857,17.1998436241653,15.10005066233));
#14528=CARTESIAN_POINT('Origin',(1.909004320162,16.637033274067,15.10005066233));
#14529=CARTESIAN_POINT('',(5.99209005819842,17.1731609171403,14.1001617226999));
#14530=CARTESIAN_POINT('Ctrl Pts',(5.99209005819842,17.1731609171403,14.1001617226999));
#14531=CARTESIAN_POINT('Ctrl Pts',(6.10202967158263,17.1808486438105,14.2231754267415));
#14532=CARTESIAN_POINT('Ctrl Pts',(6.19935550308843,17.1876543289275,14.3803756595301));
#14533=CARTESIAN_POINT('Ctrl Pts',(6.33042599264667,17.1968196704021,14.6973246482317));
#14534=CARTESIAN_POINT('Ctrl Pts',(6.37367054618857,17.1998436241653,14.91505081423));
#14535=CARTESIAN_POINT('Ctrl Pts',(6.37367054618857,17.1998436241653,15.10005066233));
#14536=CARTESIAN_POINT('',(6.02696829507049,16.6743788920103,14.1001617226999));
#14537=CARTESIAN_POINT('Ctrl Pts',(6.02696829507049,16.6743788920103,14.1001617226999));
#14538=CARTESIAN_POINT('Ctrl Pts',(6.026266767942,16.7631515108051,14.1002775107045));
#14539=CARTESIAN_POINT('Ctrl Pts',(6.02272581793333,16.8513991697127,14.1003986359518));
#14540=CARTESIAN_POINT('Ctrl Pts',(6.01040715957196,17.0181108345719,14.1003744796539));
#14541=CARTESIAN_POINT('Ctrl Pts',(6.00236053511259,17.0956427176198,14.1002637117081));
#14542=CARTESIAN_POINT('Ctrl Pts',(5.99209005819842,17.1731609171403,14.1001617226999));
#14543=CARTESIAN_POINT('',(6.40854878306063,16.7010615990353,15.10005066233));
#14544=CARTESIAN_POINT('Ctrl Pts',(6.40854878306063,16.7010615990353,15.10005066233));
#14545=CARTESIAN_POINT('Ctrl Pts',(6.40854878306063,16.7010615990353,14.91505081423));
#14546=CARTESIAN_POINT('Ctrl Pts',(6.36530422951873,16.6980376452722,14.6973246482317));
#14547=CARTESIAN_POINT('Ctrl Pts',(6.2342337399605,16.6888723037976,14.3803756595301));
#14548=CARTESIAN_POINT('Ctrl Pts',(6.1369079084547,16.6820666186806,14.2231754267415));
#14549=CARTESIAN_POINT('Ctrl Pts',(6.02696829507049,16.6743788920103,14.1001617226998));
#14550=CARTESIAN_POINT('Origin',(1.909004320162,16.637033274067,15.10005066233));
#14551=CARTESIAN_POINT('Origin',(1.09109462563551,17.9190331542743,26.10005066233));
#14552=CARTESIAN_POINT('',(-0.911646870770047,20.1433029241501,26.10005066233));
#14553=CARTESIAN_POINT('',(-0.983210254076952,20.2227821132542,14.60005066233));
#14554=CARTESIAN_POINT('Origin',(-0.648644950897521,19.8512097005155,14.60005066233));
#14555=CARTESIAN_POINT('',(-0.983210254076952,20.2227821132542,26.30005066233));
#14556=CARTESIAN_POINT('',(-0.983210254076952,20.2227821132542,26.10005066233));
#14557=CARTESIAN_POINT('Origin',(-0.648644950897521,19.8512097005155,26.30005066233));
#14558=CARTESIAN_POINT('Origin',(-0.741538054082196,19.7675683747207,14.60005066233));
#14559=CARTESIAN_POINT('',(-1.35478266681565,19.8882168100748,14.60005066233));
#14560=CARTESIAN_POINT('Origin',(-1.02021736363622,19.5166443973361,14.60005066233));
#14561=CARTESIAN_POINT('',(-1.07610335726163,20.1391407874594,14.60005066233));
#14562=CARTESIAN_POINT('Origin',(-0.834431157266868,19.6839270489258,26.30005066233));
#14563=CARTESIAN_POINT('',(-1.35478266681565,19.8882168100748,26.30005066233));
#14564=CARTESIAN_POINT('',(-1.1689964604463,20.0554994616645,26.30005066233));
#14565=CARTESIAN_POINT('Origin',(-1.02021736363622,19.5166443973361,26.30005066233));
#14566=CARTESIAN_POINT('Origin',(0.719522212896815,17.5844678510949,14.10005066233));
#14567=CARTESIAN_POINT('',(-1.35478266681565,19.8882168100748,26.10005066233));
#14568=CARTESIAN_POINT('',(-1.28321928350874,19.8087376209706,26.10005066233));
#14569=CARTESIAN_POINT('Origin',(-1.1689964604463,20.0554994616645,20.10005066233));
#14570=CARTESIAN_POINT('Origin',(1.909004320162,16.637033274067,26.10005066233));
#14571=CARTESIAN_POINT('',(-1.37217490728011,19.7166213759732,26.10005066233));
#14572=CARTESIAN_POINT('Origin',(0.920634567799363,17.7927257910743,26.10005066233));
#14573=CARTESIAN_POINT('',(-1.45410320586947,19.7853673811025,14.60005066233));
#14574=CARTESIAN_POINT('Origin',(-1.07108098430998,19.4639735762593,14.60005066233));
#14575=CARTESIAN_POINT('',(-1.45410320586947,19.7853673811025,26.30005066233));
#14576=CARTESIAN_POINT('',(-1.45410320586947,19.7853673811025,26.10005066233));
#14577=CARTESIAN_POINT('Origin',(-1.07108098430998,19.4639735762593,26.30005066233));
#14578=CARTESIAN_POINT('Origin',(-1.1514294355208,19.3682180208694,14.60005066233));
#14579=CARTESIAN_POINT('',(-1.77549701071274,19.4023451595431,14.60005066233));
#14580=CARTESIAN_POINT('Origin',(-1.39247478915325,19.0809513546998,14.60005066233));
#14581=CARTESIAN_POINT('',(-1.53445165708029,19.6896118257127,14.60005066233));
#14582=CARTESIAN_POINT('Origin',(-1.23177788673162,19.2724624654795,26.30005066233));
#14583=CARTESIAN_POINT('',(-1.77549701071274,19.4023451595431,26.30005066233));
#14584=CARTESIAN_POINT('',(-1.61480010829111,19.5938562703228,26.30005066233));
#14585=CARTESIAN_POINT('Origin',(-1.39247478915325,19.0809513546998,26.30005066233));
#14586=CARTESIAN_POINT('Origin',(0.599240762956095,17.4097035695148,14.10005066233));
#14587=CARTESIAN_POINT('',(-1.77549701071274,19.4023451595431,26.10005066233));
#14588=CARTESIAN_POINT('',(-1.69356871212338,19.3335991544137,26.10005066233));
#14589=CARTESIAN_POINT('Origin',(-1.61480010829111,19.5938562703228,20.10005066233));
#14590=CARTESIAN_POINT('Origin',(1.909004320162,16.637033274067,26.10005066233));
#14591=CARTESIAN_POINT('',(-1.76883852241407,19.2299991483723,26.10005066233));
#14592=CARTESIAN_POINT('Origin',(2.10650278231373,18.1448443758631,26.10005066233));
#14593=CARTESIAN_POINT('',(2.00204683666493,21.1360712923686,26.10005066233));
#14594=CARTESIAN_POINT('',(1.99831434253597,21.2429559396223,14.60005066233));
#14595=CARTESIAN_POINT('Origin',(2.01576409088722,20.7432605261128,14.60005066233));
#14596=CARTESIAN_POINT('',(1.99831434253597,21.2429559396223,26.30005066233));
#14597=CARTESIAN_POINT('',(1.99831434253597,21.2429559396223,26.10005066233));
#14598=CARTESIAN_POINT('Origin',(2.01576409088722,20.7432605261128,26.30005066233));
#14599=CARTESIAN_POINT('Origin',(1.89084023750984,20.738898089025,14.60005066233));
#14600=CARTESIAN_POINT('',(1.49861892902643,21.2255061912711,14.60005066233));
#14601=CARTESIAN_POINT('Origin',(1.51606867737768,20.7258107777615,14.60005066233));
#14602=CARTESIAN_POINT('',(1.87339048915859,21.2385935025345,14.60005066233));
#14603=CARTESIAN_POINT('Origin',(1.76591638413245,20.7345356519372,26.30005066233));
#14604=CARTESIAN_POINT('',(1.49861892902643,21.2255061912711,26.30005066233));
#14605=CARTESIAN_POINT('',(1.7484666357812,21.2342310654467,26.30005066233));
#14606=CARTESIAN_POINT('Origin',(1.51606867737768,20.7258107777615,26.30005066233));
#14607=CARTESIAN_POINT('Origin',(1.60680736880418,18.1273946275119,14.10005066233));
#14608=CARTESIAN_POINT('',(1.49861892902643,21.2255061912711,26.10005066233));
#14609=CARTESIAN_POINT('',(1.50235142315538,21.1186215440173,26.10005066233));
#14610=CARTESIAN_POINT('Origin',(1.7484666357812,21.2342310654467,20.10005066233));
#14611=CARTESIAN_POINT('Origin',(1.909004320162,16.637033274067,26.10005066233));
#14612=CARTESIAN_POINT('',(1.37499628094596,21.1052359791882,26.10005066233));
#14613=CARTESIAN_POINT('Origin',(1.89473399415744,18.1576569352823,26.10005066233));
#14614=CARTESIAN_POINT('',(1.35642464338996,21.2105609696201,14.60005066233));
#14615=CARTESIAN_POINT('Origin',(1.44324873222342,20.718157093114,14.60005066233));
#14616=CARTESIAN_POINT('',(1.35642464338996,21.2105609696201,26.30005066233));
#14617=CARTESIAN_POINT('',(1.35642464338996,21.2105609696201,26.10005066233));
#14618=CARTESIAN_POINT('Origin',(1.44324873222342,20.718157093114,26.30005066233));
#14619=CARTESIAN_POINT('Origin',(1.3201477630969,20.6964510709056,14.60005066233));
#14620=CARTESIAN_POINT('',(0.864020766883855,21.1237368807866,14.60005066233));
#14621=CARTESIAN_POINT('Origin',(0.950844855717321,20.6313330042805,14.60005066233));
#14622=CARTESIAN_POINT('',(1.23332367426343,21.1888549474117,14.60005066233));
#14623=CARTESIAN_POINT('Origin',(1.19704679397037,20.6747450486973,26.30005066233));
#14624=CARTESIAN_POINT('',(0.864020766883855,21.1237368807866,26.30005066233));
#14625=CARTESIAN_POINT('',(1.11022270513691,21.1671489252034,26.30005066233));
#14626=CARTESIAN_POINT('Origin',(0.950844855717321,20.6313330042805,26.30005066233));
#14627=CARTESIAN_POINT('Origin',(1.40233011765134,18.0708328464488,14.10005066233));
#14628=CARTESIAN_POINT('',(0.864020766883855,21.1237368807866,26.10005066233));
#14629=CARTESIAN_POINT('',(0.882592404439858,21.0184118903548,26.10005066233));
#14630=CARTESIAN_POINT('Origin',(1.11022270513691,21.1671489252034,20.10005066233));
#14631=CARTESIAN_POINT('Origin',(1.909004320162,16.637033274067,26.10005066233));
#14632=CARTESIAN_POINT('Origin',(1.27747436531713,18.0203878480594,26.10005066233));
#14633=CARTESIAN_POINT('',(-0.396218067271663,20.5017389219107,26.10005066233));
#14634=CARTESIAN_POINT('',(-0.456023635442184,20.59040432298,14.60005066233));
#14635=CARTESIAN_POINT('Origin',(-0.176427183706811,20.1758855367025,14.60005066233));
#14636=CARTESIAN_POINT('',(-0.456023635442184,20.59040432298,26.30005066233));
#14637=CARTESIAN_POINT('',(-0.456023635442184,20.59040432298,26.10005066233));
#14638=CARTESIAN_POINT('Origin',(-0.176427183706811,20.1758855367025,26.30005066233));
#14639=CARTESIAN_POINT('Origin',(-0.280056880276192,20.1059864237686,14.60005066233));
#14640=CARTESIAN_POINT('',(-0.870542421719704,20.3108078712446,14.60005066233));
#14641=CARTESIAN_POINT('Origin',(-0.590945969984331,19.8962890849671,14.60005066233));
#14642=CARTESIAN_POINT('',(-0.559653332011565,20.5205052100462,14.60005066233));
#14643=CARTESIAN_POINT('Origin',(-0.38368657684557,20.0360873108348,26.30005066233));
#14644=CARTESIAN_POINT('',(-0.870542421719704,20.3108078712446,26.30005066233));
#14645=CARTESIAN_POINT('',(-0.663283028580943,20.4506060971123,26.30005066233));
#14646=CARTESIAN_POINT('Origin',(-0.590945969984331,19.8962890849671,26.30005066233));
#14647=CARTESIAN_POINT('Origin',(0.86295557903961,17.740791396324,14.10005066233));
#14648=CARTESIAN_POINT('',(-0.870542421719704,20.3108078712446,26.10005066233));
#14649=CARTESIAN_POINT('',(-0.810736853549179,20.2221424701753,26.10005066233));
#14650=CARTESIAN_POINT('Origin',(-0.663283028580943,20.4506060971123,20.10005066233));
#14651=CARTESIAN_POINT('Origin',(1.909004320162,16.637033274067,26.10005066233));
#14652=CARTESIAN_POINT('Origin',(1.47614611721513,18.0948171186042,26.10005066233));
#14653=CARTESIAN_POINT('',(0.117195562168988,20.8810786621316,14.60005066233));
#14654=CARTESIAN_POINT('Origin',(0.336381135563526,20.431681638982,14.60005066233));
#14655=CARTESIAN_POINT('',(0.117195562168988,20.8810786621316,26.30005066233));
#14656=CARTESIAN_POINT('',(0.117195562168988,20.8810786621316,26.10005066233));
#14657=CARTESIAN_POINT('Origin',(0.336381135563526,20.431681638982,26.30005066233));
#14658=CARTESIAN_POINT('Origin',(0.22403187977613,20.3768852456334,14.60005066233));
#14659=CARTESIAN_POINT('',(-0.332201460980595,20.6618930887371,14.60005066233));
#14660=CARTESIAN_POINT('Origin',(-0.113015887586057,20.2124960655875,14.60005066233));
#14661=CARTESIAN_POINT('',(0.00484630638159178,20.826282268783,14.60005066233));
#14662=CARTESIAN_POINT('Origin',(0.111682623988734,20.3220888522847,26.30005066233));
#14663=CARTESIAN_POINT('',(-0.332201460980595,20.6618930887371,26.30005066233));
#14664=CARTESIAN_POINT('',(-0.107502949405804,20.7714858754343,26.30005066233));
#14665=CARTESIAN_POINT('Origin',(-0.113015887586057,20.2124960655875,26.30005066233));
#14666=CARTESIAN_POINT('Origin',(1.02674909406554,17.8756315452096,14.10005066233));
#14667=CARTESIAN_POINT('',(-0.332201460980595,20.6618930887371,26.10005066233));
#14668=CARTESIAN_POINT('',(-0.285317755303066,20.5657672468789,26.10005066233));
#14669=CARTESIAN_POINT('Origin',(-0.107502949405804,20.7714858754343,20.10005066233));
#14670=CARTESIAN_POINT('Origin',(1.909004320162,16.637033274067,26.10005066233));
#14671=CARTESIAN_POINT('Origin',(0.769412002939022,17.6439241876114,26.10005066233));
#14672=CARTESIAN_POINT('',(-1.8595370951459,19.2866739067344,14.60005066233));
#14673=CARTESIAN_POINT('Origin',(-1.43551304706769,19.0217142746178,14.60005066233));
#14674=CARTESIAN_POINT('',(-1.8595370951459,19.2866739067344,26.30005066233));
#14675=CARTESIAN_POINT('',(-1.8595370951459,19.2866739067344,26.10005066233));
#14676=CARTESIAN_POINT('Origin',(-1.43551304706769,19.0217142746178,26.30005066233));
#14677=CARTESIAN_POINT('Origin',(-1.50175295509684,18.9157082625982,14.60005066233));
#14678=CARTESIAN_POINT('',(-2.1244967272625,18.8626498586562,14.60005066233));
#14679=CARTESIAN_POINT('Origin',(-1.70047267918429,18.5976902265395,14.60005066233));
#14680=CARTESIAN_POINT('',(-1.92577700317505,19.1806678947148,14.60005066233));
#14681=CARTESIAN_POINT('Origin',(-1.56799286312599,18.8097022505787,26.30005066233));
#14682=CARTESIAN_POINT('',(-2.1244967272625,18.8626498586562,26.30005066233));
#14683=CARTESIAN_POINT('',(-1.9920169112042,19.0746618826953,26.30005066233));
#14684=CARTESIAN_POINT('Origin',(-1.70047267918429,18.5976902265395,26.30005066233));
#14685=CARTESIAN_POINT('Origin',(0.504452370822421,17.2199001395332,14.10005066233));
#14686=CARTESIAN_POINT('',(-2.1244967272625,18.8626498586562,26.10005066233));
#14687=CARTESIAN_POINT('',(-2.03379815453067,18.8059751002941,26.10005066233));
#14688=CARTESIAN_POINT('Origin',(-1.9920169112042,19.0746618826953,20.10005066233));
#14689=CARTESIAN_POINT('Origin',(1.909004320162,16.637033274067,26.10005066233));
#14690=CARTESIAN_POINT('',(-2.09391711010151,18.692907789483,26.10005066233));
#14691=CARTESIAN_POINT('Origin',(2.81434941876427,15.4152107772661,26.10005066233));
#14692=CARTESIAN_POINT('',(4.96736955334422,13.3360634013686,26.10005066233));
#14693=CARTESIAN_POINT('',(5.04430279981409,13.2617698288432,14.60005066233));
#14694=CARTESIAN_POINT('Origin',(4.68463289964477,13.6090990140727,14.60005066233));
#14695=CARTESIAN_POINT('',(5.04430279981409,13.2617698288432,26.30005066233));
#14696=CARTESIAN_POINT('',(5.04430279981409,13.2617698288432,26.10005066233));
#14697=CARTESIAN_POINT('Origin',(4.68463289964477,13.6090990140727,26.30005066233));
#14698=CARTESIAN_POINT('Origin',(4.77146519595214,13.699016489115,14.60005066233));
#14699=CARTESIAN_POINT('',(5.39163198504359,13.6214397290125,14.60005066233));
#14700=CARTESIAN_POINT('Origin',(5.03196208487426,13.968768914242,14.60005066233));
#14701=CARTESIAN_POINT('',(5.13113509612147,13.3516873038855,14.60005066233));
#14702=CARTESIAN_POINT('Origin',(4.85829749225952,13.7889339641574,26.30005066233));
#14703=CARTESIAN_POINT('',(5.39163198504359,13.6214397290125,26.30005066233));
#14704=CARTESIAN_POINT('',(5.21796739242884,13.4416047789279,26.30005066233));
#14705=CARTESIAN_POINT('Origin',(5.03196208487426,13.968768914242,26.30005066233));
#14706=CARTESIAN_POINT('Origin',(3.16167860399377,15.7748806774354,14.10005066233));
#14707=CARTESIAN_POINT('',(5.39163198504359,13.6214397290125,26.10005066233));
#14708=CARTESIAN_POINT('',(5.31469873857371,13.695733301538,26.10005066233));
#14709=CARTESIAN_POINT('Origin',(5.21796739242884,13.4416047789279,20.10005066233));
#14710=CARTESIAN_POINT('Origin',(1.909004320162,16.637033274067,26.10005066233));
#14711=CARTESIAN_POINT('',(5.3970119664909,13.7938303866263,26.10005066233));
#14712=CARTESIAN_POINT('Origin',(2.63549383679697,15.3011017850035,26.10005066233));
#14713=CARTESIAN_POINT('',(4.47819953977253,12.9425460398855,26.10005066233));
#14714=CARTESIAN_POINT('',(4.54404441030651,12.8582684488226,14.60005066233));
#14715=CARTESIAN_POINT('Origin',(4.23621367264368,13.252273825626,14.60005066233));
#14716=CARTESIAN_POINT('',(4.54404441030651,12.8582684488226,26.30005066233));
#14717=CARTESIAN_POINT('',(4.54404441030651,12.8582684488226,26.10005066233));
#14718=CARTESIAN_POINT('Origin',(4.23621367264368,13.252273825626,26.30005066233));
#14719=CARTESIAN_POINT('Origin',(4.33471501684452,13.3292315100417,14.60005066233));
#14720=CARTESIAN_POINT('',(4.93804978710987,13.1660991864855,14.60005066233));
#14721=CARTESIAN_POINT('Origin',(4.63021904944704,13.5601045632888,14.60005066233));
#14722=CARTESIAN_POINT('',(4.64254575450735,12.9352261332384,14.60005066233));
#14723=CARTESIAN_POINT('Origin',(4.43321636104536,13.4061891944574,26.30005066233));
#14724=CARTESIAN_POINT('',(4.93804978710987,13.1660991864855,26.30005066233));
#14725=CARTESIAN_POINT('',(4.74104709870819,13.0121838176541,26.30005066233));
#14726=CARTESIAN_POINT('Origin',(4.63021904944704,13.5601045632888,26.30005066233));
#14727=CARTESIAN_POINT('Origin',(3.02949921360033,15.6089325226663,14.10005066233));
#14728=CARTESIAN_POINT('',(4.93804978710987,13.1660991864855,26.10005066233));
#14729=CARTESIAN_POINT('',(4.87220491657588,13.2503767775483,26.10005066233));
#14730=CARTESIAN_POINT('Origin',(4.74104709870819,13.0121838176541,20.10005066233));
#14731=CARTESIAN_POINT('Origin',(1.909004320162,16.637033274067,26.10005066233));
#14732=CARTESIAN_POINT('Origin',(2.44249796275794,15.212995179576,26.10005066233));
#14733=CARTESIAN_POINT('',(3.93902306366737,12.6209376699987,26.10005066233));
#14734=CARTESIAN_POINT('',(3.99249796275794,12.5283164278442,14.60005066233));
#14735=CARTESIAN_POINT('Origin',(3.74249796275794,12.9613291297364,14.60005066233));
#14736=CARTESIAN_POINT('',(3.99249796275794,12.5283164278442,26.30005066233));
#14737=CARTESIAN_POINT('',(3.99249796275794,12.5283164278442,26.10005066233));
#14738=CARTESIAN_POINT('Origin',(3.74249796275794,12.9613291297364,26.30005066233));
#14739=CARTESIAN_POINT('Origin',(3.850751138231,13.0238291297364,14.60005066233));
#14740=CARTESIAN_POINT('',(4.42551066465016,12.7783164278442,14.60005066233));
#14741=CARTESIAN_POINT('Origin',(4.17551066465016,13.2113291297364,14.60005066233));
#14742=CARTESIAN_POINT('',(4.100751138231,12.5908164278442,14.60005066233));
#14743=CARTESIAN_POINT('Origin',(3.95900431370405,13.0863291297364,26.30005066233));
#14744=CARTESIAN_POINT('',(4.42551066465016,12.7783164278442,26.30005066233));
#14745=CARTESIAN_POINT('',(4.20900431370405,12.6533164278442,26.30005066233));
#14746=CARTESIAN_POINT('Origin',(4.17551066465016,13.2113291297364,26.30005066233));
#14747=CARTESIAN_POINT('Origin',(2.87551066465016,15.462995179576,14.10005066233));
#14748=CARTESIAN_POINT('',(4.42551066465016,12.7783164278442,26.10005066233));
#14749=CARTESIAN_POINT('',(4.37203576555959,12.8709376699987,26.10005066233));
#14750=CARTESIAN_POINT('Origin',(4.20900431370405,12.6533164278442,20.10005066233));
#14751=CARTESIAN_POINT('Origin',(1.909004320162,16.637033274067,26.10005066233));
#14752=CARTESIAN_POINT('Origin',(2.23911824180581,15.1526058558384,26.10005066233));
#14753=CARTESIAN_POINT('',(3.36033458183198,12.3774980328041,26.10005066233));
#14754=CARTESIAN_POINT('',(3.40039868139513,12.2783359066813,14.60005066233));
#14755=CARTESIAN_POINT('Origin',(3.21309538468718,12.7419278339647,14.60005066233));
#14756=CARTESIAN_POINT('',(3.40039868139513,12.2783359066813,26.30005066233));
#14757=CARTESIAN_POINT('',(3.40039868139513,12.2783359066813,26.10005066233));
#14758=CARTESIAN_POINT('Origin',(3.21309538468718,12.7419278339647,26.30005066233));
#14759=CARTESIAN_POINT('Origin',(3.32899336650803,12.7887536581417,14.60005066233));
#14760=CARTESIAN_POINT('',(3.86399060867852,12.4656392033893,14.60005066233));
#14761=CARTESIAN_POINT('Origin',(3.67668731197057,12.9292311306727,14.60005066233));
#14762=CARTESIAN_POINT('',(3.51629666321598,12.3251617308583,14.60005066233));
#14763=CARTESIAN_POINT('Origin',(3.44489134832888,12.8355794823187,26.30005066233));
#14764=CARTESIAN_POINT('',(3.86399060867852,12.4656392033893,26.30005066233));
#14765=CARTESIAN_POINT('',(3.63219464503683,12.3719875550353,26.30005066233));
#14766=CARTESIAN_POINT('Origin',(3.67668731197057,12.9292311306727,26.30005066233));
#14767=CARTESIAN_POINT('Origin',(2.7027101690892,15.3399091525463,14.10005066233));
#14768=CARTESIAN_POINT('',(3.86399060867852,12.4656392033893,26.10005066233));
#14769=CARTESIAN_POINT('',(3.82392650911537,12.564801329512,26.10005066233));
#14770=CARTESIAN_POINT('Origin',(3.63219464503683,12.3719875550353,20.10005066233));
#14771=CARTESIAN_POINT('Origin',(1.909004320162,16.637033274067,26.10005066233));
#14772=CARTESIAN_POINT('Origin',(2.7027101690891,17.9341573955877,26.10005066233));
#14773=CARTESIAN_POINT('',(3.82392650911527,20.709265218622,26.10005066233));
#14774=CARTESIAN_POINT('',(3.86399060867842,20.8084273447448,14.60005066233));
#14775=CARTESIAN_POINT('Origin',(3.67668731197047,20.3448354174614,14.60005066233));
#14776=CARTESIAN_POINT('',(3.86399060867842,20.8084273447448,26.30005066233));
#14777=CARTESIAN_POINT('',(3.86399060867842,20.8084273447448,26.10005066233));
#14778=CARTESIAN_POINT('Origin',(3.67668731197047,20.3448354174614,26.30005066233));
#14779=CARTESIAN_POINT('Origin',(3.56078933014962,20.3916612416384,14.60005066233));
#14780=CARTESIAN_POINT('',(3.40039868139503,20.9957306414527,14.60005066233));
#14781=CARTESIAN_POINT('Origin',(3.21309538468707,20.5321387141693,14.60005066233));
#14782=CARTESIAN_POINT('',(3.74809262685758,20.8552531689217,14.60005066233));
#14783=CARTESIAN_POINT('Origin',(3.44489134832877,20.4384870658153,26.30005066233));
#14784=CARTESIAN_POINT('',(3.40039868139503,20.9957306414527,26.30005066233));
#14785=CARTESIAN_POINT('',(3.63219464503673,20.9020789930987,26.30005066233));
#14786=CARTESIAN_POINT('Origin',(3.21309538468707,20.5321387141693,26.30005066233));
#14787=CARTESIAN_POINT('Origin',(2.2391182418057,18.1214606922957,14.10005066233));
#14788=CARTESIAN_POINT('',(3.40039868139503,20.9957306414527,26.10005066233));
#14789=CARTESIAN_POINT('',(3.36033458183187,20.89656851533,26.10005066233));
#14790=CARTESIAN_POINT('Origin',(3.63219464503673,20.9020789930987,20.10005066233));
#14791=CARTESIAN_POINT('Origin',(1.909004320162,16.637033274067,26.10005066233));
#14792=CARTESIAN_POINT('',(3.23854547045477,20.9361401964031,26.10005066233));
#14793=CARTESIAN_POINT('Origin',(2.87551066465006,17.8110713685581,26.10005066233));
#14794=CARTESIAN_POINT('',(4.37203576555949,20.4031288781354,26.10005066233));
#14795=CARTESIAN_POINT('',(4.42551066465006,20.4957501202899,14.60005066233));
#14796=CARTESIAN_POINT('Origin',(4.17551066465006,20.0627374183976,14.60005066233));
#14797=CARTESIAN_POINT('',(4.42551066465006,20.4957501202899,26.30005066233));
#14798=CARTESIAN_POINT('',(4.42551066465006,20.4957501202899,26.10005066233));
#14799=CARTESIAN_POINT('Origin',(4.17551066465006,20.0627374183976,26.30005066233));
#14800=CARTESIAN_POINT('Origin',(4.06725748917701,20.1252374183976,14.60005066233));
#14801=CARTESIAN_POINT('',(3.99249796275784,20.7457501202899,14.60005066233));
#14802=CARTESIAN_POINT('Origin',(3.74249796275784,20.3127374183976,14.60005066233));
#14803=CARTESIAN_POINT('',(4.31725748917701,20.5582501202899,14.60005066233));
#14804=CARTESIAN_POINT('Origin',(3.95900431370395,20.1877374183976,26.30005066233));
#14805=CARTESIAN_POINT('',(3.99249796275784,20.7457501202899,26.30005066233));
#14806=CARTESIAN_POINT('',(4.20900431370395,20.6207501202899,26.30005066233));
#14807=CARTESIAN_POINT('Origin',(3.74249796275784,20.3127374183976,26.30005066233));
#14808=CARTESIAN_POINT('Origin',(2.44249796275784,18.0610713685581,14.10005066233));
#14809=CARTESIAN_POINT('',(3.99249796275784,20.7457501202899,26.10005066233));
#14810=CARTESIAN_POINT('',(3.93902306366727,20.6531288781354,26.10005066233));
#14811=CARTESIAN_POINT('Origin',(4.20900431370395,20.6207501202899,20.10005066233));
#14812=CARTESIAN_POINT('Origin',(1.909004320162,16.637033274067,26.10005066233));
#14813=CARTESIAN_POINT('Origin',(3.35079358874269,17.1205037139675,26.10005066233));
#14814=CARTESIAN_POINT('',(5.99350005974457,18.525655669712,26.10005066233));
#14815=CARTESIAN_POINT('',(6.08793112660536,18.5758655586037,14.60005066233));
#14816=CARTESIAN_POINT('Origin',(5.6464573301759,18.3411297772108,14.60005066233));
#14817=CARTESIAN_POINT('',(6.08793112660536,18.5758655586037,26.30005066233));
#14818=CARTESIAN_POINT('',(6.08793112660536,18.5758655586037,26.10005066233));
#14819=CARTESIAN_POINT('Origin',(5.6464573301759,18.3411297772108,26.30005066233));
#14820=CARTESIAN_POINT('Origin',(5.58777338482766,18.4514982263181,14.60005066233));
#14821=CARTESIAN_POINT('',(5.85319534521242,19.0173393550332,14.60005066233));
#14822=CARTESIAN_POINT('Origin',(5.41172154878295,18.7826035736402,14.60005066233));
#14823=CARTESIAN_POINT('',(6.02924718125712,18.6862340077111,14.60005066233));
#14824=CARTESIAN_POINT('Origin',(5.52908943947942,18.5618666754255,26.30005066233));
#14825=CARTESIAN_POINT('',(5.85319534521242,19.0173393550332,26.30005066233));
#14826=CARTESIAN_POINT('',(5.97056323590889,18.7966024568185,26.30005066233));
#14827=CARTESIAN_POINT('Origin',(5.41172154878295,18.7826035736402,26.30005066233));
#14828=CARTESIAN_POINT('Origin',(3.11605780734974,17.5619775103969,14.10005066233));
#14829=CARTESIAN_POINT('',(5.85319534521242,19.0173393550332,26.10005066233));
#14830=CARTESIAN_POINT('',(5.75876427835162,18.9671294661414,26.10005066233));
#14831=CARTESIAN_POINT('Origin',(5.97056323590889,18.7966024568185,20.10005066233));
#14832=CARTESIAN_POINT('Origin',(1.909004320162,16.637033274067,26.10005066233));
#14833=CARTESIAN_POINT('',(5.69090459263707,19.0757276643203,26.10005066233));
#14834=CARTESIAN_POINT('Origin',(3.02949921360024,17.6651340254678,26.10005066233));
#14835=CARTESIAN_POINT('',(4.8722049165758,20.0236897705858,26.10005066233));
#14836=CARTESIAN_POINT('',(4.93804978710978,20.1079673616486,14.60005066233));
#14837=CARTESIAN_POINT('Origin',(4.63021904944695,19.7139619848452,14.60005066233));
#14838=CARTESIAN_POINT('',(4.93804978710978,20.1079673616486,26.30005066233));
#14839=CARTESIAN_POINT('',(4.93804978710978,20.1079673616486,26.10005066233));
#14840=CARTESIAN_POINT('Origin',(4.63021904944695,19.7139619848452,26.30005066233));
#14841=CARTESIAN_POINT('Origin',(4.53171770524611,19.7909196692609,14.60005066233));
#14842=CARTESIAN_POINT('',(4.54404441030642,20.4157980993114,14.60005066233));
#14843=CARTESIAN_POINT('Origin',(4.23621367264359,20.0217927225081,14.60005066233));
#14844=CARTESIAN_POINT('',(4.83954844290894,20.1849250460643,14.60005066233));
#14845=CARTESIAN_POINT('Origin',(4.43321636104527,19.8678773536767,26.30005066233));
#14846=CARTESIAN_POINT('',(4.54404441030642,20.4157980993114,26.30005066233));
#14847=CARTESIAN_POINT('',(4.7410470987081,20.26188273048,26.30005066233));
#14848=CARTESIAN_POINT('Origin',(4.23621367264359,20.0217927225081,26.30005066233));
#14849=CARTESIAN_POINT('Origin',(2.63549383679688,17.9729647631306,14.10005066233));
#14850=CARTESIAN_POINT('',(4.54404441030642,20.4157980993114,26.10005066233));
#14851=CARTESIAN_POINT('',(4.47819953977244,20.3315205082486,26.10005066233));
#14852=CARTESIAN_POINT('Origin',(4.7410470987081,20.26188273048,20.10005066233));
#14853=CARTESIAN_POINT('Origin',(1.909004320162,16.637033274067,26.10005066233));
#14854=CARTESIAN_POINT('Origin',(3.26947611434824,17.3164568963202,26.10005066233));
#14855=CARTESIAN_POINT('',(5.77742879691058,19.1385911784269,14.60005066233));
#14856=CARTESIAN_POINT('Origin',(5.37292029972311,18.8446985522806,14.60005066233));
#14857=CARTESIAN_POINT('',(5.77742879691058,19.1385911784269,26.30005066233));
#14858=CARTESIAN_POINT('',(5.77742879691058,19.1385911784269,26.10005066233));
#14859=CARTESIAN_POINT('Origin',(5.37292029972311,18.8446985522806,26.30005066233));
#14860=CARTESIAN_POINT('Origin',(5.29944714318655,18.9458256765775,14.60005066233));
#14861=CARTESIAN_POINT('',(5.48353617076434,19.5430996756143,14.60005066233));
#14862=CARTESIAN_POINT('Origin',(5.07902767357687,19.2492070494681,14.60005066233));
#14863=CARTESIAN_POINT('',(5.70395564037402,19.2397183027237,14.60005066233));
#14864=CARTESIAN_POINT('Origin',(5.22597398664999,19.0469528008744,26.30005066233));
#14865=CARTESIAN_POINT('',(5.48353617076434,19.5430996756143,26.30005066233));
#14866=CARTESIAN_POINT('',(5.63048248383746,19.3408454270206,26.30005066233));
#14867=CARTESIAN_POINT('Origin',(5.07902767357687,19.2492070494681,26.30005066233));
#14868=CARTESIAN_POINT('Origin',(2.97558348820201,17.7209653935077,14.10005066233));
#14869=CARTESIAN_POINT('',(5.48353617076434,19.5430996756143,26.10005066233));
#14870=CARTESIAN_POINT('',(5.39701196649083,19.4802361615078,26.10005066233));
#14871=CARTESIAN_POINT('Origin',(5.63048248383746,19.3408454270206,20.10005066233));
#14872=CARTESIAN_POINT('Origin',(1.909004320162,16.637033274067,26.10005066233));
#14873=CARTESIAN_POINT('',(5.31469873857363,19.5783332465961,26.10005066233));
#14874=CARTESIAN_POINT('Origin',(3.16167860399369,17.4991858706987,26.10005066233));
#14875=CARTESIAN_POINT('',(5.39163198504351,19.6526268191216,14.60005066233));
#14876=CARTESIAN_POINT('Origin',(5.03196208487419,19.3052976338921,14.60005066233));
#14877=CARTESIAN_POINT('',(5.39163198504351,19.6526268191216,26.30005066233));
#14878=CARTESIAN_POINT('',(5.39163198504351,19.6526268191216,26.10005066233));
#14879=CARTESIAN_POINT('Origin',(5.03196208487419,19.3052976338921,26.30005066233));
#14880=CARTESIAN_POINT('Origin',(4.94512978856681,19.3952151089344,14.60005066233));
#14881=CARTESIAN_POINT('',(5.04430279981402,20.0122967192909,14.60005066233));
#14882=CARTESIAN_POINT('Origin',(4.68463289964469,19.6649675340614,14.60005066233));
#14883=CARTESIAN_POINT('',(5.30479968873614,19.7425442941639,14.60005066233));
#14884=CARTESIAN_POINT('Origin',(4.85829749225944,19.4851325839767,26.30005066233));
#14885=CARTESIAN_POINT('',(5.04430279981402,20.0122967192909,26.30005066233));
#14886=CARTESIAN_POINT('',(5.21796739242876,19.8324617692062,26.30005066233));
#14887=CARTESIAN_POINT('Origin',(4.68463289964469,19.6649675340614,26.30005066233));
#14888=CARTESIAN_POINT('Origin',(2.8143494187642,17.858855770868,14.10005066233));
#14889=CARTESIAN_POINT('',(5.04430279981402,20.0122967192909,26.10005066233));
#14890=CARTESIAN_POINT('',(4.96736955334413,19.9380031467654,26.10005066233));
#14891=CARTESIAN_POINT('Origin',(5.21796739242876,19.8324617692062,20.10005066233));
#14892=CARTESIAN_POINT('Origin',(1.909004320162,16.637033274067,26.10005066233));
#14893=CARTESIAN_POINT('Origin',(2.51446109200578,18.0319963770488,26.10005066233));
#14894=CARTESIAN_POINT('',(3.26441896836475,21.0399131285043,14.60005066233));
#14895=CARTESIAN_POINT('Origin',(3.14345802056492,20.5547652653663,14.60005066233));
#14896=CARTESIAN_POINT('',(3.26441896836475,21.0399131285043,26.30005066233));
#14897=CARTESIAN_POINT('',(3.26441896836475,21.0399131285043,26.10005066233));
#14898=CARTESIAN_POINT('Origin',(3.14345802056492,20.5547652653663,26.30005066233));
#14899=CARTESIAN_POINT('Origin',(3.02217105478042,20.5850055023163,14.60005066233));
#14900=CARTESIAN_POINT('',(2.77927110522675,21.1608740763042,14.60005066233));
#14901=CARTESIAN_POINT('Origin',(2.65831015742692,20.6757262131662,14.60005066233));
#14902=CARTESIAN_POINT('',(3.14313200258025,21.0701533654543,14.60005066233));
#14903=CARTESIAN_POINT('Origin',(2.90088408899592,20.6152457392663,26.30005066233));
#14904=CARTESIAN_POINT('',(2.77927110522675,21.1608740763042,26.30005066233));
#14905=CARTESIAN_POINT('',(3.02184503679575,21.1003936024043,26.30005066233));
#14906=CARTESIAN_POINT('Origin',(2.65831015742692,20.6757262131662,26.30005066233));
#14907=CARTESIAN_POINT('Origin',(2.02931322886778,18.1529573248486,14.10005066233));
#14908=CARTESIAN_POINT('',(2.77927110522675,21.1608740763042,26.10005066233));
#14909=CARTESIAN_POINT('',(2.75339760731677,21.0571011442029,26.10005066233));
#14910=CARTESIAN_POINT('Origin',(3.02184503679575,21.1003936024043,20.10005066233));
#14911=CARTESIAN_POINT('Origin',(1.909004320162,16.637033274067,26.10005066233));
#14912=CARTESIAN_POINT('',(2.62728642563447,21.0793379481025,26.10005066233));
#14913=CARTESIAN_POINT('Origin',(2.3144274875554,18.1026839884573,26.10005066233));
#14914=CARTESIAN_POINT('',(2.63846572368513,21.1857018640989,14.60005066233));
#14915=CARTESIAN_POINT('Origin',(2.5862014920513,20.6884409164148,14.60005066233));
#14916=CARTESIAN_POINT('',(2.63846572368513,21.1857018640989,26.30005066233));
#14917=CARTESIAN_POINT('',(2.63846572368513,21.1857018640989,26.10005066233));
#14918=CARTESIAN_POINT('Origin',(2.5862014920513,20.6884409164148,26.30005066233));
#14919=CARTESIAN_POINT('Origin',(2.46188625513027,20.7015069743232,14.60005066233));
#14920=CARTESIAN_POINT('',(2.14120477600099,21.2379660957327,14.60005066233));
#14921=CARTESIAN_POINT('Origin',(2.08894054436717,20.7407051480486,14.60005066233));
#14922=CARTESIAN_POINT('',(2.5141504867641,21.1987679220074,14.60005066233));
#14923=CARTESIAN_POINT('Origin',(2.33757101820923,20.7145730322317,26.30005066233));
#14924=CARTESIAN_POINT('',(2.14120477600099,21.2379660957327,26.30005066233));
#14925=CARTESIAN_POINT('',(2.38983524984306,21.2118339799158,26.30005066233));
#14926=CARTESIAN_POINT('Origin',(2.08894054436717,20.7407051480486,26.30005066233));
#14927=CARTESIAN_POINT('Origin',(1.81716653987127,18.1549482200911,14.10005066233));
#14928=CARTESIAN_POINT('',(2.14120477600099,21.2379660957327,26.10005066233));
#14929=CARTESIAN_POINT('',(2.13002547795033,21.1316021797364,26.10005066233));
#14930=CARTESIAN_POINT('Origin',(2.38983524984306,21.2118339799158,20.10005066233));
#14931=CARTESIAN_POINT('Origin',(1.909004320162,16.637033274067,26.10005066233));
#14932=CARTESIAN_POINT('Origin',(3.32424778592453,16.0806288403424,26.10005066233));
#14933=CARTESIAN_POINT('',(6.25189265970948,15.4583387121798,26.10005066233));
#14934=CARTESIAN_POINT('',(6.35650534819932,15.4361025988073,14.60005066233));
#14935=CARTESIAN_POINT('Origin',(5.86743154783242,15.5400584442162,14.60005066233));
#14936=CARTESIAN_POINT('',(6.35650534819932,15.4361025988073,26.30005066233));
#14937=CARTESIAN_POINT('',(6.35650534819932,15.4361025988073,26.10005066233));
#14938=CARTESIAN_POINT('Origin',(5.86743154783242,15.5400584442162,26.30005066233));
#14939=CARTESIAN_POINT('Origin',(5.89342050918464,15.6623268943079,14.60005066233));
#14940=CARTESIAN_POINT('',(6.4604611936082,15.9251763991742,14.60005066233));
#14941=CARTESIAN_POINT('Origin',(5.9713873932413,16.0291322445831,14.60005066233));
#14942=CARTESIAN_POINT('',(6.38249430955154,15.558371048899,14.60005066233));
#14943=CARTESIAN_POINT('Origin',(5.91940947053686,15.7845953443996,26.30005066233));
#14944=CARTESIAN_POINT('',(6.4604611936082,15.9251763991742,26.30005066233));
#14945=CARTESIAN_POINT('',(6.40848327090376,15.6806394989908,26.30005066233));
#14946=CARTESIAN_POINT('Origin',(5.9713873932413,16.0291322445831,26.30005066233));
#14947=CARTESIAN_POINT('Origin',(3.4282036313334,16.5697026407093,14.10005066233));
#14948=CARTESIAN_POINT('',(6.4604611936082,15.9251763991742,26.10005066233));
#14949=CARTESIAN_POINT('',(6.35584850511835,15.9474125125467,26.10005066233));
#14950=CARTESIAN_POINT('Origin',(6.40848327090376,15.6806394989908,20.10005066233));
#14951=CARTESIAN_POINT('Origin',(1.909004320162,16.637033274067,26.10005066233));
#14952=CARTESIAN_POINT('',(6.37367054618858,16.0742229239689,26.10005066233));
#14953=CARTESIAN_POINT('Origin',(2.97558348820207,15.5531011546264,26.10005066233));
#14954=CARTESIAN_POINT('',(5.48353617076441,13.7309668725198,14.60005066233));
#14955=CARTESIAN_POINT('Origin',(5.07902767357694,14.024859498666,14.60005066233));
#14956=CARTESIAN_POINT('',(5.48353617076441,13.7309668725198,26.30005066233));
#14957=CARTESIAN_POINT('',(5.48353617076441,13.7309668725198,26.10005066233));
#14958=CARTESIAN_POINT('Origin',(5.07902767357694,14.024859498666,26.30005066233));
#14959=CARTESIAN_POINT('Origin',(5.1525008301135,14.1259866229629,14.60005066233));
#14960=CARTESIAN_POINT('',(5.77742879691065,14.1354753697072,14.60005066233));
#14961=CARTESIAN_POINT('Origin',(5.37292029972317,14.4293679958535,14.60005066233));
#14962=CARTESIAN_POINT('',(5.55700932730097,13.8320939968166,14.60005066233));
#14963=CARTESIAN_POINT('Origin',(5.22597398665006,14.2271137472597,26.30005066233));
#14964=CARTESIAN_POINT('',(5.77742879691065,14.1354753697072,26.30005066233));
#14965=CARTESIAN_POINT('',(5.63048248383753,13.9332211211135,26.30005066233));
#14966=CARTESIAN_POINT('Origin',(5.37292029972317,14.4293679958535,26.30005066233));
#14967=CARTESIAN_POINT('Origin',(3.26947611434831,15.9576096518139,14.10005066233));
#14968=CARTESIAN_POINT('',(5.77742879691065,14.1354753697072,26.10005066233));
#14969=CARTESIAN_POINT('',(5.69090459263713,14.1983388838138,26.10005066233));
#14970=CARTESIAN_POINT('Origin',(5.63048248383753,13.9332211211135,20.10005066233));
#14971=CARTESIAN_POINT('Origin',(1.909004320162,16.637033274067,26.10005066233));
#14972=CARTESIAN_POINT('',(5.75876427835168,14.3069370819927,26.10005066233));
#14973=CARTESIAN_POINT('Origin',(3.11605780734979,15.7120890377372,26.10005066233));
#14974=CARTESIAN_POINT('',(5.85319534521247,14.2567271931009,14.60005066233));
#14975=CARTESIAN_POINT('Origin',(5.411721548783,14.4914629744939,14.60005066233));
#14976=CARTESIAN_POINT('',(5.85319534521247,14.2567271931009,26.30005066233));
#14977=CARTESIAN_POINT('',(5.85319534521247,14.2567271931009,26.10005066233));
#14978=CARTESIAN_POINT('Origin',(5.411721548783,14.4914629744939,26.30005066233));
#14979=CARTESIAN_POINT('Origin',(5.47040549413124,14.6018314236012,14.60005066233));
#14980=CARTESIAN_POINT('',(6.08793112660541,14.6982009895304,14.60005066233));
#14981=CARTESIAN_POINT('Origin',(5.64645733017595,14.9329367709233,14.60005066233));
#14982=CARTESIAN_POINT('',(5.9118792905607,14.3670956422083,14.60005066233));
#14983=CARTESIAN_POINT('Origin',(5.52908943947948,14.7121998727086,26.30005066233));
#14984=CARTESIAN_POINT('',(6.08793112660541,14.6982009895304,26.30005066233));
#14985=CARTESIAN_POINT('',(5.97056323590894,14.4774640913156,26.30005066233));
#14986=CARTESIAN_POINT('Origin',(5.64645733017595,14.9329367709233,26.30005066233));
#14987=CARTESIAN_POINT('Origin',(3.35079358874274,16.1535628341666,14.10005066233));
#14988=CARTESIAN_POINT('',(6.08793112660541,14.6982009895304,26.10005066233));
#14989=CARTESIAN_POINT('',(5.99350005974462,14.7484108784221,26.10005066233));
#14990=CARTESIAN_POINT('Origin',(5.97056323590894,14.4774640913156,20.10005066233));
#14991=CARTESIAN_POINT('Origin',(1.909004320162,16.637033274067,26.10005066233));
#14992=CARTESIAN_POINT('',(6.04558539166335,14.8653964492926,26.10005066233));
#14993=CARTESIAN_POINT('Origin',(3.2330382033724,15.8890799082996,26.10005066233));
#14994=CARTESIAN_POINT('',(6.14608532780871,14.82881746399,14.60005066233));
#14995=CARTESIAN_POINT('Origin',(5.67623901741576,14.9998275356529,14.60005066233));
#14996=CARTESIAN_POINT('',(6.14608532780871,14.82881746399,26.30005066233));
#14997=CARTESIAN_POINT('',(6.14608532780871,14.82881746399,26.10005066233));
#14998=CARTESIAN_POINT('Origin',(5.67623901741576,14.9998275356529,26.30005066233));
#14999=CARTESIAN_POINT('Origin',(5.71899153533147,15.1172891132511,14.60005066233));
#15000=CARTESIAN_POINT('',(6.31709539947154,15.298663774383,14.60005066233));
#15001=CARTESIAN_POINT('Origin',(5.84724908907859,15.4696738460458,14.60005066233));
#15002=CARTESIAN_POINT('',(6.18883784572442,14.9462790415883,14.60005066233));
#15003=CARTESIAN_POINT('Origin',(5.76174405324717,15.2347506908493,26.30005066233));
#15004=CARTESIAN_POINT('',(6.31709539947154,15.298663774383,26.30005066233));
#15005=CARTESIAN_POINT('',(6.23159036364013,15.0637406191865,26.30005066233));
#15006=CARTESIAN_POINT('Origin',(5.84724908907859,15.4696738460458,26.30005066233));
#15007=CARTESIAN_POINT('Origin',(3.40404827503523,16.3589262186926,14.10005066233));
#15008=CARTESIAN_POINT('',(6.31709539947154,15.298663774383,26.10005066233));
#15009=CARTESIAN_POINT('',(6.21659546332618,15.3352427596856,26.10005066233));
#15010=CARTESIAN_POINT('Origin',(6.23159036364013,15.0637406191865,20.10005066233));
#15011=CARTESIAN_POINT('Origin',(1.909004320162,16.637033274067,26.10005066233));
#15012=CARTESIAN_POINT('Origin',(0.862955579039701,15.5332751518099,26.10005066233));
#15013=CARTESIAN_POINT('',(-0.810736853549092,13.0519240779587,26.10005066233));
#15014=CARTESIAN_POINT('',(-0.870542421719613,12.9632586768893,14.60005066233));
#15015=CARTESIAN_POINT('Origin',(-0.59094596998424,13.3777774631668,14.60005066233));
#15016=CARTESIAN_POINT('',(-0.870542421719613,12.9632586768893,26.30005066233));
#15017=CARTESIAN_POINT('',(-0.870542421719613,12.9632586768893,26.10005066233));
#15018=CARTESIAN_POINT('Origin',(-0.59094596998424,13.3777774631668,26.30005066233));
#15019=CARTESIAN_POINT('Origin',(-0.48731627341486,13.307878350233,14.60005066233));
#15020=CARTESIAN_POINT('',(-0.456023635442095,12.6836622251539,14.60005066233));
#15021=CARTESIAN_POINT('Origin',(-0.176427183706722,13.0981810114315,14.60005066233));
#15022=CARTESIAN_POINT('',(-0.766912725150233,12.8933595639555,14.60005066233));
#15023=CARTESIAN_POINT('Origin',(-0.383686576845481,13.2379792372991,26.30005066233));
#15024=CARTESIAN_POINT('',(-0.456023635442095,12.6836622251539,26.30005066233));
#15025=CARTESIAN_POINT('',(-0.663283028580854,12.8234604510216,26.30005066233));
#15026=CARTESIAN_POINT('Origin',(-0.176427183706722,13.0981810114315,26.30005066233));
#15027=CARTESIAN_POINT('Origin',(1.27747436531722,15.2536787000746,14.10005066233));
#15028=CARTESIAN_POINT('',(-0.456023635442095,12.6836622251539,26.10005066233));
#15029=CARTESIAN_POINT('',(-0.39621806727157,12.7723276262233,26.10005066233));
#15030=CARTESIAN_POINT('Origin',(-0.663283028580854,12.8234604510216,20.10005066233));
#15031=CARTESIAN_POINT('Origin',(1.909004320162,16.637033274067,26.10005066233));
#15032=CARTESIAN_POINT('',(-0.285317755302968,12.708299301255,26.10005066233));
#15033=CARTESIAN_POINT('Origin',(1.02674909406564,15.3984350029243,26.10005066233));
#15034=CARTESIAN_POINT('',(-0.332201460980495,12.6121734593969,14.60005066233));
#15035=CARTESIAN_POINT('Origin',(-0.113015887585957,13.0615704825465,14.60005066233));
#15036=CARTESIAN_POINT('',(-0.332201460980495,12.6121734593969,26.30005066233));
#15037=CARTESIAN_POINT('',(-0.332201460980495,12.6121734593969,26.10005066233));
#15038=CARTESIAN_POINT('Origin',(-0.113015887585957,13.0615704825465,26.30005066233));
#15039=CARTESIAN_POINT('Origin',(-0.000666631798560413,13.0067740891979,
14.60005066233));
#15040=CARTESIAN_POINT('',(0.117195562169088,12.3929878860024,14.60005066233));
#15041=CARTESIAN_POINT('Origin',(0.336381135563626,12.8423849091519,14.60005066233));
#15042=CARTESIAN_POINT('',(-0.219852205193098,12.5573770660483,14.60005066233));
#15043=CARTESIAN_POINT('Origin',(0.111682623988836,12.9519776958492,26.30005066233));
#15044=CARTESIAN_POINT('',(0.117195562169088,12.3929878860024,26.30005066233));
#15045=CARTESIAN_POINT('',(-0.107502949405702,12.5025806726996,26.30005066233));
#15046=CARTESIAN_POINT('Origin',(0.336381135563626,12.8423849091519,26.30005066233));
#15047=CARTESIAN_POINT('Origin',(1.47614611721523,15.1792494295298,14.10005066233));
#15048=CARTESIAN_POINT('',(0.117195562169088,12.3929878860024,26.10005066233));
#15049=CARTESIAN_POINT('',(0.164079267846615,12.4891137278605,26.10005066233));
#15050=CARTESIAN_POINT('Origin',(-0.107502949405702,12.5025806726996,20.10005066233));
#15051=CARTESIAN_POINT('Origin',(1.909004320162,16.637033274067,26.10005066233));
#15052=CARTESIAN_POINT('',(0.282811326137714,12.4411428624635,26.10005066233));
#15053=CARTESIAN_POINT('Origin',(1.20771470351711,15.2877027605018,26.10005066233));
#15054=CARTESIAN_POINT('',(0.249762020954771,12.3394275599869,14.60005066233));
#15055=CARTESIAN_POINT('Origin',(0.404270518142245,12.8149558181344,14.60005066233));
#15056=CARTESIAN_POINT('',(0.249762020954771,12.3394275599869,26.30005066233));
#15057=CARTESIAN_POINT('',(0.249762020954771,12.3394275599869,26.10005066233));
#15058=CARTESIAN_POINT('Origin',(0.404270518142245,12.8149558181344,26.30005066233));
#15059=CARTESIAN_POINT('Origin',(0.523152582679138,12.7763286938376,14.60005066233));
#15060=CARTESIAN_POINT('',(0.725290279102346,12.1849190627994,14.60005066233));
#15061=CARTESIAN_POINT('Origin',(0.87979877628982,12.660447320947,14.60005066233));
#15062=CARTESIAN_POINT('',(0.368644085491663,12.30080043569,14.60005066233));
#15063=CARTESIAN_POINT('Origin',(0.642034647216032,12.7377015695407,26.30005066233));
#15064=CARTESIAN_POINT('',(0.725290279102346,12.1849190627994,26.30005066233));
#15065=CARTESIAN_POINT('',(0.487526150028559,12.2621733113931,26.30005066233));
#15066=CARTESIAN_POINT('Origin',(0.87979877628982,12.660447320947,26.30005066233));
#15067=CARTESIAN_POINT('Origin',(1.68324296166468,15.1331942633144,14.10005066233));
#15068=CARTESIAN_POINT('',(0.725290279102346,12.1849190627994,26.10005066233));
#15069=CARTESIAN_POINT('',(0.75833958428529,12.286634365276,26.10005066233));
#15070=CARTESIAN_POINT('Origin',(0.487526150028559,12.2621733113931,20.10005066233));
#15071=CARTESIAN_POINT('Origin',(1.909004320162,16.637033274067,26.10005066233));
#15072=CARTESIAN_POINT('',(0.882592404439965,12.2556546577792,26.10005066233));
#15073=CARTESIAN_POINT('Origin',(0.719522212896899,15.689598697039,26.10005066233));
#15074=CARTESIAN_POINT('',(-1.28321928350866,13.4653289271633,26.10005066233));
#15075=CARTESIAN_POINT('',(-1.35478266681556,13.3858497380591,14.60005066233));
#15076=CARTESIAN_POINT('Origin',(-1.02021736363613,13.7574221507978,14.60005066233));
#15077=CARTESIAN_POINT('',(-1.35478266681556,13.3858497380591,26.30005066233));
#15078=CARTESIAN_POINT('',(-1.35478266681556,13.3858497380591,26.10005066233));
#15079=CARTESIAN_POINT('Origin',(-1.02021736363613,13.7574221507978,26.30005066233));
#15080=CARTESIAN_POINT('Origin',(-0.927324260451459,13.673780825003,14.60005066233));
#15081=CARTESIAN_POINT('',(-0.983210254076865,13.0512844348797,14.60005066233));
#15082=CARTESIAN_POINT('Origin',(-0.648644950897437,13.4228568476184,14.60005066233));
#15083=CARTESIAN_POINT('',(-1.26188956363089,13.3022084122643,14.60005066233));
#15084=CARTESIAN_POINT('Origin',(-0.834431157266784,13.5901394992081,26.30005066233));
#15085=CARTESIAN_POINT('',(-0.983210254076865,13.0512844348797,26.30005066233));
#15086=CARTESIAN_POINT('',(-1.16899646044621,13.2185670864694,26.30005066233));
#15087=CARTESIAN_POINT('Origin',(-0.648644950897437,13.4228568476184,26.30005066233));
#15088=CARTESIAN_POINT('Origin',(1.09109462563559,15.3550333938596,14.10005066233));
#15089=CARTESIAN_POINT('',(-0.983210254076865,13.0512844348797,26.10005066233));
#15090=CARTESIAN_POINT('',(-0.911646870769958,13.1307636239839,26.10005066233));
#15091=CARTESIAN_POINT('Origin',(-1.16899646044621,13.2185670864694,20.10005066233));
#15092=CARTESIAN_POINT('Origin',(1.909004320162,16.637033274067,26.10005066233));
#15093=CARTESIAN_POINT('Origin',(0.599240762956166,15.8643629786191,26.10005066233));
#15094=CARTESIAN_POINT('',(-1.69356871212331,13.9404673937202,26.10005066233));
#15095=CARTESIAN_POINT('',(-1.77549701071267,13.8717213885909,14.60005066233));
#15096=CARTESIAN_POINT('Origin',(-1.39247478915318,14.1931151934341,14.60005066233));
#15097=CARTESIAN_POINT('',(-1.77549701071267,13.8717213885909,26.30005066233));
#15098=CARTESIAN_POINT('',(-1.77549701071267,13.8717213885909,26.10005066233));
#15099=CARTESIAN_POINT('Origin',(-1.39247478915318,14.1931151934341,26.30005066233));
#15100=CARTESIAN_POINT('Origin',(-1.31212633794236,14.0973596380443,14.60005066233));
#15101=CARTESIAN_POINT('',(-1.4541032058694,13.4886991670314,14.60005066233));
#15102=CARTESIAN_POINT('Origin',(-1.07108098430991,13.8100929718746,14.60005066233));
#15103=CARTESIAN_POINT('',(-1.69514855950185,13.775965833201,14.60005066233));
#15104=CARTESIAN_POINT('Origin',(-1.23177788673154,14.0016040826544,26.30005066233));
#15105=CARTESIAN_POINT('',(-1.4541032058694,13.4886991670314,26.30005066233));
#15106=CARTESIAN_POINT('',(-1.61480010829103,13.6802102778111,26.30005066233));
#15107=CARTESIAN_POINT('Origin',(-1.07108098430991,13.8100929718746,26.30005066233));
#15108=CARTESIAN_POINT('Origin',(0.920634567799437,15.4813407570596,14.10005066233));
#15109=CARTESIAN_POINT('',(-1.4541032058694,13.4886991670314,26.10005066233));
#15110=CARTESIAN_POINT('',(-1.37217490728003,13.5574451721607,26.10005066233));
#15111=CARTESIAN_POINT('Origin',(-1.61480010829103,13.6802102778111,20.10005066233));
#15112=CARTESIAN_POINT('Origin',(1.909004320162,16.637033274067,26.10005066233));
#15113=CARTESIAN_POINT('Origin',(0.504452370822479,16.0541664086007,26.10005066233));
#15114=CARTESIAN_POINT('',(-2.03379815453061,14.4680914478398,26.10005066233));
#15115=CARTESIAN_POINT('',(-2.12449672726244,14.4114166894778,14.60005066233));
#15116=CARTESIAN_POINT('Origin',(-1.70047267918423,14.6763763215944,14.60005066233));
#15117=CARTESIAN_POINT('',(-2.12449672726244,14.4114166894778,26.30005066233));
#15118=CARTESIAN_POINT('',(-2.12449672726244,14.4114166894778,26.10005066233));
#15119=CARTESIAN_POINT('Origin',(-1.70047267918423,14.6763763215944,26.30005066233));
#15120=CARTESIAN_POINT('Origin',(-1.63423277115508,14.5703703095748,14.60005066233));
#15121=CARTESIAN_POINT('',(-1.85953709514584,13.9873926413995,14.60005066233));
#15122=CARTESIAN_POINT('Origin',(-1.43551304706763,14.2523522735161,14.60005066233));
#15123=CARTESIAN_POINT('',(-2.05825681923329,14.3054106774582,14.60005066233));
#15124=CARTESIAN_POINT('Origin',(-1.56799286312593,14.4643642975552,26.30005066233));
#15125=CARTESIAN_POINT('',(-1.85953709514584,13.9873926413995,26.30005066233));
#15126=CARTESIAN_POINT('',(-1.99201691120414,14.1994046654386,26.30005066233));
#15127=CARTESIAN_POINT('Origin',(-1.43551304706763,14.2523522735161,26.30005066233));
#15128=CARTESIAN_POINT('Origin',(0.769412002939081,15.6301423605225,14.10005066233));
#15129=CARTESIAN_POINT('',(-1.85953709514584,13.9873926413995,26.10005066233));
#15130=CARTESIAN_POINT('',(-1.768838522414,14.0440673997616,26.10005066233));
#15131=CARTESIAN_POINT('Origin',(-1.99201691120414,14.1994046654386,20.10005066233));
#15132=CARTESIAN_POINT('Origin',(1.909004320162,16.637033274067,26.10005066233));
#15133=CARTESIAN_POINT('Origin',(0.398202449715943,16.4638926678862,26.10005066233));
#15134=CARTESIAN_POINT('',(-2.47890206331298,15.6388962244293,26.10005066233));
#15135=CARTESIAN_POINT('',(-2.58170880769285,15.6094168648535,14.60005066233));
#15136=CARTESIAN_POINT('Origin',(-2.10107795972369,15.747235542762,14.60005066233));
#15137=CARTESIAN_POINT('',(-2.58170880769285,15.6094168648535,26.30005066233));
#15138=CARTESIAN_POINT('',(-2.58170880769285,15.6094168648535,26.10005066233));
#15139=CARTESIAN_POINT('Origin',(-2.10107795972369,15.747235542762,26.30005066233));
#15140=CARTESIAN_POINT('Origin',(-2.06662329024656,15.6270778307697,14.60005066233));
#15141=CARTESIAN_POINT('',(-2.44389012978435,15.1287860168843,14.60005066233));
#15142=CARTESIAN_POINT('Origin',(-1.96325928181519,15.2666046947928,14.60005066233));
#15143=CARTESIAN_POINT('',(-2.54725413821572,15.4892591528612,14.60005066233));
#15144=CARTESIAN_POINT('Origin',(-2.03216862076944,15.5069201187774,26.30005066233));
#15145=CARTESIAN_POINT('',(-2.44389012978435,15.1287860168843,26.30005066233));
#15146=CARTESIAN_POINT('',(-2.5127994687386,15.3691014408689,26.30005066233));
#15147=CARTESIAN_POINT('Origin',(-1.96325928181519,15.2666046947928,26.30005066233));
#15148=CARTESIAN_POINT('Origin',(0.536021127624442,15.983261819917,14.10005066233));
#15149=CARTESIAN_POINT('',(-2.44389012978435,15.1287860168843,26.10005066233));
#15150=CARTESIAN_POINT('',(-2.34108338540448,15.1582653764601,26.10005066233));
#15151=CARTESIAN_POINT('Origin',(-2.5127994687386,15.3691014408689,20.10005066233));
#15152=CARTESIAN_POINT('Origin',(1.909004320162,16.637033274067,26.10005066233));
#15153=CARTESIAN_POINT('',(-2.29728543163937,15.0379314874722,26.10005066233));
#15154=CARTESIAN_POINT('Origin',(0.437001984728524,16.2553146791173,26.10005066233));
#15155=CARTESIAN_POINT('',(-2.39498893396354,14.9944310855823,14.60005066233));
#15156=CARTESIAN_POINT('Origin',(-1.93821620514224,15.1977994071202,14.60005066233));
#15157=CARTESIAN_POINT('',(-2.39498893396354,14.9944310855823,26.30005066233));
#15158=CARTESIAN_POINT('',(-2.39498893396354,14.9944310855823,26.10005066233));
#15159=CARTESIAN_POINT('Origin',(-1.93821620514224,15.1977994071202,26.30005066233));
#15160=CARTESIAN_POINT('Origin',(-1.88737412475776,15.0836062249149,14.60005066233));
#15161=CARTESIAN_POINT('',(-2.19162061242564,14.537658356761,14.60005066233));
#15162=CARTESIAN_POINT('Origin',(-1.73484788360434,14.7410266782989,14.60005066233));
#15163=CARTESIAN_POINT('',(-2.34414685357906,14.880237903377,14.60005066233));
#15164=CARTESIAN_POINT('Origin',(-1.83653204437329,14.9694130427096,26.30005066233));
#15165=CARTESIAN_POINT('',(-2.19162061242564,14.537658356761,26.30005066233));
#15166=CARTESIAN_POINT('',(-2.29330477319459,14.7660447211717,26.30005066233));
#15167=CARTESIAN_POINT('Origin',(-1.73484788360434,14.7410266782989,26.30005066233));
#15168=CARTESIAN_POINT('Origin',(0.640370306266425,15.798541950296,14.10005066233));
#15169=CARTESIAN_POINT('',(-2.19162061242564,14.537658356761,26.10005066233));
#15170=CARTESIAN_POINT('',(-2.09391711010146,14.5811587586509,26.10005066233));
#15171=CARTESIAN_POINT('Origin',(-2.29330477319459,14.7660447211717,20.10005066233));
#15172=CARTESIAN_POINT('Origin',(1.909004320162,16.637033274067,26.10005066233));
#15173=CARTESIAN_POINT('Origin',(1.60680736880429,15.1466719206221,26.10005066233));
#15174=CARTESIAN_POINT('',(1.50235142315549,12.1554450041167,26.10005066233));
#15175=CARTESIAN_POINT('',(1.49861892902654,12.0485603568629,14.60005066233));
#15176=CARTESIAN_POINT('Origin',(1.51606867737779,12.5482557703725,14.60005066233));
#15177=CARTESIAN_POINT('',(1.49861892902654,12.0485603568629,26.30005066233));
#15178=CARTESIAN_POINT('',(1.49861892902654,12.0485603568629,26.10005066233));
#15179=CARTESIAN_POINT('Origin',(1.51606867737779,12.5482557703725,26.30005066233));
#15180=CARTESIAN_POINT('Origin',(1.64099253075518,12.5438933332847,14.60005066233));
#15181=CARTESIAN_POINT('',(1.99831434253608,12.0311106085117,14.60005066233));
#15182=CARTESIAN_POINT('Origin',(2.01576409088734,12.5308060220212,14.60005066233));
#15183=CARTESIAN_POINT('',(1.62354278240393,12.0441979197751,14.60005066233));
#15184=CARTESIAN_POINT('Origin',(1.76591638413256,12.5395308961968,26.30005066233));
#15185=CARTESIAN_POINT('',(1.99831434253608,12.0311106085117,26.30005066233));
#15186=CARTESIAN_POINT('',(1.74846663578131,12.0398354826873,26.30005066233));
#15187=CARTESIAN_POINT('Origin',(2.01576409088734,12.5308060220212,26.30005066233));
#15188=CARTESIAN_POINT('Origin',(2.10650278231384,15.1292221722709,14.10005066233));
#15189=CARTESIAN_POINT('',(1.99831434253608,12.0311106085117,26.10005066233));
#15190=CARTESIAN_POINT('',(2.00204683666504,12.1379952557654,26.10005066233));
#15191=CARTESIAN_POINT('Origin',(1.74846663578131,12.0398354826873,20.10005066233));
#15192=CARTESIAN_POINT('Origin',(1.909004320162,16.637033274067,26.10005066233));
#15193=CARTESIAN_POINT('',(2.13002547795045,12.1424643683976,26.10005066233));
#15194=CARTESIAN_POINT('Origin',(1.81716653987138,15.1191183280429,26.10005066233));
#15195=CARTESIAN_POINT('',(2.1412047760011,12.0361004524013,14.60005066233));
#15196=CARTESIAN_POINT('Origin',(2.08894054436728,12.5333614000854,14.60005066233));
#15197=CARTESIAN_POINT('',(2.1412047760011,12.0361004524013,26.30005066233));
#15198=CARTESIAN_POINT('',(2.1412047760011,12.0361004524013,26.10005066233));
#15199=CARTESIAN_POINT('Origin',(2.08894054436728,12.5333614000854,26.30005066233));
#15200=CARTESIAN_POINT('Origin',(2.21325578128831,12.5464274579939,14.60005066233));
#15201=CARTESIAN_POINT('',(2.63846572368524,12.0883646840351,14.60005066233));
#15202=CARTESIAN_POINT('Origin',(2.58620149205141,12.5856256317192,14.60005066233));
#15203=CARTESIAN_POINT('',(2.26552001292214,12.0491665103097,14.60005066233));
#15204=CARTESIAN_POINT('Origin',(2.33757101820935,12.5594935159023,26.30005066233));
#15205=CARTESIAN_POINT('',(2.63846572368524,12.0883646840351,26.30005066233));
#15206=CARTESIAN_POINT('',(2.38983524984317,12.0622325682182,26.30005066233));
#15207=CARTESIAN_POINT('Origin',(2.58620149205141,12.5856256317192,26.30005066233));
#15208=CARTESIAN_POINT('Origin',(2.31442748755551,15.1713825596768,14.10005066233));
#15209=CARTESIAN_POINT('',(2.63846572368524,12.0883646840351,26.10005066233));
#15210=CARTESIAN_POINT('',(2.62728642563458,12.1947286000315,26.10005066233));
#15211=CARTESIAN_POINT('Origin',(2.38983524984317,12.0622325682182,20.10005066233));
#15212=CARTESIAN_POINT('Origin',(1.909004320162,16.637033274067,26.10005066233));
#15213=CARTESIAN_POINT('',(2.75339760731688,12.2169654039311,26.10005066233));
#15214=CARTESIAN_POINT('Origin',(1.40233011765145,15.2032337016852,26.10005066233));
#15215=CARTESIAN_POINT('',(0.864020766883964,12.1503296673473,14.60005066233));
#15216=CARTESIAN_POINT('Origin',(0.95084485571743,12.6427335438534,14.60005066233));
#15217=CARTESIAN_POINT('',(0.864020766883964,12.1503296673473,26.30005066233));
#15218=CARTESIAN_POINT('',(0.864020766883964,12.1503296673473,26.10005066233));
#15219=CARTESIAN_POINT('Origin',(0.95084485571743,12.6427335438534,26.30005066233));
#15220=CARTESIAN_POINT('Origin',(1.07394582484396,12.6210275216451,14.60005066233));
#15221=CARTESIAN_POINT('',(1.35642464339007,12.0635055785139,14.60005066233));
#15222=CARTESIAN_POINT('Origin',(1.44324873222353,12.55590945502,14.60005066233));
#15223=CARTESIAN_POINT('',(0.98712173601049,12.128623645139,14.60005066233));
#15224=CARTESIAN_POINT('Origin',(1.19704679397048,12.5993214994367,26.30005066233));
#15225=CARTESIAN_POINT('',(1.35642464339007,12.0635055785139,26.30005066233));
#15226=CARTESIAN_POINT('',(1.11022270513702,12.1069176229306,26.30005066233));
#15227=CARTESIAN_POINT('Origin',(1.44324873222353,12.55590945502,26.30005066233));
#15228=CARTESIAN_POINT('Origin',(1.89473399415755,15.1164096128517,14.10005066233));
#15229=CARTESIAN_POINT('',(1.35642464339007,12.0635055785139,26.10005066233));
#15230=CARTESIAN_POINT('',(1.37499628094607,12.1688305689458,26.10005066233));
#15231=CARTESIAN_POINT('Origin',(1.11022270513702,12.1069176229306,20.10005066233));
#15232=CARTESIAN_POINT('Origin',(1.909004320162,16.637033274067,26.10005066233));
#15233=CARTESIAN_POINT('Origin',(2.0293132288679,15.1211092232854,26.10005066233));
#15234=CARTESIAN_POINT('',(2.77927110522686,12.1131924718299,14.60005066233));
#15235=CARTESIAN_POINT('Origin',(2.65831015742703,12.5983403349679,14.60005066233));
#15236=CARTESIAN_POINT('',(2.77927110522686,12.1131924718299,26.30005066233));
#15237=CARTESIAN_POINT('',(2.77927110522686,12.1131924718299,26.10005066233));
#15238=CARTESIAN_POINT('Origin',(2.65831015742703,12.5983403349679,26.30005066233));
#15239=CARTESIAN_POINT('Origin',(2.77959712321153,12.6285805719178,14.60005066233));
#15240=CARTESIAN_POINT('',(3.26441896836486,12.2341534196297,14.60005066233));
#15241=CARTESIAN_POINT('Origin',(3.14345802056503,12.7193012827677,14.60005066233));
#15242=CARTESIAN_POINT('',(2.90055807101136,12.1434327087798,14.60005066233));
#15243=CARTESIAN_POINT('Origin',(2.90088408899603,12.6588208088678,26.30005066233));
#15244=CARTESIAN_POINT('',(3.26441896836486,12.2341534196297,26.30005066233));
#15245=CARTESIAN_POINT('',(3.02184503679586,12.1736729457298,26.30005066233));
#15246=CARTESIAN_POINT('Origin',(3.14345802056503,12.7193012827677,26.30005066233));
#15247=CARTESIAN_POINT('Origin',(2.51446109200589,15.2420701710853,14.10005066233));
#15248=CARTESIAN_POINT('',(3.26441896836486,12.2341534196297,26.10005066233));
#15249=CARTESIAN_POINT('',(3.23854547045487,12.3379263517309,26.10005066233));
#15250=CARTESIAN_POINT('Origin',(3.02184503679586,12.1736729457298,20.10005066233));
#15251=CARTESIAN_POINT('Origin',(1.909004320162,16.637033274067,26.10005066233));
#15252=CARTESIAN_POINT('Origin',(1.909004320162,16.637033274067,26.10005066233));
#15253=CARTESIAN_POINT('',(-2.34108338540451,18.1158011716738,26.10005066233));
#15254=CARTESIAN_POINT('',(-2.29728543163941,18.2361350606617,26.10005066233));
#15255=CARTESIAN_POINT('Origin',(1.909004320162,16.637033274067,26.10005066233));
#15256=CARTESIAN_POINT('',(-2.58404586874085,16.3870332740669,26.10005066233));
#15257=CARTESIAN_POINT('',(-2.57511308840179,16.2592885636935,26.10005066233));
#15258=CARTESIAN_POINT('Origin',(1.909004320162,16.637033274067,26.10005066233));
#15259=CARTESIAN_POINT('',(-2.5751130884018,17.0147779844404,26.10005066233));
#15260=CARTESIAN_POINT('',(-2.58404586874086,16.8870332740669,26.10005066233));
#15261=CARTESIAN_POINT('Origin',(1.909004320162,16.637033274067,26.10005066233));
#15262=CARTESIAN_POINT('',(-2.47890206331301,17.6351703237046,26.10005066233));
#15263=CARTESIAN_POINT('',(-2.50552653792178,17.5099120188112,26.10005066233));
#15264=CARTESIAN_POINT('Origin',(1.909004320162,16.637033274067,26.10005066233));
#15265=CARTESIAN_POINT('',(-2.50552653792175,15.7641545293227,26.10005066233));
#15266=CARTESIAN_POINT('Origin',(1.909004320162,16.637033274067,26.10005066233));
#15267=CARTESIAN_POINT('',(6.40854878306063,16.7010615990353,26.10005066233));
#15268=CARTESIAN_POINT('',(6.40854878306064,16.5730049490988,26.10005066233));
#15269=CARTESIAN_POINT('Origin',(1.909004320162,16.637033274067,26.10005066233));
#15270=CARTESIAN_POINT('',(6.04558539166331,18.4086700988415,26.10005066233));
#15271=CARTESIAN_POINT('Origin',(1.909004320162,16.637033274067,26.10005066233));
#15272=CARTESIAN_POINT('',(6.25189265970945,17.8157278359543,26.10005066233));
#15273=CARTESIAN_POINT('',(6.21659546332615,17.9388237884486,26.10005066233));
#15274=CARTESIAN_POINT('Origin',(1.909004320162,16.637033274067,27.10005066233));
#15275=CARTESIAN_POINT('Origin',(1.909004320162,16.637033274067,26.10005066233));
#15276=CARTESIAN_POINT('',(6.37367054618857,17.1998436241653,26.10005066233));
#15277=CARTESIAN_POINT('',(6.35584850511833,17.3266540355875,26.10005066233));
#15278=CARTESIAN_POINT('Origin',(1.909004320162,16.637033274067,26.10005066233));
#15279=CARTESIAN_POINT('',(0.409004333077936,19.2351094630491,26.10005066233));
#15280=CARTESIAN_POINT('',(4.90900429433,16.637033274067,26.10005066233));
#15281=CARTESIAN_POINT('Origin',(1.909004320162,16.637033274067,26.10005066233));
#15282=CARTESIAN_POINT('',(0.409004333077936,14.0389570850849,26.10005066233));
#15283=CARTESIAN_POINT('Origin',(1.909004320162,16.637033274067,26.10005066233));
#15284=CARTESIAN_POINT('',(0.409004333078,19.235109463049,26.10005066233));
#15285=CARTESIAN_POINT('Origin',(1.909004320162,16.637033274067,26.10005066233));
#15286=CARTESIAN_POINT('',(4.90900429433,16.637033274067,26.10005066233));
#15287=CARTESIAN_POINT('',(0.409004333077936,19.2351094630491,14.10005066233));
#15288=CARTESIAN_POINT('',(0.409004333077936,19.2351094630491,14.10005066233));
#15289=CARTESIAN_POINT('',(0.409004333077936,14.0389570850849,14.10005066233));
#15290=CARTESIAN_POINT('Origin',(1.909004320162,16.637033274067,14.10005066233));
#15291=CARTESIAN_POINT('',(0.409004333077936,14.0389570850849,14.10005066233));
#15292=CARTESIAN_POINT('Origin',(0.409004333078,14.038957085085,14.10005066233));
#15293=CARTESIAN_POINT('',(0.409004333078,19.235109463049,14.10005066233));
#15294=CARTESIAN_POINT('Origin',(-0.340995660464,16.637033274067,14.10005066233));
#15295=CARTESIAN_POINT('Origin',(0.398202449715914,16.8101738802477,14.10005066233));
#15296=CARTESIAN_POINT('',(-2.58170880769288,17.6646496832804,26.30005066233));
#15297=CARTESIAN_POINT('Origin',(-2.10107795972372,17.5268310053719,26.30005066233));
#15298=CARTESIAN_POINT('',(-2.58170880769288,17.6646496832804,14.60005066233));
#15299=CARTESIAN_POINT('',(-2.58170880769288,17.6646496832804,26.10005066233));
#15300=CARTESIAN_POINT('Origin',(-2.10107795972372,17.5268310053719,14.60005066233));
#15301=CARTESIAN_POINT('Origin',(-2.03216862076947,17.7671464293565,26.30005066233));
#15302=CARTESIAN_POINT('',(-2.44389012978438,18.1452805312496,26.30005066233));
#15303=CARTESIAN_POINT('Origin',(-1.96325928181522,18.0074618533411,26.30005066233));
#15304=CARTESIAN_POINT('',(-2.51279946873863,17.904965107265,26.30005066233));
#15305=CARTESIAN_POINT('Origin',(0.388808954599923,16.5982259065241,14.10005066233));
#15306=CARTESIAN_POINT('',(-2.68102205849895,17.0296625195003,26.30005066233));
#15307=CARTESIAN_POINT('Origin',(-2.18588802412816,16.9600759690203,26.30005066233));
#15308=CARTESIAN_POINT('',(-2.68102205849895,17.0296625195003,14.60005066233));
#15309=CARTESIAN_POINT('',(-2.68102205849895,17.0296625195003,26.10005066233));
#15310=CARTESIAN_POINT('Origin',(-2.18588802412816,16.9600759690203,14.60005066233));
#15311=CARTESIAN_POINT('Origin',(-2.15109474888814,17.2076429862057,26.30005066233));
#15312=CARTESIAN_POINT('',(-2.61143550801891,17.5247965538711,26.30005066233));
#15313=CARTESIAN_POINT('Origin',(-2.11630147364813,17.455210003391,26.30005066233));
#15314=CARTESIAN_POINT('',(-2.64622878325893,17.2772295366857,26.30005066233));
#15315=CARTESIAN_POINT('Origin',(0.409004333078,16.3870332740669,14.10005066233));
#15316=CARTESIAN_POINT('',(-2.690995666922,16.3870332740669,26.30005066233));
#15317=CARTESIAN_POINT('Origin',(-2.190995666922,16.3870332740669,26.30005066233));
#15318=CARTESIAN_POINT('',(-2.690995666922,16.3870332740669,14.60005066233));
#15319=CARTESIAN_POINT('',(-2.690995666922,16.3870332740669,26.10005066233));
#15320=CARTESIAN_POINT('Origin',(-2.190995666922,16.3870332740669,14.60005066233));
#15321=CARTESIAN_POINT('Origin',(-2.190995666922,16.6370332740669,26.30005066233));
#15322=CARTESIAN_POINT('',(-2.690995666922,16.8870332740669,26.30005066233));
#15323=CARTESIAN_POINT('Origin',(-2.190995666922,16.8870332740669,26.30005066233));
#15324=CARTESIAN_POINT('',(-2.690995666922,16.6370332740669,26.30005066233));
#15325=CARTESIAN_POINT('Origin',(0.458395505079972,16.180706607239,14.10005066233));
#15326=CARTESIAN_POINT('',(-2.6114355080189,15.7492699942628,26.30005066233));
#15327=CARTESIAN_POINT('Origin',(-2.11630147364811,15.8188565447428,26.30005066233));
#15328=CARTESIAN_POINT('',(-2.6114355080189,15.7492699942628,14.60005066233));
#15329=CARTESIAN_POINT('',(-2.6114355080189,15.7492699942628,26.10005066233));
#15330=CARTESIAN_POINT('Origin',(-2.11630147364811,15.8188565447428,14.60005066233));
#15331=CARTESIAN_POINT('Origin',(-2.15109474888813,16.0664235619282,26.30005066233));
#15332=CARTESIAN_POINT('',(-2.68102205849893,16.2444040286336,26.30005066233));
#15333=CARTESIAN_POINT('Origin',(-2.18588802412814,16.3139905791136,26.30005066233));
#15334=CARTESIAN_POINT('',(-2.64622878325891,15.9968370114482,26.30005066233));
#15335=CARTESIAN_POINT('Origin',(-1.83653204437333,18.3046535054243,26.30005066233));
#15336=CARTESIAN_POINT('',(-2.19162061242568,18.7364081913729,26.30005066233));
#15337=CARTESIAN_POINT('Origin',(-1.73484788360438,18.533039869835,26.30005066233));
#15338=CARTESIAN_POINT('',(-2.39498893396358,18.2796354625516,26.30005066233));
#15339=CARTESIAN_POINT('',(-2.29330477319463,18.5080218269622,26.30005066233));
#15340=CARTESIAN_POINT('Origin',(-1.93821620514228,18.0762671410137,26.30005066233));
#15341=CARTESIAN_POINT('Origin',(0.640370306266379,17.4755245978379,26.10005066233));
#15342=CARTESIAN_POINT('',(-2.19162061242568,18.7364081913729,14.60005066233));
#15343=CARTESIAN_POINT('Origin',(-1.73484788360438,18.533039869835,14.60005066233));
#15344=CARTESIAN_POINT('',(-2.19162061242568,18.7364081913729,26.10005066233));
#15345=CARTESIAN_POINT('Origin',(-1.78568996398886,18.4188466876296,14.60005066233));
#15346=CARTESIAN_POINT('',(-2.39498893396358,18.2796354625516,14.60005066233));
#15347=CARTESIAN_POINT('Origin',(-1.93821620514228,18.0762671410137,14.60005066233));
#15348=CARTESIAN_POINT('',(-2.24246269281016,18.6222150091675,14.60005066233));
#15349=CARTESIAN_POINT('Origin',(0.43700198472848,17.0187518690166,14.10005066233));
#15350=CARTESIAN_POINT('',(-2.39498893396358,18.2796354625516,26.10005066233));
#15351=CARTESIAN_POINT('Origin',(-2.29330477319463,18.5080218269622,20.10005066233));
#15352=CARTESIAN_POINT('Origin',(0.536021127624412,17.2908047282169,26.10005066233));
#15353=CARTESIAN_POINT('',(-2.44389012978438,18.1452805312496,14.60005066233));
#15354=CARTESIAN_POINT('Origin',(-1.96325928181522,18.0074618533411,14.60005066233));
#15355=CARTESIAN_POINT('',(-2.44389012978438,18.1452805312496,26.10005066233));
#15356=CARTESIAN_POINT('Origin',(-1.99771395129234,17.8873041413488,14.60005066233));
#15357=CARTESIAN_POINT('',(-2.4783447992615,18.0251228192573,14.60005066233));
#15358=CARTESIAN_POINT('Origin',(-2.51279946873863,17.904965107265,20.10005066233));
#15359=CARTESIAN_POINT('Origin',(0.458395505079955,17.0933599408949,26.10005066233));
#15360=CARTESIAN_POINT('',(-2.61143550801891,17.5247965538711,14.60005066233));
#15361=CARTESIAN_POINT('Origin',(-2.11630147364813,17.455210003391,14.60005066233));
#15362=CARTESIAN_POINT('',(-2.61143550801891,17.5247965538711,26.10005066233));
#15363=CARTESIAN_POINT('Origin',(-2.13369811126814,17.3314264947984,14.60005066233));
#15364=CARTESIAN_POINT('',(-2.62883214563892,17.4010130452784,14.60005066233));
#15365=CARTESIAN_POINT('Origin',(-2.64622878325893,17.2772295366857,20.10005066233));
#15366=CARTESIAN_POINT('Origin',(0.409004333078,16.8870332740669,26.10005066233));
#15367=CARTESIAN_POINT('',(-2.690995666922,16.8870332740669,14.60005066233));
#15368=CARTESIAN_POINT('Origin',(-2.190995666922,16.8870332740669,14.60005066233));
#15369=CARTESIAN_POINT('',(-2.690995666922,16.8870332740669,26.10005066233));
#15370=CARTESIAN_POINT('Origin',(-2.190995666922,16.7620332740669,14.60005066233));
#15371=CARTESIAN_POINT('',(-2.690995666922,16.7620332740669,14.60005066233));
#15372=CARTESIAN_POINT('Origin',(-2.690995666922,16.6370332740669,20.10005066233));
#15373=CARTESIAN_POINT('Origin',(0.388808954599939,16.6758406416098,26.10005066233));
#15374=CARTESIAN_POINT('',(-2.68102205849893,16.2444040286336,14.60005066233));
#15375=CARTESIAN_POINT('Origin',(-2.18588802412814,16.3139905791136,14.60005066233));
#15376=CARTESIAN_POINT('',(-2.68102205849893,16.2444040286336,26.10005066233));
#15377=CARTESIAN_POINT('Origin',(-2.16849138650814,16.1902070705209,14.60005066233));
#15378=CARTESIAN_POINT('',(-2.66362542087892,16.1206205200409,14.60005066233));
#15379=CARTESIAN_POINT('Origin',(-2.64622878325891,15.9968370114482,20.10005066233));
#15380=CARTESIAN_POINT('Origin',(3.38791126423116,16.9910589963472,14.10005066233));
#15381=CARTESIAN_POINT('',(6.48035982003662,17.207304064954,26.30005066233));
#15382=CARTESIAN_POINT('Origin',(5.98157779490671,17.172425828082,26.30005066233));
#15383=CARTESIAN_POINT('',(6.48035982003662,17.207304064954,14.60005066233));
#15384=CARTESIAN_POINT('',(6.48035982003662,17.207304064954,26.10005066233));
#15385=CARTESIAN_POINT('Origin',(5.98157779490671,17.172425828082,14.60005066233));
#15386=CARTESIAN_POINT('Origin',(5.99901691334274,16.923034815517,26.30005066233));
#15387=CARTESIAN_POINT('',(6.51523805690868,16.7085220398241,26.30005066233));
#15388=CARTESIAN_POINT('Origin',(6.01645603177877,16.673643802952,26.30005066233));
#15389=CARTESIAN_POINT('',(6.49779893847265,16.9579130523891,26.30005066233));
#15390=CARTESIAN_POINT('Origin',(3.3242477859245,17.1934377077918,14.10005066233));
#15391=CARTESIAN_POINT('',(6.3565053481993,17.8379639493268,26.30005066233));
#15392=CARTESIAN_POINT('Origin',(5.8674315478324,17.7340081039179,26.30005066233));
#15393=CARTESIAN_POINT('',(6.3565053481993,17.8379639493268,14.60005066233));
#15394=CARTESIAN_POINT('',(6.3565053481993,17.8379639493268,26.10005066233));
#15395=CARTESIAN_POINT('Origin',(5.8674315478324,17.7340081039179,14.60005066233));
#15396=CARTESIAN_POINT('Origin',(5.91940947053684,17.4894712037345,26.30005066233));
#15397=CARTESIAN_POINT('',(6.46046119360818,17.3488901489599,26.30005066233));
#15398=CARTESIAN_POINT('Origin',(5.97138739324128,17.244934303551,26.30005066233));
#15399=CARTESIAN_POINT('',(6.40848327090374,17.5934270491434,26.30005066233));
#15400=CARTESIAN_POINT('Origin',(3.23303820337236,17.3849866398345,14.10005066233));
#15401=CARTESIAN_POINT('',(6.14608532780867,18.4452490841441,26.30005066233));
#15402=CARTESIAN_POINT('Origin',(5.67623901741572,18.2742390124812,26.30005066233));
#15403=CARTESIAN_POINT('',(6.14608532780867,18.4452490841441,14.60005066233));
#15404=CARTESIAN_POINT('',(6.14608532780867,18.4452490841441,26.10005066233));
#15405=CARTESIAN_POINT('Origin',(5.67623901741572,18.2742390124812,14.60005066233));
#15406=CARTESIAN_POINT('Origin',(5.76174405324714,18.0393158572848,26.30005066233));
#15407=CARTESIAN_POINT('',(6.31709539947151,17.9754027737511,26.30005066233));
#15408=CARTESIAN_POINT('Origin',(5.84724908907855,17.8043927020883,26.30005066233));
#15409=CARTESIAN_POINT('',(6.23159036364009,18.2103259289476,26.30005066233));
#15410=CARTESIAN_POINT('Origin',(5.99901691334275,16.3510317326171,26.30005066233));
#15411=CARTESIAN_POINT('',(6.48035982003663,16.0667624831801,26.30005066233));
#15412=CARTESIAN_POINT('Origin',(5.98157779490672,16.1016407200522,26.30005066233));
#15413=CARTESIAN_POINT('',(6.51523805690869,16.56554450831,26.30005066233));
#15414=CARTESIAN_POINT('',(6.49779893847266,16.3161534957451,26.30005066233));
#15415=CARTESIAN_POINT('Origin',(6.01645603177878,16.6004227451821,26.30005066233));
#15416=CARTESIAN_POINT('Origin',(3.38791126423117,16.2830075517869,26.10005066233));
#15417=CARTESIAN_POINT('',(6.48035982003663,16.0667624831801,14.60005066233));
#15418=CARTESIAN_POINT('Origin',(5.98157779490672,16.1016407200522,14.60005066233));
#15419=CARTESIAN_POINT('',(6.48035982003663,16.0667624831801,26.10005066233));
#15420=CARTESIAN_POINT('Origin',(5.99029735412473,16.2263362263346,14.60005066233));
#15421=CARTESIAN_POINT('',(6.51523805690869,16.56554450831,14.60005066233));
#15422=CARTESIAN_POINT('Origin',(6.01645603177878,16.6004227451821,14.60005066233));
#15423=CARTESIAN_POINT('',(6.48907937925464,16.1914579894626,14.60005066233));
#15424=CARTESIAN_POINT('Origin',(3.42278950110323,16.7817895769168,14.10005066233));
#15425=CARTESIAN_POINT('',(6.51523805690869,16.56554450831,26.10005066233));
#15426=CARTESIAN_POINT('Origin',(6.49779893847266,16.3161534957451,20.10005066233));
#15427=CARTESIAN_POINT('Origin',(3.42278950110323,16.4922769712173,26.10005066233));
#15428=CARTESIAN_POINT('',(6.51523805690868,16.7085220398241,14.60005066233));
#15429=CARTESIAN_POINT('Origin',(6.01645603177877,16.673643802952,14.60005066233));
#15430=CARTESIAN_POINT('',(6.51523805690868,16.7085220398241,26.10005066233));
#15431=CARTESIAN_POINT('Origin',(3.42820363133338,16.7043639074249,26.10005066233));
#15432=CARTESIAN_POINT('',(6.46046119360818,17.3488901489599,14.60005066233));
#15433=CARTESIAN_POINT('Origin',(5.97138739324128,17.244934303551,14.60005066233));
#15434=CARTESIAN_POINT('',(6.46046119360818,17.3488901489599,26.10005066233));
#15435=CARTESIAN_POINT('Origin',(5.94539843188906,17.3672027536428,14.60005066233));
#15436=CARTESIAN_POINT('',(6.43447223225596,17.4711585990516,14.60005066233));
#15437=CARTESIAN_POINT('Origin',(6.40848327090374,17.5934270491434,20.10005066233));
#15438=CARTESIAN_POINT('Origin',(3.40404827503519,16.9151403294415,26.10005066233));
#15439=CARTESIAN_POINT('',(6.31709539947151,17.9754027737511,14.60005066233));
#15440=CARTESIAN_POINT('Origin',(5.84724908907855,17.8043927020883,14.60005066233));
#15441=CARTESIAN_POINT('',(6.31709539947151,17.9754027737511,26.10005066233));
#15442=CARTESIAN_POINT('Origin',(5.80449657116285,17.9218542796865,14.60005066233));
#15443=CARTESIAN_POINT('',(6.2743428815558,18.0928643513494,14.60005066233));
#15444=CARTESIAN_POINT('Origin',(6.23159036364009,18.2103259289476,20.10005066233));
#15445=CARTESIAN_POINT('Origin',(6.00773647256076,16.7983393092345,14.60005066233));
#15446=CARTESIAN_POINT('',(6.50651849769067,16.8332175461066,14.60005066233));
#15447=CARTESIAN_POINT('Origin',(6.49779893847265,16.9579130523891,20.10005066233));
#15448=CARTESIAN_POINT('',(0.,0.,0.));
#15449=UNCERTAINTY_MEASURE_WITH_UNIT(LENGTH_MEASURE(0.01),#15455,
'DISTANCE_ACCURACY_VALUE',
'Maximum model space distance between geometric entities at asserted c
onnectivities');
#15450=UNCERTAINTY_MEASURE_WITH_UNIT(LENGTH_MEASURE(0.01),#15455,
'DISTANCE_ACCURACY_VALUE',
'Maximum model space distance between geometric entities at asserted c
onnectivities');
#15451=UNCERTAINTY_MEASURE_WITH_UNIT(LENGTH_MEASURE(0.01),#15455,
'DISTANCE_ACCURACY_VALUE',
'Maximum model space distance between geometric entities at asserted c
onnectivities');
#15452=(
GEOMETRIC_REPRESENTATION_CONTEXT(3)
GLOBAL_UNCERTAINTY_ASSIGNED_CONTEXT((#15449))
GLOBAL_UNIT_ASSIGNED_CONTEXT((#15455,#15457,#15458))
REPRESENTATION_CONTEXT('','3D')
);
#15453=(
GEOMETRIC_REPRESENTATION_CONTEXT(3)
GLOBAL_UNCERTAINTY_ASSIGNED_CONTEXT((#15450))
GLOBAL_UNIT_ASSIGNED_CONTEXT((#15455,#15457,#15458))
REPRESENTATION_CONTEXT('','3D')
);
#15454=(
GEOMETRIC_REPRESENTATION_CONTEXT(3)
GLOBAL_UNCERTAINTY_ASSIGNED_CONTEXT((#15451))
GLOBAL_UNIT_ASSIGNED_CONTEXT((#15455,#15457,#15458))
REPRESENTATION_CONTEXT('','3D')
);
#15455=(
LENGTH_UNIT()
NAMED_UNIT(*)
SI_UNIT(.MILLI.,.METRE.)
);
#15456=(
LENGTH_UNIT()
NAMED_UNIT(*)
SI_UNIT($,.METRE.)
);
#15457=(
NAMED_UNIT(*)
PLANE_ANGLE_UNIT()
SI_UNIT($,.RADIAN.)
);
#15458=(
NAMED_UNIT(*)
SI_UNIT($,.STERADIAN.)
SOLID_ANGLE_UNIT()
);
#15459=SHAPE_DEFINITION_REPRESENTATION(#15461,#15464);
#15460=SHAPE_DEFINITION_REPRESENTATION(#15462,#15465);
#15461=PRODUCT_DEFINITION_SHAPE('',$,#15467);
#15462=PRODUCT_DEFINITION_SHAPE('',$,#15468);
#15463=PRODUCT_DEFINITION_SHAPE($,$,#16);
#15464=SHAPE_REPRESENTATION('',(#8460,#9221),#15452);
#15465=SHAPE_REPRESENTATION('',(#8461),#15453);
#15466=PRODUCT_DEFINITION_CONTEXT('part definition',#15474,'design');
#15467=PRODUCT_DEFINITION('MacropadCase (Assembly)',
'MacropadCase (Assembly) v7',#15469,#15466);
#15468=PRODUCT_DEFINITION('MacropadCase','MacropadCase v1',#15470,#15466);
#15469=PRODUCT_DEFINITION_FORMATION('',$,#15476);
#15470=PRODUCT_DEFINITION_FORMATION('',$,#15477);
#15471=PRODUCT_RELATED_PRODUCT_CATEGORY('MacropadCase (Assembly) v7',
'MacropadCase (Assembly) v7',(#15476));
#15472=PRODUCT_RELATED_PRODUCT_CATEGORY('MacropadCase v1',
'MacropadCase v1',(#15477));
#15473=APPLICATION_PROTOCOL_DEFINITION('international standard',
'automotive_design',2009,#15474);
#15474=APPLICATION_CONTEXT(
'Core Data for Automotive Mechanical Design Process');
#15475=PRODUCT_CONTEXT('part definition',#15474,'mechanical');
#15476=PRODUCT('MacropadCase (Assembly)','MacropadCase (Assembly) v7',$,
(#15475));
#15477=PRODUCT('MacropadCase','MacropadCase v1',$,(#15475));
#15478=PRESENTATION_STYLE_ASSIGNMENT((#15479));
#15479=SURFACE_STYLE_USAGE(.BOTH.,#15480);
#15480=SURFACE_SIDE_STYLE('',(#15481));
#15481=SURFACE_STYLE_FILL_AREA(#15482);
#15482=FILL_AREA_STYLE('Steel - Satin',(#15483));
#15483=FILL_AREA_STYLE_COLOUR('Steel - Satin',#15484);
#15484=COLOUR_RGB('Steel - Satin',0.627450980392157,0.627450980392157,0.627450980392157);
ENDSEC;
END-ISO-10303-21;
